FileName,LastModified
Colors - Leagues.csv,2026-10-01 22:55:18
Colors - Teams.csv,2026-10-01 22:55:18
Divisions.csv,2026-10-01 22:55:18
DraftPicks_AllYears.csv,2026-10-01 22:55:18
Drafts_AllYears.csv,2026-10-01 22:55:18
FuturePicks_Current.csv,2026-10-01 22:55:18
LastUpdate.csv,2026-10-01 22:55:18
LeagueIDs_AllYears.csv,2026-10-01 22:55:18
LeagueShortNames.csv,2026-10-01 22:55:18
Lineup.csv,2026-10-01 22:55:18
LineupStreaks_Season.csv,2026-10-01 22:55:18
Matchups_Historic.csv,2026-10-01 22:55:18
Matchups_Season.csv,2026-10-01 22:55:18
Matchups_Week.csv,2026-10-01 22:55:18
MaxPoints_Season.csv,2026-10-01 22:55:18
NFLState.json,2026-10-01 22:55:30
Orphans.csv,2026-10-01 22:55:18
OverallStandings_Season.csv,2026-10-01 22:55:18
PickValues_Current.csv,2026-10-01 22:55:18
PlayerValues_Current.csv,2026-10-01 22:55:18
PlayerValues_Season.csv,2026-10-01 22:55:18
Players.csv,2026-10-01 22:55:18
Postseason_Season.csv,2026-10-01 22:55:18
Results_RegularSeason.csv,2026-10-01 22:55:18
RosterOwners_LastSeen.csv,2026-10-01 22:55:18
RosterValues_Season.csv,2026-10-01 22:55:31
Rosters_Current.csv,2026-10-01 22:55:18
Rosters_Players_AllYears.csv,2026-10-01 22:55:18
Scores.csv,2026-10-01 22:55:18
Scores_Historic.csv,2026-10-01 22:55:18
Scores_Season.csv,2026-10-01 22:55:18
Scores_Week.csv,2026-10-01 22:55:18
ScoringSettings.csv,2026-10-01 22:55:18
Standings_Historic.csv,2026-10-01 22:55:18
Standings_Season.csv,2026-10-01 22:55:18
TeamRegions.csv,2026-10-01 22:55:18
Teams.csv,2026-10-01 22:55:18
Transactions_AllYears.csv,2026-10-01 22:55:18
WeeklyAwards_Season.csv,2026-10-01 22:55:18
Weeks.csv,2026-10-01 22:55:18
rebuild_scores_historic.py,2026-10-01 22:55:18
