Year,LeagueID,LeagueName,Week,RosterID,OwnerID,OwnerName,OpponentRosterID,OpponentName,PointsFor,PointsAgainst,Outcome,IsRegularSeason,StarterPoints,BenchPoints
2026,1331775206619885568,NCAA BIG EAST & CO.,3,1,1087519270663258112,sblau24,8,Claser,142.02,156.88,Loss,True,142.02,0.0
2026,1331775206619885568,NCAA BIG EAST & CO.,3,8,456167283761344512,Claser,1,sblau24,156.88,142.02,Win,True,156.88,-0.0
2026,1331775206619885568,NCAA BIG EAST & CO.,3,2,1171256102760251392,hurlken,7,CodeKhaos,64.14,177.74,Loss,True,64.14,-0.0
2026,1331775206619885568,NCAA BIG EAST & CO.,3,7,456159345906806784,CodeKhaos,2,hurlken,177.74,64.14,Win,True,177.74,0.0
2026,1331775206619885568,NCAA BIG EAST & CO.,3,3,718415247781732352,averagedude23,10,MacATac,121.1,111.3,Win,True,121.1,0.0
2026,1331775206619885568,NCAA BIG EAST & CO.,3,10,1336086766108549120,MacATac,3,averagedude23,111.3,121.1,Loss,True,111.3,-0.0
2026,1331775206619885568,NCAA BIG EAST & CO.,3,4,456129190995947520,vinceA762,12,ryno,133.92,110.96,Win,True,133.92,0.0
2026,1331775206619885568,NCAA BIG EAST & CO.,3,12,64174089933570048,ryno,4,vinceA762,110.96,133.92,Loss,True,110.96,0.0
2026,1331775206619885568,NCAA BIG EAST & CO.,3,5,836025225756934144,NastyS8ntChance,11,Ianiners,116.18,127.34,Loss,True,116.18,-0.0
2026,1331775206619885568,NCAA BIG EAST & CO.,3,11,456182244336201728,Ianiners,5,NastyS8ntChance,127.34,116.18,Win,True,127.34,0.0
2026,1331775206619885568,NCAA BIG EAST & CO.,3,6,443323427143544832,joonbug,9,JEANTY,161.98,135.9,Win,True,161.98,-0.0
2026,1331775206619885568,NCAA BIG EAST & CO.,3,9,802480422482206720,JEANTY,6,joonbug,135.9,161.98,Loss,True,135.9,0.0
2026,1331775170712444928,NCAA SEC,3,1,441458152391569408,tedman546,9,Neilsondug,73.32,82.38,Loss,True,73.32,0.0
2026,1331775170712444928,NCAA SEC,3,9,1136057205582667776,Neilsondug,1,tedman546,82.38,73.32,Win,True,82.38,0.0
2026,1331775170712444928,NCAA SEC,3,2,508516852143693824,errand,6,thatmansanti,138.56,135.86,Win,True,138.56,0.0
2026,1331775170712444928,NCAA SEC,3,6,510556455562792960,thatmansanti,2,errand,135.86,138.56,Loss,True,135.86,0.0
2026,1331775170712444928,NCAA SEC,3,3,457957045534978048,ChadLowe,8,Stumpy44,132.94,145.76,Loss,True,132.94,0.0
2026,1331775170712444928,NCAA SEC,3,8,970737030692937728,Stumpy44,3,ChadLowe,145.76,132.94,Win,True,145.76,0.0
2026,1331775170712444928,NCAA SEC,3,4,1289101953728540672,egbdf,5,ryank45,171.54,119.24,Win,True,171.54,-0.0
2026,1331775170712444928,NCAA SEC,3,5,562032371824951296,ryank45,4,egbdf,119.24,171.54,Loss,True,119.24,-0.0
2026,1331775170712444928,NCAA SEC,3,7,461680102409760768,kodakjack,10,Orphan,125.78,142.1,Loss,True,125.78,0.0
2026,1331775170712444928,NCAA SEC,3,10,Orphan,Orphan,7,kodakjack,142.1,125.78,Win,True,142.1,0.0
2026,1331775170712444928,NCAA SEC,3,11,560284880620699648,devbovino,12,JosephMarin07,92.64,93.96,Loss,True,92.64,0.0
2026,1331775170712444928,NCAA SEC,3,12,445468333035220992,JosephMarin07,11,devbovino,93.96,92.64,Win,True,93.96,0.0
2026,1331775106527006720,NCAA PAC 12,3,1,917575404431831040,nshox2,2,KamaraGOAT41,121.54,132.68,Loss,True,121.54,0.0
2026,1331775106527006720,NCAA PAC 12,3,2,709857172258881536,KamaraGOAT41,1,nshox2,132.68,121.54,Win,True,132.68,0.0
2026,1331775106527006720,NCAA PAC 12,3,3,470320542868566016,Dunebuggy619,10,ImagineWiigons,119.78,89.7,Win,True,119.78,-0.0
2026,1331775106527006720,NCAA PAC 12,3,10,534619662650601472,ImagineWiigons,3,Dunebuggy619,89.7,119.78,Loss,True,89.7,0.0
2026,1331775106527006720,NCAA PAC 12,3,4,477666723663704064,chzhead412,6,samggannon,165.88,143.84,Win,True,165.88,0.0
2026,1331775106527006720,NCAA PAC 12,3,6,338823136923381760,samggannon,4,chzhead412,143.84,165.88,Loss,True,143.84,0.0
2026,1331775106527006720,NCAA PAC 12,3,5,454372407956729856,laynemercer,9,ScottyW13,137.58,80.54,Win,True,137.58,0.0
2026,1331775106527006720,NCAA PAC 12,3,9,519390092788297728,ScottyW13,5,laynemercer,80.54,137.58,Loss,True,80.54,0.0
2026,1331775106527006720,NCAA PAC 12,3,7,597246797479469056,wrightc214,11,seniormeow,145.64,123.86,Win,True,145.64,-0.0
2026,1331775106527006720,NCAA PAC 12,3,11,76460245878456320,seniormeow,7,wrightc214,123.86,145.64,Loss,True,123.86,0.0
2026,1331775106527006720,NCAA PAC 12,3,8,460348260653985792,keppin,12,lmerkouSaints,183.96,122.18,Win,True,183.96,0.0
2026,1331775106527006720,NCAA PAC 12,3,12,450806182555152384,lmerkouSaints,8,keppin,122.18,183.96,Loss,True,122.18,0.0
2026,1331774915392577536,NCAA ACC,3,1,571754879825395712,ChrisW21,3,spendawg,148.14,159.48,Loss,True,148.14,0.0
2026,1331774915392577536,NCAA ACC,3,3,870105403659309056,spendawg,1,ChrisW21,159.48,148.14,Win,True,159.48,-0.0
2026,1331774915392577536,NCAA ACC,3,2,568115266901286912,MattyBent,9,markandrewsisthegoat,119.54,100.34,Win,True,119.54,0.0
2026,1331774915392577536,NCAA ACC,3,9,668318967567323136,markandrewsisthegoat,2,MattyBent,100.34,119.54,Loss,True,100.34,0.0
2026,1331774915392577536,NCAA ACC,3,4,455836851501002752,landonh12,7,fatalbeast,124.98,110.92,Win,True,124.98,0.0
2026,1331774915392577536,NCAA ACC,3,7,453658285061435392,fatalbeast,4,landonh12,110.92,124.98,Loss,True,110.92,-0.0
2026,1331774915392577536,NCAA ACC,3,5,468618720470626304,Yarby,6,WhiskyScientist,138.36,125.84,Win,True,138.36,0.0
2026,1331774915392577536,NCAA ACC,3,6,463453800313647104,WhiskyScientist,5,Yarby,125.84,138.36,Loss,True,125.84,0.0
2026,1331774915392577536,NCAA ACC,3,8,456168604006608896,eperedetto,12,dilbennett,113.36,186.44,Loss,True,113.36,0.0
2026,1331774915392577536,NCAA ACC,3,12,302575527556825088,dilbennett,8,eperedetto,186.44,113.36,Win,True,186.44,0.0
2026,1331774915392577536,NCAA ACC,3,10,1357479935924510720,EerieHush,11,Campbell8,149.4,117.56,Win,True,149.4,0.0
2026,1331774915392577536,NCAA ACC,3,11,458070829909929984,Campbell8,10,EerieHush,117.56,149.4,Loss,True,117.56,0.0
2026,1331774880181399552,NCAA BIG 12,3,1,Orphan,Orphan,6,elianbruger,75.66,129.64,Loss,True,75.66,0.0
2026,1331774880181399552,NCAA BIG 12,3,6,335910160469880832,elianbruger,1,Orphan,129.64,75.66,Win,True,129.64,0.0
2026,1331774880181399552,NCAA BIG 12,3,2,667752373111824384,trev7293,12,Gangly22,126.64,107.74,Win,True,126.64,0.0
2026,1331774880181399552,NCAA BIG 12,3,12,820771678849171456,Gangly22,2,trev7293,107.74,126.64,Loss,True,107.74,0.0
2026,1331774880181399552,NCAA BIG 12,3,3,533541056352481280,DavidJimm,7,Frankeen,99.88,156.48,Loss,True,99.88,0.0
2026,1331774880181399552,NCAA BIG 12,3,7,425386065373691904,Frankeen,3,DavidJimm,156.48,99.88,Win,True,156.48,0.0
2026,1331774880181399552,NCAA BIG 12,3,4,425362114291437568,deadheadshane,8,alicho,172.34,141.76,Win,True,172.34,0.0
2026,1331774880181399552,NCAA BIG 12,3,8,543929284962770944,alicho,4,deadheadshane,141.76,172.34,Loss,True,141.76,0.0
2026,1331774880181399552,NCAA BIG 12,3,5,464117743042424832,robertlouis7,11,CousinMose15,174.18,144.24,Win,True,174.18,0.0
2026,1331774880181399552,NCAA BIG 12,3,11,619190004979138560,CousinMose15,5,robertlouis7,144.24,174.18,Loss,True,144.24,0.0
2026,1331774880181399552,NCAA BIG 12,3,9,453711063846744064,rchau56,10,FalconsRULE7,110.56,80.18,Win,True,110.56,0.0
2026,1331774880181399552,NCAA BIG 12,3,10,989926421084557312,FalconsRULE7,9,rchau56,80.18,110.56,Loss,True,80.18,0.0
2026,1331774846710849536,NCAA SUN BELT,3,1,751973682779508736,bruceble,12,utsa,154.52,121.04,Win,True,154.52,0.0
2026,1331774846710849536,NCAA SUN BELT,3,12,465297932204109824,utsa,1,bruceble,121.04,154.52,Loss,True,121.04,0.0
2026,1331774846710849536,NCAA SUN BELT,3,2,873461886535036928,Tommybuckets000,8,yoboihawks,124.84,135.88,Loss,True,124.84,0.0
2026,1331774846710849536,NCAA SUN BELT,3,8,441362521463451648,yoboihawks,2,Tommybuckets000,135.88,124.84,Win,True,135.88,0.0
2026,1331774846710849536,NCAA SUN BELT,3,3,739765296801390592,claym89,7,alphabeasttt,117.06,146.98,Loss,True,117.06,0.0
2026,1331774846710849536,NCAA SUN BELT,3,7,547214728132608000,alphabeasttt,3,claym89,146.98,117.06,Win,True,146.98,0.0
2026,1331774846710849536,NCAA SUN BELT,3,4,447283305738399744,lucchityler,6,Raidersforte,89.26,130.58,Loss,True,89.26,0.0
2026,1331774846710849536,NCAA SUN BELT,3,6,465019661495300096,Raidersforte,4,lucchityler,130.58,89.26,Win,True,130.58,0.0
2026,1331774846710849536,NCAA SUN BELT,3,5,546466738316963840,PackMan1212,10,Fr3shBC11,127.42,100.28,Win,True,127.42,0.0
2026,1331774846710849536,NCAA SUN BELT,3,10,441330448283463680,Fr3shBC11,5,PackMan1212,100.28,127.42,Loss,True,100.28,0.0
2026,1331774846710849536,NCAA SUN BELT,3,9,380128482900062208,denvermanning,11,Resolhjk,175.74,120.36,Win,True,175.74,0.0
2026,1331774846710849536,NCAA SUN BELT,3,11,1235453121577111552,Resolhjk,9,denvermanning,120.36,175.74,Loss,True,120.36,-0.0
2026,1331774804222545920,NCAA PIONEER,3,1,993737529142693888,doseofthestars,8,CrownMeKing,121.94,123.04,Loss,True,121.94,-0.0
2026,1331774804222545920,NCAA PIONEER,3,8,339931221767249920,CrownMeKing,1,doseofthestars,123.04,121.94,Win,True,123.04,0.0
2026,1331774804222545920,NCAA PIONEER,3,2,468638573403303936,DownLoMoJo,3,MyFingerPoints,138.38,148.6,Loss,True,138.38,0.0
2026,1331774804222545920,NCAA PIONEER,3,3,459110344502013952,MyFingerPoints,2,DownLoMoJo,148.6,138.38,Win,True,148.6,0.0
2026,1331774804222545920,NCAA PIONEER,3,4,439351925129867264,Daphud,7,Ortizz,124.14,111.86,Win,True,124.14,-0.0
2026,1331774804222545920,NCAA PIONEER,3,7,398884413687001088,Ortizz,4,Daphud,111.86,124.14,Loss,True,111.86,-0.0
2026,1331774804222545920,NCAA PIONEER,3,5,432164755709370368,EBurkhart,11,FatPat1251,113.56,169.86,Loss,True,113.56,0.0
2026,1331774804222545920,NCAA PIONEER,3,11,325873712534421504,FatPat1251,5,EBurkhart,169.86,113.56,Win,True,169.86,0.0
2026,1331774804222545920,NCAA PIONEER,3,6,455753261765357568,BDAVIS309,9,DictatorBerry,145.92,122.94,Win,True,145.92,-0.0
2026,1331774804222545920,NCAA PIONEER,3,9,602687087556231168,DictatorBerry,6,BDAVIS309,122.94,145.92,Loss,True,122.94,0.0
2026,1331774804222545920,NCAA PIONEER,3,10,315736569111650304,JMullen175,12,YikesOnBikes,130.4,131.32,Loss,True,130.4,0.0
2026,1331774804222545920,NCAA PIONEER,3,12,739984250304135168,YikesOnBikes,10,JMullen175,131.32,130.4,Win,True,131.32,0.0
2026,1331774741488369664,NCAA IVY,3,1,470912510262767616,FlynnD,9,BrynJ9618,127.98,106.72,Win,True,127.98,0.0
2026,1331774741488369664,NCAA IVY,3,9,1402806331622043648,BrynJ9618,1,FlynnD,106.72,127.98,Loss,True,106.72,0.0
2026,1331774741488369664,NCAA IVY,3,2,730628287012921344,KennethNZ,4,alecgagnon2001,127.84,133.14,Loss,True,127.84,-0.0
2026,1331774741488369664,NCAA IVY,3,4,570803989783429120,alecgagnon2001,2,KennethNZ,133.14,127.84,Win,True,133.14,0.0
2026,1331774741488369664,NCAA IVY,3,3,480124073456693248,Jrodr71,11,jtheadrick98,125.1,162.76,Loss,True,125.1,-0.0
2026,1331774741488369664,NCAA IVY,3,11,460895027179024384,jtheadrick98,3,Jrodr71,162.76,125.1,Win,True,162.76,0.0
2026,1331774741488369664,NCAA IVY,3,5,395321276102627328,ccassidy,7,Hambnr,133.14,113.86,Win,True,133.14,0.0
2026,1331774741488369664,NCAA IVY,3,7,1135784589957652480,Hambnr,5,ccassidy,113.86,133.14,Loss,True,113.86,0.0
2026,1331774741488369664,NCAA IVY,3,6,1017588201080369152,Iloveyyounghoes,10,BLACK93BOIZS,131.04,104.44,Win,True,131.04,0.0
2026,1331774741488369664,NCAA IVY,3,10,1142198466060402688,BLACK93BOIZS,6,Iloveyyounghoes,104.44,131.04,Loss,True,104.44,0.0
2026,1331774741488369664,NCAA IVY,3,8,461688192555282432,PhilupMynuts,12,cobrapanther99,152.24,161.48,Loss,True,152.24,0.0
2026,1331774741488369664,NCAA IVY,3,12,464595147808567296,cobrapanther99,8,PhilupMynuts,161.48,152.24,Win,True,161.48,0.0
2026,1331774695346823168,NCAA USA,3,1,389658700735868928,dh671,3,Botro,115.42,127.32,Loss,True,115.42,0.0
2026,1331774695346823168,NCAA USA,3,3,599286882408394752,Botro,1,dh671,127.32,115.42,Win,True,127.32,-0.0
2026,1331774695346823168,NCAA USA,3,2,Orphan,Orphan,9,masshole4eva,118.48,129.1,Loss,True,118.48,0.0
2026,1331774695346823168,NCAA USA,3,9,787224085817044992,masshole4eva,2,Orphan,129.1,118.48,Win,True,129.1,0.0
2026,1331774695346823168,NCAA USA,3,4,692542511834558464,GRIDIRONGANG81,11,bshouseman,205.38,77.94,Win,True,205.38,0.0
2026,1331774695346823168,NCAA USA,3,11,460257215329071104,bshouseman,4,GRIDIRONGANG81,77.94,205.38,Loss,True,77.94,0.0
2026,1331774695346823168,NCAA USA,3,5,866509840124641280,JustTouchdown1221,7,arandrea,138.88,152.16,Loss,True,138.88,0.0
2026,1331774695346823168,NCAA USA,3,7,81535409754357760,arandrea,5,JustTouchdown1221,152.16,138.88,Win,True,152.16,0.0
2026,1331774695346823168,NCAA USA,3,6,560611777479667712,PatrickT21,8,krichknowsbest,111.06,157.74,Loss,True,111.06,0.0
2026,1331774695346823168,NCAA USA,3,8,605439246030925824,krichknowsbest,6,PatrickT21,157.74,111.06,Win,True,157.74,0.0
2026,1331774695346823168,NCAA USA,3,10,590358219562455040,Woolley69,12,BroncoZzz,104.34,131.98,Loss,True,104.34,-0.0
2026,1331774695346823168,NCAA USA,3,12,650627977721245696,BroncoZzz,10,Woolley69,131.98,104.34,Win,True,131.98,-0.0
2026,1331774630620332032,NCAA HISTORICALLY BLACK,3,1,471427194132885504,PhantomXX,9,Pookieboom,129.66,105.0,Win,True,129.66,0.0
2026,1331774630620332032,NCAA HISTORICALLY BLACK,3,9,1260322259726249984,Pookieboom,1,PhantomXX,105.0,129.66,Loss,True,105.0,0.0
2026,1331774630620332032,NCAA HISTORICALLY BLACK,3,2,1240179381624655872,B41Pakman,7,StrikerS091,101.16,108.5,Loss,True,101.16,0.0
2026,1331774630620332032,NCAA HISTORICALLY BLACK,3,7,519728067978186752,StrikerS091,2,B41Pakman,108.5,101.16,Win,True,108.5,0.0
2026,1331774630620332032,NCAA HISTORICALLY BLACK,3,3,640052303377952768,lcummings,5,DaMagic436,88.4,138.08,Loss,True,88.4,0.0
2026,1331774630620332032,NCAA HISTORICALLY BLACK,3,5,1072700435921838080,DaMagic436,3,lcummings,138.08,88.4,Win,True,138.08,0.0
2026,1331774630620332032,NCAA HISTORICALLY BLACK,3,4,471080793406435328,memphismaniac,12,scoobydaeaglemahomes,143.84,137.38,Win,True,143.84,-0.0
2026,1331774630620332032,NCAA HISTORICALLY BLACK,3,12,520088376557371392,scoobydaeaglemahomes,4,memphismaniac,137.38,143.84,Loss,True,137.38,0.0
2026,1331774630620332032,NCAA HISTORICALLY BLACK,3,6,692168840821411840,DeanFalcon,10,bb7661KING,122.04,110.34,Win,True,122.04,0.0
2026,1331774630620332032,NCAA HISTORICALLY BLACK,3,10,694233255825719296,bb7661KING,6,DeanFalcon,110.34,122.04,Loss,True,110.34,0.0
2026,1331774630620332032,NCAA HISTORICALLY BLACK,3,8,467835045181124608,wblack2012,11,Jerryb83,143.98,152.78,Loss,True,143.98,-0.0
2026,1331774630620332032,NCAA HISTORICALLY BLACK,3,11,327614483000217600,Jerryb83,8,wblack2012,152.78,143.98,Win,True,152.78,0.0
2026,1331774599196585984,NCAA MOUNTAIN WEST,3,1,596835723861082112,RicochetRay,5,Pipedawg21,153.66,122.24,Win,True,153.66,-0.0
2026,1331774599196585984,NCAA MOUNTAIN WEST,3,5,1124191785678430208,Pipedawg21,1,RicochetRay,122.24,153.66,Loss,True,122.24,0.0
2026,1331774599196585984,NCAA MOUNTAIN WEST,3,2,463106510101147648,jmdorsey00,6,KlondikeBar,137.44,195.26,Loss,True,137.44,0.0
2026,1331774599196585984,NCAA MOUNTAIN WEST,3,6,837430327189295104,KlondikeBar,2,jmdorsey00,195.26,137.44,Win,True,195.26,0.0
2026,1331774599196585984,NCAA MOUNTAIN WEST,3,3,560626155833876480,HonoredMexican,9,Mrhawke19,149.74,100.18,Win,True,149.74,0.0
2026,1331774599196585984,NCAA MOUNTAIN WEST,3,9,589001974318403584,Mrhawke19,3,HonoredMexican,100.18,149.74,Loss,True,100.18,0.0
2026,1331774599196585984,NCAA MOUNTAIN WEST,3,4,1132868015638532096,Biggunnz21,10,postdeezy,112.94,118.36,Loss,True,112.94,0.0
2026,1331774599196585984,NCAA MOUNTAIN WEST,3,10,1374560757252890624,postdeezy,4,Biggunnz21,118.36,112.94,Win,True,118.36,0.0
2026,1331774599196585984,NCAA MOUNTAIN WEST,3,7,604155835978944512,Vikes1819,11,bdub3,144.24,136.9,Win,True,144.24,0.0
2026,1331774599196585984,NCAA MOUNTAIN WEST,3,11,702897403514159104,bdub3,7,Vikes1819,136.9,144.24,Loss,True,136.9,-0.0
2026,1331774599196585984,NCAA MOUNTAIN WEST,3,8,325726913966395392,bkoldham,12,noahdaboa,134.08,124.1,Win,True,134.08,0.0
2026,1331774599196585984,NCAA MOUNTAIN WEST,3,12,734939566091436032,noahdaboa,8,bkoldham,124.1,134.08,Loss,True,124.1,0.0
2026,1331774544905510912,NCAA OHIO VALLEY,3,1,571753677428977664,Mistafyer,6,leathershoe4,166.14,136.92,Win,True,166.14,-0.0
2026,1331774544905510912,NCAA OHIO VALLEY,3,6,331558449374593024,leathershoe4,1,Mistafyer,136.92,166.14,Loss,True,136.92,-0.0
2026,1331774544905510912,NCAA OHIO VALLEY,3,2,601198801197260800,LMarkiewicz04,4,ethansherwood22,136.54,133.72,Win,True,136.54,-0.0
2026,1331774544905510912,NCAA OHIO VALLEY,3,4,472879969664495616,ethansherwood22,2,LMarkiewicz04,133.72,136.54,Loss,True,133.72,0.0
2026,1331774544905510912,NCAA OHIO VALLEY,3,3,468944645166985216,srcav,12,Firephool,105.22,161.04,Loss,True,105.22,0.0
2026,1331774544905510912,NCAA OHIO VALLEY,3,12,300814106795974656,Firephool,3,srcav,161.04,105.22,Win,True,161.04,0.0
2026,1331774544905510912,NCAA OHIO VALLEY,3,5,474662041341128704,Dreev,10,edgeofdefeat,102.86,111.94,Loss,True,102.86,0.0
2026,1331774544905510912,NCAA OHIO VALLEY,3,10,594242128851296256,edgeofdefeat,5,Dreev,111.94,102.86,Win,True,111.94,0.0
2026,1331774544905510912,NCAA OHIO VALLEY,3,7,635700695584043008,charlielol,9,pontes021,143.08,94.38,Win,True,143.08,0.0
2026,1331774544905510912,NCAA OHIO VALLEY,3,9,997659278062272512,pontes021,7,charlielol,94.38,143.08,Loss,True,94.38,-0.0
2026,1331774544905510912,NCAA OHIO VALLEY,3,8,426756284365160448,mooremc,11,Romantryert,127.78,143.46,Loss,True,127.78,0.0
2026,1331774544905510912,NCAA OHIO VALLEY,3,11,638193564806897664,Romantryert,8,mooremc,143.46,127.78,Win,True,143.46,0.0
2026,1331774454493122560,NCAA WILD,3,1,457579310098673664,LanceBoneau,5,FareedB,210.24,101.6,Win,True,210.24,0.0
2026,1331774454493122560,NCAA WILD,3,5,642578171354484736,FareedB,1,LanceBoneau,101.6,210.24,Loss,True,101.6,-0.0
2026,1331774454493122560,NCAA WILD,3,2,545391514915762176,Hart123,8,lmkl,124.34,110.54,Win,True,124.34,0.0
2026,1331774454493122560,NCAA WILD,3,8,462714981117325312,lmkl,2,Hart123,110.54,124.34,Loss,True,110.54,-0.0
2026,1331774454493122560,NCAA WILD,3,3,441392312380026880,4thdownTD,9,MrBarryMcCockiner,86.82,111.2,Loss,True,86.82,0.0
2026,1331774454493122560,NCAA WILD,3,9,603083535368134656,MrBarryMcCockiner,3,4thdownTD,111.2,86.82,Win,True,111.2,0.0
2026,1331774454493122560,NCAA WILD,3,4,635935003657723904,matthewitz,6,ThomasHarris,155.14,145.9,Win,True,155.14,0.0
2026,1331774454493122560,NCAA WILD,3,6,203496917160697856,ThomasHarris,4,matthewitz,145.9,155.14,Loss,True,145.9,0.0
2026,1331774454493122560,NCAA WILD,3,7,1213324396148572161,mrflack,11,TheScorer,105.5,111.84,Loss,True,105.5,-0.0
2026,1331774454493122560,NCAA WILD,3,11,1228783119826423808,TheScorer,7,mrflack,111.84,105.5,Win,True,111.84,0.0
2026,1331774454493122560,NCAA WILD,3,10,505166677990699008,olddominion2020,12,DBGiants,126.26,126.08,Win,True,126.26,0.0
2026,1331774454493122560,NCAA WILD,3,12,448446449538035712,DBGiants,10,olddominion2020,126.08,126.26,Loss,True,126.08,0.0
2026,1316899936696016896,NCAA BIG 10,3,1,465720627639087104,Mo00,4,EndZoneAllDay1,122.82,79.34,Win,True,122.82,-0.0
2026,1316899936696016896,NCAA BIG 10,3,4,1354967293209083904,EndZoneAllDay1,1,Mo00,79.34,122.82,Loss,True,79.34,0.0
2026,1316899936696016896,NCAA BIG 10,3,2,438178170542223360,EthanH,10,richardson98,133.52,167.44,Loss,True,133.52,0.0
2026,1316899936696016896,NCAA BIG 10,3,10,459225788735025152,richardson98,2,EthanH,167.44,133.52,Win,True,167.44,0.0
2026,1316899936696016896,NCAA BIG 10,3,3,437465313911500800,kfitch3p,7,linkoftime1,126.04,158.56,Loss,True,126.04,0.0
2026,1316899936696016896,NCAA BIG 10,3,7,460518714907815936,linkoftime1,3,kfitch3p,158.56,126.04,Win,True,158.56,0.0
2026,1316899936696016896,NCAA BIG 10,3,5,856759599565475840,Justahippo,8,ChAiNSmOkErTk,98.94,78.48,Win,True,98.94,0.0
2026,1316899936696016896,NCAA BIG 10,3,8,998438693570539520,ChAiNSmOkErTk,5,Justahippo,78.48,98.94,Loss,True,78.48,0.0
2026,1316899936696016896,NCAA BIG 10,3,6,460511267564548096,laxbro000,11,Schuflakka,89.94,161.38,Loss,True,89.94,-0.0
2026,1316899936696016896,NCAA BIG 10,3,11,471056290550902784,Schuflakka,6,laxbro000,161.38,89.94,Win,True,161.38,0.0
2026,1316899936696016896,NCAA BIG 10,3,9,559208653427675136,Klashified,12,chrispychicken,136.54,155.74,Loss,True,136.54,-0.0
2026,1316899936696016896,NCAA BIG 10,3,12,443870183853912064,chrispychicken,9,Klashified,155.74,136.54,Win,True,155.74,0.0
2026,1316899756005412864,NCAA BIG SKY,3,1,456258200757334016,WillyP15,2,PapaCrowther,75.24,124.72,Loss,True,75.24,0.0
2026,1316899756005412864,NCAA BIG SKY,3,2,439255136309604352,PapaCrowther,1,WillyP15,124.72,75.24,Win,True,124.72,0.0
2026,1316899756005412864,NCAA BIG SKY,3,3,449327253101211648,Beastchewy15,10,thejockytype,175.04,67.8,Win,True,175.04,0.0
2026,1316899756005412864,NCAA BIG SKY,3,10,334014945886748672,thejockytype,3,Beastchewy15,67.8,175.04,Loss,True,67.8,0.0
2026,1316899756005412864,NCAA BIG SKY,3,4,519439276311531520,Elestial,11,mgrant55,146.24,82.36,Win,True,146.24,0.0
2026,1316899756005412864,NCAA BIG SKY,3,11,604388962898866176,mgrant55,4,Elestial,82.36,146.24,Loss,True,82.36,0.0
2026,1316899756005412864,NCAA BIG SKY,3,5,465934519652839424,agrakush,7,fballfreek80,162.58,127.42,Win,True,162.58,0.0
2026,1316899756005412864,NCAA BIG SKY,3,7,78892531970359296,fballfreek80,5,agrakush,127.42,162.58,Loss,True,127.42,0.0
2026,1316899756005412864,NCAA BIG SKY,3,6,424793511431262208,Elwayluva7,9,Pinky7373,152.14,37.58,Win,True,152.14,0.0
2026,1316899756005412864,NCAA BIG SKY,3,9,448641292377780224,Pinky7373,6,Elwayluva7,37.58,152.14,Loss,True,37.58,0.0
2026,1316899756005412864,NCAA BIG SKY,3,8,437413803001376768,Vitus,12,mssullivan2022,156.56,174.3,Loss,True,156.56,0.0
2026,1316899756005412864,NCAA BIG SKY,3,12,519767126595325952,mssullivan2022,8,Vitus,174.3,156.56,Win,True,174.3,0.0
