Team,League,LeagueName,RosterID,PreviousOwnerID,PreviousOwnerName,OrphanedYear,OrphanedWeek,Status,FilledYear,FilledWeek,NewOwnerID,NewOwnerName
Texas Tech,Big 12,NCAA BIG 12,1,446530486903238656,BigSexy3422,2026,,Active,,,,
North Texas,CUSA,NCAA USA,2,464625836192952320,brooksy33,2026,,Active,,,,
South Carolina,SEC,NCAA SEC,10,738509609173684224,PigMinnow,2026,,Active,,,,
Kansas,Big 12,NCAA BIG 12,10,,,2021,,Filled,2022,,453230006181556224,Samara
Rutgers,Big East,NCAA BIG EAST & CO.,1,606287974459600896,NoOneInSite,2022,,Filled,2023,,596439270961508352,TitanUp406
USF,Big East,NCAA BIG EAST & CO.,10,525476420444688384,sleepnonmahomie,2025,,Filled,2026,,1336086766108549120,MacATac
Alabama A&M,HBCU,NCAA HISTORICALLY BLACK,2,303281379553058816,ImRickJames,2022,,Filled,2023,,726970553457537024,IndyFantasyGod
Bethune - Cookman,HBCU,NCAA HISTORICALLY BLACK,9,445360519348482048,PHINIX,2024,,Filled,2025,,1260322259726249984,Pookieboom
Grambling State,HBCU,NCAA HISTORICALLY BLACK,12,,,2021,,Filled,2022,,520088376557371392,scoobydaeaglemahomes
Harvard,Ivy,NCAA IVY,2,,,2021,,Filled,2022,,463212708402032640,Matthew12
Princeton,Ivy,NCAA IVY,10,,,2021,,Filled,2022,,587867701595119616,BlackBOI93
Yale,Ivy,NCAA IVY,9,,,2021,,Filled,2022,,446519431196045312,MarBra24
New Mexico,Mountain West,NCAA MOUNTAIN WEST,9,,,2021,,Filled,2022,,589001974318403584,Mrhawke19
UNLV,Mountain West,NCAA MOUNTAIN WEST,11,468116813004140544,ZMATH11,2022,,Filled,2023,,702897403514159104,bdub3
Jacksonville State,Ohio Valley,NCAA OHIO VALLEY,9,347683464398749696,BobbyH95,2025,,Filled,2026,,997659278062272512,pontes021
Furman,Pioneer,NCAA PIONEER,10,,,2021,,Filled,2022,,475385751685558272,Shemann20
Louisiana Tech,Sun Belt,NCAA SUN BELT,11,461681329860243456,ryanfried2,2024,,Filled,2025,,1235453121577111552,Resolhjk
Southern Miss,Sun Belt,NCAA SUN BELT,9,,,2021,,Filled,2022,,380128482900062208,denvermanning
Temple,Sun Belt,NCAA SUN BELT,1,429733810611949568,Piglet10,2025,,Filled,2026,,751973682779508736,bruceble
UNC Charlotte,Wild,NCAA WILD,12,,,2021,,Filled,2022,,448446449538035712,DBGiants
