Playoff Rank,User ID,Team,League,Points,Wins,Losses,Ties,Exp Wins,Luck,Division Place
1,linkoftime1,Minnesota,Big 10,567.04,3,0,0,2.62,0.38,1
2,RicochetRay,Hawaii,Mountain West,556.34,3,0,0,2.69,0.31,1
3,robertlouis7,Baylor,Big 12,528.74,3,0,0,2.7,0.3,1
4,dilbennett,Clemson,ACC,519.38,3,0,0,2.53,0.47,1
5,egbdf,Auburn,SEC,517.68,3,0,0,2.76,0.24,1
6,Beastchewy15,William & Mary,Big Sky,513.28,3,0,0,2.61,0.39,1
7,Frankeen,Kansas State,Big 12,513.06,3,0,0,2.7,0.3,1
8,GRIDIRONGANG81,South Alabama,CUSA,509.96,3,0,0,2.49,0.51,1
9,mssullivan2022,Youngstown State,Big Sky,507.88,3,0,0,2.63,0.37,1
10,arandrea,Middle Tennessee State,CUSA,502.08,3,0,0,2.49,0.51,1
11,jtheadrick98,Dartmouth,Ivy,479.04,3,0,0,2.56,0.44,1
12,keppin,Colorado,Pac 12,478.6,3,0,0,2.32,0.68,1
13,chzhead412,Washington State,Pac 12,477.84,3,0,0,2.56,0.44,1
14,KlondikeBar,BYU,Mountain West,474.28,3,0,0,2.29,0.71,1
15,Yarby,FSU,ACC,465.24,3,0,0,2.37,0.63,2
16,Orphan,South Carolina,SEC,457.5,3,0,0,2.21,0.79,1
17,denvermanning,Southern Miss,Sun Belt,452.82,3,0,0,2.26,0.74,1
18,spendawg,Georgia Tech,ACC,443.66,3,0,0,2.25,0.75,1
19,olddominion2020,Old Dominion,Wild,442.74,3,0,0,1.88,1.12,1
20,krichknowsbest,Arkansas State,CUSA,434.18,3,0,0,2.18,0.82,2
21,PhantomXX,North Carolina A&T,HBCU,432.94,3,0,0,2.08,0.92,1
22,vinceA762,Pittsburgh,Big East,431.32,3,0,0,2.14,0.86,1
23,charlielol,Delaware,Ohio Valley,429.34,3,0,0,2.12,0.88,1
24,Mo00,Purdue,Big 10,425.84,3,0,0,1.98,1.02,1
25,Claser,Army,Big East,417.64,3,0,0,1.95,1.05,1
26,CrownMeKing,Campbell,Pioneer,417.6,3,0,0,1.82,1.18,1
27,YikesOnBikes,Davidson,Pioneer,407.1,3,0,0,1.84,1.16,2
28,alecgagnon2001,Columbia,Ivy,400.94,3,0,0,1.77,1.23,1
29,Stumpy44,Kentucky,SEC,397.2,3,0,0,1.7,1.3,2
30,TheScorer,South Dakota,Wild,353.0,3,0,0,1.09,1.91,1
31,Justahippo,Penn State,Big 10,352.64,3,0,0,1.13,1.87,2
32,LanceBoneau,Montana,Wild,529.54,2,1,0,2.16,-0.16,2
33,thatmansanti,Mississippi State,SEC,521.08,2,1,0,2.34,-0.34,2
34,Vitus,Portland State,Big Sky,510.94,2,1,0,2.68,-0.68,2
35,wrightc214,Arizona State,Pac 12,501.72,2,1,0,2.31,-0.31,2
36,ethansherwood22,Chattanooga,Ohio Valley,493.38,2,1,0,2.46,-0.46,1
37,Resolhjk,Louisiana Tech,Sun Belt,492.24,2,1,0,2.25,-0.25,2
38,CodeKhaos,Syracuse,Big East,474.84,2,1,0,2.29,-0.29,2
39,Romantryert,North Alabama,Ohio Valley,473.34,2,1,0,2.44,-0.44,2
40,Firephool,North Carolina Central,Ohio Valley,469.3,2,1,0,2.48,-0.48,2
41,errand,LSU,SEC,465.94,2,1,0,2.25,-0.25,3
42,alicho,West Virginia,Big 12,461.88,2,1,0,2.41,-0.41,2
43,ccassidy,Georgetown,Ivy,461.2,2,1,0,2.28,-0.28,2
44,ChrisW21,Virginia,ACC,459.18,2,1,0,2.45,-0.45,2
45,MyFingerPoints,Murray State,Pioneer,457.24,2,1,0,2.11,-0.11,1
46,LMarkiewicz04,ETSU,Ohio Valley,450.58,2,1,0,2.0,0.0,3
47,DaMagic436,Florida A&M,HBCU,449.64,2,1,0,2.0,0.0,2
48,yoboihawks,Memphis,Sun Belt,446.86,2,1,0,2.21,-0.21,1
49,JustTouchdown1221,Georgia State,CUSA,439.26,2,1,0,2.12,-0.12,3
50,memphismaniac,Southern,HBCU,436.2,2,1,0,2.19,-0.19,1
51,lmerkouSaints,UCLA,Pac 12,434.68,2,1,0,2.02,-0.02,3
52,FatPat1251,UT Martin,Pioneer,433.98,2,1,0,2.07,-0.07,2
53,EerieHush,NC State,ACC,432.76,2,1,0,1.95,0.05,3
54,bkoldham,Colorado State,Mountain West,431.72,2,1,0,1.97,0.03,2
55,bruceble,Temple,Sun Belt,428.34,2,1,0,2.08,-0.08,2
56,agrakush,Stony Brook,Big Sky,424.32,2,1,0,2.02,-0.02,2
57,joonbug,Coastal Carolina,Big East,419.92,2,1,0,1.93,0.07,2
58,wblack2012,Alcorn State,HBCU,419.46,2,1,0,1.81,0.19,2
59,Schuflakka,Iowa,Big 10,418.52,2,1,0,1.94,0.06,2
60,Dunebuggy619,Oregon State,Pac 12,416.56,2,1,0,1.72,0.28,2
61,BDAVIS309,SE Missouri State,Pioneer,415.04,2,1,0,1.94,0.06,3
62,alphabeasttt,Georgia Southern,Sun Belt,414.42,2,1,0,1.9,0.1,3
63,cobrapanther99,Cornell,Ivy,414.12,2,1,0,1.87,0.13,2
64,richardson98,Illinois,Big 10,413.44,2,1,0,1.8,0.2,3
65,Mistafyer,Belmont,Ohio Valley,410.3,2,1,0,1.85,0.15,4
66,Raidersforte,Tulsa,Sun Belt,408.02,2,1,0,1.84,0.16,3
67,JMullen175,Furman,Pioneer,405.88,2,1,0,1.77,0.23,3
68,noahdaboa,San Diego State,Mountain West,404.08,2,1,0,1.73,0.27,3
69,Elestial,Eastern Washington,Big Sky,400.18,2,1,0,1.77,0.23,3
70,DictatorBerry,Austin Peay,Pioneer,398.1,2,1,0,1.64,0.36,4
71,Iloveyyounghoes,Lehigh,Ivy,395.2,2,1,0,1.68,0.32,3
72,utsa,UTSA,Sun Belt,393.92,2,1,0,1.56,0.44,4
73,lcummings,Delaware State,HBCU,393.68,2,1,0,1.67,0.33,3
74,StrikerS091,Mississippi Valley State,HBCU,387.68,2,1,0,1.33,0.67,3
75,Hart123,James Madison,Wild,384.18,2,1,0,1.53,0.47,2
76,kodakjack,Georgia,SEC,378.32,2,1,0,1.42,0.58,3
77,FlynnD,Brown,Ivy,374.28,2,1,0,1.42,0.58,3
78,Ianiners,Navy,Big East,373.28,2,1,0,1.39,0.61,3
79,DBGiants,UNC Charlotte,Wild,370.24,2,1,0,1.34,0.66,3
80,bdub3,UNLV,Mountain West,369.7,2,1,0,1.32,0.68,2
81,FareedB,Wichita State,Wild,360.54,2,1,0,1.21,0.79,3
82,elianbruger,Texas,Big 12,360.08,2,1,0,1.18,0.82,3
83,trev7293,Iowa State,Big 12,359.36,2,1,0,1.34,0.66,2
84,BroncoZzz,Louisiana Monroe,CUSA,359.3,2,1,0,1.29,0.71,2
85,edgeofdefeat,Monmouth,Ohio Valley,351.92,2,1,0,1.19,0.81,3
86,Woolley69,Florida International,CUSA,344.4,2,1,0,1.01,0.99,3
87,PackMan1212,Marshall,Sun Belt,339.64,2,1,0,1.12,0.88,4
88,masshole4eva,Texas State,CUSA,334.3,2,1,0,0.94,1.06,4
89,fballfreek80,Richmond,Big Sky,326.7,2,1,0,0.88,1.12,3
90,DavidJimm,Missouri,Big 12,316.18,2,1,0,0.6,1.4,3
91,rchau56,Oklahoma,Big 12,298.6,2,1,0,0.51,1.49,4
92,ImagineWiigons,California,Pac 12,281.94,2,1,0,0.43,1.57,3
93,KamaraGOAT41,USC,Pac 12,453.06,1,2,0,2.17,-1.17,4
94,ThomasHarris,Eastern Michigan,Wild,443.5,1,2,0,2.16,-1.16,4
95,Klashified,Ohio State,Big 10,443.38,1,2,0,2.02,-1.02,3
96,Vikes1819,Fresno State,Mountain West,434.34,1,2,0,2.19,-1.19,3
97,deadheadshane,Texas A&M,Big 12,431.6,1,2,0,2.01,-1.01,4
98,Botro,Florida Atlantic,CUSA,426.86,1,2,0,1.77,-0.77,4
99,CousinMose15,TCU,Big 12,420.82,1,2,0,1.89,-0.89,5
100,EthanH,Nebraska,Big 10,418.1,1,2,0,1.97,-0.97,4
101,WhiskyScientist,Wake Forest,ACC,414.82,1,2,0,1.89,-0.89,4
102,JEANTY,UCF,Big East,410.58,1,2,0,1.87,-0.87,3
103,chrispychicken,Michigan,Big 10,409.7,1,2,0,1.83,-0.83,4
104,averagedude23,South Dakota State,Big East,403.5,1,2,0,1.72,-0.72,4
105,Tommybuckets000,UTEP,Sun Belt,401.2,1,2,0,1.72,-0.72,5
106,leathershoe4,Charleston Southern,Ohio Valley,399.7,1,2,0,1.77,-0.77,5
107,PhilupMynuts,Colgate,Ivy,398.4,1,2,0,1.68,-0.68,4
108,BrynJ9618,Yale,Ivy,394.94,1,2,0,1.59,-0.59,4
109,ryno,Notre Dame,Big East,394.54,1,2,0,1.53,-0.53,5
110,Elwayluva7,Montana State,Big Sky,393.6,1,2,0,1.61,-0.61,4
111,scoobydaeaglemahomes,Grambling State,HBCU,388.3,1,2,0,1.64,-0.64,4
112,Pipedawg21,Utah State,Mountain West,385.1,1,2,0,1.46,-0.46,4
113,markandrewsisthegoat,Miami,ACC,375.5,1,2,0,1.42,-0.42,3
114,fatalbeast,Duke,ACC,369.0,1,2,0,1.23,-0.23,4
115,matthewitz,Central Michigan,Wild,368.76,1,2,0,1.31,-0.31,5
116,mooremc,Morehead State,Ohio Valley,366.6,1,2,0,1.27,-0.27,4
117,sblau24,Rutgers,Big East,364.9,1,2,0,1.26,-0.26,4
118,postdeezy,Nevada,Mountain West,363.6,1,2,0,1.18,-0.18,4
119,WillyP15,Rhode Island,Big Sky,362.74,1,2,0,1.19,-0.19,4
120,MacATac,USF,Big East,359.58,1,2,0,1.16,-0.16,6
121,Hambnr,Penn,Ivy,359.54,1,2,0,1.18,-0.18,5
122,NastyS8ntChance,UCONN,Big East,355.76,1,2,0,1.1,-0.1,5
123,seniormeow,Utah,Pac 12,353.16,1,2,0,1.17,-0.17,5
124,MattyBent,North Carolina,ACC,352.04,1,2,0,1.01,-0.01,5
125,Pookieboom,Bethune - Cookman,HBCU,351.04,1,2,0,1.03,-0.03,4
126,BLACK93BOIZS,Princeton,Ivy,349.78,1,2,0,1.03,-0.03,5
127,HonoredMexican,Wyoming,Mountain West,345.88,1,2,0,1.14,-0.14,5
128,PapaCrowther,Villanova,Big Sky,343.72,1,2,0,1.12,-0.12,5
129,samggannon,Washington,Pac 12,343.6,1,2,0,1.09,-0.09,4
130,Jerryb83,Tuskegee,HBCU,335.78,1,2,0,1.08,-0.08,5
131,laxbro000,Wisconsin,Big 10,335.32,1,2,0,0.97,0.03,5
132,landonh12,Virginia Tech,ACC,334.66,1,2,0,0.91,0.09,6
133,JosephMarin07,Arkansas,SEC,333.26,1,2,0,0.88,0.12,4
134,DeanFalcon,Howard,HBCU,331.64,1,2,0,0.83,0.17,5
135,laynemercer,Stanford,Pac 12,325.2,1,2,0,0.95,0.05,5
136,Mrhawke19,New Mexico,Mountain West,323.18,1,2,0,0.84,0.16,6
137,Daphud,Butler,Pioneer,320.24,1,2,0,0.99,0.01,4
138,Neilsondug,Vanderbilt,SEC,313.66,1,2,0,0.73,0.27,4
139,EBurkhart,Tennessee State,Pioneer,310.84,1,2,0,0.73,0.27,5
140,4thdownTD,North Dakota State,Wild,303.14,1,2,0,0.65,0.35,4
141,Biggunnz21,Air Force,Mountain West,296.22,1,2,0,0.53,0.47,5
142,B41Pakman,Alabama A&M,HBCU,292.08,1,2,0,0.44,0.56,6
143,ChAiNSmOkErTk,Indiana,Big 10,289.74,1,2,0,0.68,0.32,5
144,MrBarryMcCockiner,Central Arkansas,Wild,282.1,1,2,0,0.42,0.58,5
145,devbovino,Alabama,SEC,274.06,1,2,0,0.34,0.66,5
146,pontes021,Jacksonville State,Ohio Valley,260.08,1,2,0,0.27,0.73,5
147,mgrant55,Maine,Big Sky,232.9,1,2,0,0.17,0.83,5
148,bb7661KING,Jackson State,HBCU,380.94,0,3,0,1.39,-1.39,6
149,lmkl,Citadel,Wild,377.8,0,3,0,1.31,-1.31,6
150,eperedetto,Boston College,ACC,372.3,0,3,0,1.28,-1.28,5
151,ChadLowe,Tennessee,SEC,364.8,0,3,0,1.24,-1.24,5
152,Orphan,North Texas,CUSA,362.4,0,3,0,1.18,-1.18,5
153,Campbell8,Louisville,ACC,360.88,0,3,0,1.2,-1.2,6
154,claym89,Tulane,Sun Belt,360.4,0,3,0,1.13,-1.13,5
155,DownLoMoJo,Holy Cross,Pioneer,359.6,0,3,0,1.26,-1.26,6
156,doseofthestars,Wofford,Pioneer,357.94,0,3,0,1.09,-1.09,5
157,PatrickT21,Western Kentucky,CUSA,349.84,0,3,0,1.06,-1.06,5
158,Dreev,Eastern Kentucky,Ohio Valley,345.9,0,3,0,1.09,-1.09,6
159,Jrodr71,Bucknell,Ivy,338.5,0,3,0,0.96,-0.96,6
160,dh671,Troy,CUSA,335.44,0,3,0,0.82,-0.82,6
161,ryank45,Ole Miss,SEC,324.3,0,3,0,0.79,-0.79,6
162,Gangly22,Oklahoma State,Big 12,324.28,0,3,0,0.82,-0.82,5
163,Orphan,Texas Tech,Big 12,322.94,0,3,0,0.93,-0.93,6
164,KennethNZ,Harvard,Ivy,322.14,0,3,0,0.91,-0.91,6
165,srcav,Kennesaw State,Ohio Valley,321.56,0,3,0,0.68,-0.68,6
166,Ortizz,Dayton,Pioneer,309.4,0,3,0,0.68,-0.68,6
167,mrflack,San Jose State,Wild,304.28,0,3,0,0.69,-0.69,6
168,lucchityler,Rice,Sun Belt,302.38,0,3,0,0.58,-0.58,6
169,nshox2,Arizona,Pac 12,301.92,0,3,0,0.59,-0.59,6
170,jmdorsey00,Boise State,Mountain West,290.24,0,3,0,0.81,-0.81,6
171,EndZoneAllDay1,Michigan State,Big 10,288.8,0,3,0,0.58,-0.58,6
172,tedman546,Florida,SEC,272.8,0,3,0,0.37,-0.37,6
173,bshouseman,Louisiana,CUSA,269.52,0,3,0,0.41,-0.41,6
174,kfitch3p,Northwestern,Big 10,268.16,0,3,0,0.52,-0.52,6
175,Fr3shBC11,UAB,Sun Belt,262.6,0,3,0,0.26,-0.26,6
176,FalconsRULE7,Kansas,Big 12,237.86,0,3,0,0.15,-0.15,6
177,ScottyW13,Oregon,Pac 12,231.78,0,3,0,0.15,-0.15,6
178,hurlken,Maryland,Big East,215.76,0,3,0,0.12,-0.12,6
179,thejockytype,Northern Iowa,Big Sky,199.18,0,3,0,0.05,-0.05,6
180,Pinky7373,Weber State,Big Sky,108.2,0,3,0,0.0,0.0,6
