Date,Week,SleeperID,Name,Position,NFLTeam,DynastyValue,RedraftValue
2026-10-02,4,9221,Jahmyr Gibbs,RB,DET,11017,10825
2026-10-02,4,9509,Bijan Robinson,RB,ATL,10858,10076
2026-10-02,4,9488,Jaxon Smith-Njigba,WR,SEA,9916,10067
2026-10-02,4,7564,Ja'Marr Chase,WR,CIN,8545,8939
2026-10-02,4,7547,Amon-Ra St. Brown,WR,DET,7402,8736
2026-10-02,4,9493,Puka Nacua,WR,LAR,7213,7532
2026-10-02,4,11604,Brock Bowers,TE,LV,6765,6451
2026-10-02,4,12527,Ashton Jeanty,RB,LV,6758,6606
2026-10-02,4,13287,Jeremiyah Love,RB,ARI,6749,5205
2026-10-02,4,8151,Kenneth Walker,RB,KC,6508,8883
2026-10-02,4,6786,CeeDee Lamb,WR,DAL,6347,7258
2026-10-02,4,6813,Jonathan Taylor,RB,IND,6161,8350
2026-10-02,4,6794,Justin Jefferson,WR,MIN,6143,6315
2026-10-02,4,8130,Trey McBride,TE,ARI,6006,5862
2026-10-02,4,8138,James Cook,RB,BUF,5591,7188
2026-10-02,4,4984,Josh Allen,QB,BUF,5558,6275
2026-10-02,4,8112,Drake London,WR,ATL,5344,5487
2026-10-02,4,11632,Malik Nabers,WR,NYG,5072,2971
2026-10-02,4,8144,Chris Olave,WR,NO,5061,6295
2026-10-02,4,4034,Christian McCaffrey,RB,SF,4619,8143
2026-10-02,4,8146,Garrett Wilson,WR,NYJ,4484,4701
2026-10-02,4,9226,De'Von Achane,RB,MIA,4420,0
2026-10-02,4,9997,Zay Flowers,WR,BAL,4374,4833
2026-10-02,4,9224,Chase Brown,RB,CIN,4353,5515
2026-10-02,4,12507,Omarion Hampton,RB,LAC,4349,3050
2026-10-02,4,8137,George Pickens,WR,DAL,4060,3956
2026-10-02,4,7569,Nico Collins,WR,HOU,3981,4608
2026-10-02,4,4881,Lamar Jackson,QB,BAL,3885,3671
2026-10-02,4,12526,Tetairoa McMillan,WR,CAR,3876,2642
2026-10-02,4,8155,Breece Hall,RB,NYJ,3824,3576
2026-10-02,4,8150,Kyren Williams,RB,LAR,3724,4599
2026-10-02,4,3198,Derrick Henry,RB,BAL,3702,7698
2026-10-02,4,9487,Parker Washington,WR,JAX,3623,3368
2026-10-02,4,11560,Caleb Williams,QB,CHI,3604,1551
2026-10-02,4,7588,Javonte Williams,RB,DAL,3495,4553
2026-10-02,4,12518,Tyler Warren,TE,IND,3439,2312
2026-10-02,4,11584,Bucky Irving,RB,TB,3359,3159
2026-10-02,4,4866,Saquon Barkley,RB,PHI,3355,4607
2026-10-02,4,12517,Colston Loveland,TE,CHI,3331,1238
2026-10-02,4,12514,Emeka Egbuka,WR,TB,3306,1642
2026-10-02,4,11635,Ladd McConkey,WR,LAC,3296,2291
2026-10-02,4,6801,Tee Higgins,WR,CIN,3258,3333
2026-10-02,4,7525,DeVonta Smith,WR,PHI,3223,3560
2026-10-02,4,13279,Carnell Tate,WR,TEN,3163,828
2026-10-02,4,12481,Cam Skattebo,RB,NYG,3104,2928
2026-10-02,4,12519,Luther Burden,WR,CHI,3104,1495
2026-10-02,4,8167,Christian Watson,WR,GB,3067,3702
2026-10-02,4,6770,Joe Burrow,QB,CIN,3060,2327
2026-10-02,4,12490,Bhayshul Tuten,RB,JAX,3050,2691
2026-10-02,4,4046,Patrick Mahomes,QB,KC,3019,1860
2026-10-02,4,12529,TreVeyon Henderson,RB,NE,3015,1609
2026-10-02,4,11564,Drake Maye,QB,NE,3003,1091
2026-10-02,4,10229,Rashee Rice,WR,KC,2963,2832
2026-10-02,4,6790,D'Andre Swift,RB,CHI,2923,3899
2026-10-02,4,12512,Quinshon Judkins,RB,CLE,2875,1412
2026-10-02,4,13281,Jordyn Tyson,WR,NO,2867,681
2026-10-02,4,8183,Brock Purdy,QB,SF,2820,2276
2026-10-02,4,5859,A.J. Brown,WR,NE,2804,2423
2026-10-02,4,7523,Trevor Lawrence,QB,JAX,2790,1430
2026-10-02,4,12501,Matthew Golden,WR,GB,2756,1785
2026-10-02,4,7594,Chuba Hubbard,RB,CAR,2656,3277
2026-10-02,4,10236,Dalton Kincaid,TE,BUF,2645,1982
2026-10-02,4,13286,Jadarian Price,RB,SEA,2643,1023
2026-10-02,4,10859,Sam LaPorta,TE,DET,2608,1586
2026-10-02,4,11566,Jayden Daniels,QB,WAS,2578,720
2026-10-02,4,7526,Jaylen Waddle,WR,DEN,2551,2184
2026-10-02,4,2133,Davante Adams,WR,LAR,2530,3450
2026-10-02,4,12506,Harold Fannin,TE,CLE,2505,927
2026-10-02,4,6904,Jalen Hurts,QB,PHI,2485,1378
2026-10-02,4,8228,Jaylen Warren,RB,PIT,2389,2703
2026-10-02,4,13330,Kenyon Sadiq,TE,NYJ,2381,679
2026-10-02,4,9484,Tucker Kraft,TE,GB,2362,922
2026-10-02,4,11646,Jalen Coker,WR,CAR,2360,1370
2026-10-02,4,4983,DJ Moore,WR,BUF,2340,2397
2026-10-02,4,10232,Michael Wilson,WR,ARI,2339,1635
2026-10-02,4,13294,Makai Lemon,WR,PHI,2328,271
2026-10-02,4,12545,Tyler Shough,QB,NO,2235,1256
2026-10-02,4,11620,Rome Odunze,WR,CHI,2234,800
2026-10-02,4,13346,Denzel Boston,WR,CLE,2231,698
2026-10-02,4,7543,Travis Etienne,RB,NO,2212,1522
2026-10-02,4,6797,Justin Herbert,QB,LAC,2211,801
2026-10-02,4,12508,Jaxson Dart,QB,NYG,2201,0
2026-10-02,4,13298,KC Concepcion,WR,CLE,2191,455
2026-10-02,4,8148,Jameson Williams,WR,DET,2189,952
2026-10-02,4,4217,George Kittle,TE,SF,2159,2588
2026-10-02,4,5892,David Montgomery,RB,HOU,2109,2519
2026-10-02,4,11628,Marvin Harrison Jr,WR,ARI,2102,535
2026-10-02,4,3294,Dak Prescott,QB,DAL,2096,1297
2026-10-02,4,11563,Bo Nix,QB,DEN,2094,877
2026-10-02,4,9500,Josh Downs,WR,IND,1973,1236
2026-10-02,4,6804,Jordan Love,QB,GB,1969,421
2026-10-02,4,3163,Jared Goff,QB,DET,1937,1107
2026-10-02,4,9228,Bryce Young,QB,CAR,1909,508
2026-10-02,4,5850,Josh Jacobs,RB,GB,1891,1293
2026-10-02,4,13269,Fernando Mendoza,QB,LV,1872,0
2026-10-02,4,12489,RJ Harvey,RB,DEN,1833,995
2026-10-02,4,11631,Brian Thomas,WR,JAX,1802,482
2026-10-02,4,7553,Kyle Pitts,TE,ATL,1800,504
2026-10-02,4,9753,Zach Charbonnet,RB,SEA,1785,759
2026-10-02,4,13345,Jonah Coleman,RB,DEN,1781,89
2026-10-02,4,13337,Emmett Johnson,RB,KC,1768,263
2026-10-02,4,12534,Kyle Monangai,RB,CHI,1747,682
2026-10-02,4,11586,Blake Corum,RB,LAR,1736,758
2026-10-02,4,8131,Isaiah Likely,TE,NYG,1721,669
2026-10-02,4,2216,Mike Evans,WR,SF,1701,1707
2026-10-02,4,5927,Terry McLaurin,WR,WAS,1686,1282
2026-10-02,4,9756,Jordan Addison,WR,MIN,1673,707
2026-10-02,4,8142,Alec Pierce,WR,IND,1669,195
2026-10-02,4,4199,Aaron Jones,RB,MIN,1631,1590
2026-10-02,4,12533,Jacory Croskey-Merritt,RB,WAS,1624,945
2026-10-02,4,13417,De'Zhaun Stribling,WR,SF,1623,0
2026-10-02,4,13276,Omar Cooper,WR,NYJ,1616,0
2026-10-02,4,1466,Travis Kelce,TE,KC,1587,1579
2026-10-02,4,9758,C.J. Stroud,QB,HOU,1568,275
2026-10-02,4,13305,Mike Washington,RB,LV,1546,187
2026-10-02,4,5846,DK Metcalf,WR,PIT,1546,859
2026-10-02,4,4943,Sam Darnold,QB,SEA,1545,733
2026-10-02,4,7002,Juwan Johnson,TE,NO,1502,1042
2026-10-02,4,8110,Jake Ferguson,TE,DAL,1466,524
2026-10-02,4,11576,Braelon Allen,RB,NYJ,1464,482
2026-10-02,4,7611,Rhamondre Stevenson,RB,NE,1460,999
2026-10-02,4,12495,Ollie Gordon,RB,MIA,1432,517
2026-10-02,4,13414,Kaelon Black,RB,SF,1431,308
2026-10-02,4,12484,Jayden Higgins,WR,HOU,1398,0
2026-10-02,4,11624,Xavier Worthy,WR,KC,1393,390
2026-10-02,4,12474,Woody Marks,RB,HOU,1391,605
2026-10-02,4,421,Matthew Stafford,QB,LAR,1387,917
2026-10-02,4,5967,Tony Pollard,RB,TEN,1380,787
2026-10-02,4,13311,Chris Bell,WR,MIA,1377,58
2026-10-02,4,13293,Ja'Kobi Lane,WR,BAL,1375,20
2026-10-02,4,4892,Baker Mayfield,QB,TB,1369,245
2026-10-02,4,8408,Jordan Mason,RB,MIN,1359,391
2026-10-02,4,13301,Antonio Williams,WR,WAS,1355,0
2026-10-02,4,9754,Quentin Johnston,WR,LAC,1352,306
2026-10-02,4,2449,Stefon Diggs,WR,WAS,1350,1070
2026-10-02,4,8126,Wan'Dale Robinson,WR,TEN,1350,415
2026-10-02,4,6806,J.K. Dobbins,RB,DEN,1346,631
2026-10-02,4,11583,Jonathon Brooks,RB,CAR,1340,58
2026-10-02,4,7021,Rico Dowdle,RB,PIT,1338,402
2026-10-02,4,8136,Rachaad White,RB,WAS,1336,674
2026-10-02,4,8154,Brian Robinson,RB,ATL,1324,211
2026-10-02,4,5947,Jakobi Meyers,WR,JAX,1323,553
2026-10-02,4,12487,Terrance Ferguson,TE,LAR,1308,91
2026-10-02,4,10222,Jayden Reed,WR,GB,1287,0
2026-10-02,4,12493,Oronde Gadsden,TE,LAC,1282,57
2026-10-02,4,5872,Deebo Samuel,WR,SF,1279,816
2026-10-02,4,12522,Cam Ward,QB,TEN,1262,86
2026-10-02,4,13317,Ted Hurst,WR,TB,1250,0
2026-10-02,4,13349,Eli Stowers,TE,PHI,1247,0
2026-10-02,4,5022,Dallas Goedert,TE,PHI,1246,316
2026-10-02,4,5849,Kyler Murray,QB,MIN,1236,357
2026-10-02,4,6819,Michael Pittman,WR,PIT,1230,436
2026-10-02,4,13285,Malachi Fields,WR,NYG,1229,17
2026-10-02,4,4035,Alvin Kamara,RB,NO,1227,607
2026-10-02,4,11625,Adonai Mitchell,WR,NYJ,1221,312
2026-10-02,4,13288,Nicholas Singleton,RB,TEN,1217,0
2026-10-02,4,7567,Kenny Gainwell,RB,TB,1217,276
2026-10-02,4,12509,Tre' Harris,WR,LAC,1212,12
2026-10-02,4,11610,Malik Washington,WR,MIA,1210,344
2026-10-02,4,5001,Dalton Schultz,TE,HOU,1210,561
2026-10-02,4,9480,Brenton Strange,TE,JAX,1206,139
2026-10-02,4,13296,Caleb Douglas,WR,MIA,1201,102
2026-10-02,4,8134,Khalil Shakir,WR,BUF,1200,222
2026-10-02,4,8132,Tyler Allgeier,RB,ARI,1199,215
2026-10-02,4,9486,Dontayvion Wicks,WR,PHI,1197,425
2026-10-02,4,12492,Pat Bryant,WR,DEN,1190,27
2026-10-02,4,11638,Ricky Pearsall,WR,SF,1189,0
2026-10-02,4,13274,Germie Bernard,WR,PIT,1180,0
2026-10-02,4,11603,AJ Barner,TE,SEA,1176,35
2026-10-02,4,11834,Devaughn Vele,WR,NO,1175,490
2026-10-02,4,5045,Courtland Sutton,WR,DEN,1175,428
2026-10-02,4,8121,Romeo Doubs,WR,NE,1157,328
2026-10-02,4,11643,Jaylen Wright,RB,MIA,1154,205
2026-10-02,4,13275,Ty Simpson,QB,LAR,1151,0
2026-10-02,4,3321,Tyreek Hill,WR,,1150,64
2026-10-02,4,4037,Chris Godwin,WR,TB,1146,435
2026-10-02,4,10213,Tre Tucker,WR,LV,1144,283
2026-10-02,4,5012,Mark Andrews,TE,BAL,1141,455
2026-10-02,4,9225,Tank Bigsby,RB,PHI,1134,129
2026-10-02,4,12504,Kaleb Johnson,RB,GB,1116,0
2026-10-02,4,11637,Keon Coleman,WR,BUF,1113,27
2026-10-02,4,9511,Keaton Mitchell,RB,LAC,1106,280
2026-10-02,4,11581,MarShawn Lloyd,RB,GB,1092,250
2026-10-02,4,5870,Daniel Jones,QB,IND,1084,84
2026-10-02,4,9508,Tyjae Spears,RB,TEN,1053,63
2026-10-02,4,11559,Michael Penix,QB,ATL,1042,136
2026-10-02,4,10219,Chris Rodriguez,RB,JAX,1037,140
2026-10-02,4,12530,Travis Hunter,WR,JAX,1009,0
2026-10-02,4,8161,Malik Willis,QB,MIA,973,118
2026-10-02,4,7600,Pat Freiermuth,TE,PIT,961,54
2026-10-02,4,3634,Kalif Raymond,WR,CHI,952,520
2026-10-02,4,13320,Zachariah Branch,WR,ATL,951,0
2026-10-02,4,5844,T.J. Hockenson,TE,MIN,948,107
2026-10-02,4,13421,Eli Raridon,TE,NE,941,0
2026-10-02,4,7571,Rashod Bateman,WR,BAL,901,152
2026-10-02,4,9482,Michael Mayer,TE,LV,890,0
2026-10-02,4,13413,Cyrus Allen,WR,KC,888,0
2026-10-02,4,1479,Keenan Allen,WR,IND,887,403
2026-10-02,4,9504,Kayshon Boutte,WR,HOU,885,0
2026-10-02,4,2505,Darren Waller,TE,CAR,873,410
2026-10-02,4,11630,Roman Wilson,WR,PIT,871,3
2026-10-02,4,9502,Tank Dell,WR,HOU,838,12
2026-10-02,4,1166,Kirk Cousins,QB,LV,818,215
2026-10-02,4,12502,Gunnar Helm,TE,TEN,812,0
2026-10-02,4,8676,Rashid Shaheed,WR,SEA,810,36
2026-10-02,4,1373,Geno Smith,QB,NYJ,809,72
2026-10-02,4,9757,Kendre Miller,RB,NO,798,46
2026-10-02,4,12469,Dylan Sampson,RB,CLE,795,0
2026-10-02,4,3257,Jacoby Brissett,QB,ARI,781,117
2026-10-02,4,8210,Chig Okonkwo,TE,WAS,767,0
2026-10-02,4,12535,Isaac TeSlaa,WR,DET,751,0
2026-10-02,4,11565,J.J. McCarthy,QB,MIN,747,0
2026-10-02,4,13347,Demond Claiborne,RB,MIN,736,0
2026-10-02,4,4017,Deshaun Watson,QB,CLE,717,110
2026-10-02,4,8111,Cade Otton,TE,TB,707,0
2026-10-02,4,11618,Jalen McMillan,WR,TB,700,0
2026-10-02,4,3214,Hunter Henry,TE,NE,692,93
2026-10-02,4,96,Aaron Rodgers,QB,PIT,666,53
2026-10-02,4,12536,Jaylin Noel,WR,HOU,659,0
2026-10-02,4,4039,Cooper Kupp,WR,SEA,623,11
2026-10-02,4,12472,Raheim Sanders,RB,CLE,614,0
2026-10-02,4,12499,Elic Ayomanor,WR,TEN,608,0
2026-10-02,4,8172,Greg Dulcich,TE,MIA,589,0
2026-10-02,4,13353,Chris Brazzell,WR,CAR,587,0
2026-10-02,4,13425,Jalon Daniels,QB,TB,580,0
2026-10-02,4,12497,Tory Horton,WR,SEA,558,0
2026-10-02,4,11435,Emanuel Wilson,RB,SEA,553,65
2026-10-02,4,4993,Mike Gesicki,TE,CIN,552,25
2026-10-02,4,13405,Kaytron Allen,RB,WAS,550,0
2026-10-02,4,13272,Carson Beck,QB,ARI,547,0
2026-10-02,4,10218,Xavier Hutchinson,WR,HOU,546,0
2026-10-02,4,2307,Marcus Mariota,QB,WAS,546,34
2026-10-02,4,13302,Adam Randall,RB,BAL,537,0
2026-10-02,4,2306,Jameis Winston,QB,NYG,533,42
2026-10-02,4,13402,Skyler Bell,WR,BUF,528,0
2026-10-02,4,12483,Jack Bech,WR,LV,528,0
2026-10-02,4,13424,Seth McGowan,RB,IND,500,0
2026-10-02,4,7528,Najee Harris,RB,NYG,483,0
2026-10-02,4,1737,Case Keenum,QB,CHI,479,0
2026-10-02,4,13268,Elijah Sarratt,WR,BAL,478,0
2026-10-02,4,12048,George Holani,RB,SEA,477,0
2026-10-02,4,12524,Shedeur Sanders,QB,CLE,475,0
2026-10-02,4,11783,Ryan Flournoy,WR,DAL,455,0
2026-10-02,4,6783,Jerry Jeudy,WR,CLE,453,0
2026-10-02,4,11627,Troy Franklin,WR,DEN,448,0
2026-10-02,4,11655,Tyrone Tracy,RB,NYG,445,0
2026-10-02,4,8180,Jalen Nailor,WR,LV,440,0
2026-10-02,4,4066,Evan Engram,TE,DEN,438,0
2026-10-02,4,4177,Mack Hollins,WR,NE,437,20
2026-10-02,4,12547,Kyle Williams,WR,NE,420,0
2026-10-02,4,13289,Drew Allar,QB,PIT,415,0
2026-10-02,4,7049,Jauan Jennings,WR,MIN,410,5
2026-10-02,4,13411,Zavion Thomas,WR,CHI,406,0
2026-10-02,4,11575,Ray Davis,RB,BUF,403,0
2026-10-02,4,5854,Drew Lock,QB,SEA,402,0
2026-10-02,4,13278,Max Klare,TE,LAR,392,0
2026-10-02,4,7527,Mac Jones,QB,SF,378,0
2026-10-02,4,9501,DeMario Douglas,WR,NE,360,0
2026-10-02,4,13394,Josh Cameron,WR,JAX,358,0
2026-10-02,4,13319,Oscar Delp,TE,NO,344,0
2026-10-02,4,11571,Isaiah Davis,RB,NYJ,336,0
2026-10-02,4,6768,Tua Tagovailoa,QB,ATL,323,0
2026-10-02,4,12718,Konata Mumpfield,WR,LAR,320,0
2026-10-02,4,11647,Kimani Vidal,RB,LAC,318,0
2026-10-02,4,13324,Matt Hibner,TE,BAL,316,0
2026-10-02,4,12467,Jordan James,RB,SF,315,0
2026-10-02,4,12498,Mason Taylor,TE,NYJ,293,0
2026-10-02,4,5995,Justice Hill,RB,BAL,288,0
2026-10-02,4,13420,Bryce Lance,WR,NO,282,0
2026-10-02,4,6803,Brandon Aiyuk,WR,SF,281,0
2026-10-02,4,11256,Tyson Bagent,QB,CHI,279,0
2026-10-02,4,12521,Elijah Arroyo,TE,SEA,274,0
2026-10-02,4,9229,Anthony Richardson,QB,IND,269,0
2026-10-02,4,8205,Isiah Pacheco,RB,DET,264,0
2026-10-02,4,4137,James Conner,RB,ARI,263,0
2026-10-02,4,7090,Darnell Mooney,WR,NYG,261,0
2026-10-02,4,6130,Devin Singletary,RB,NYG,259,0
2026-10-02,4,13423,Eli Heidenreich,RB,PIT,258,0
2026-10-02,4,12485,Tez Johnson,WR,TB,255,0
2026-10-02,4,6865,Colby Parkinson,TE,LAR,245,0
2026-10-02,4,5857,Noah Fant,TE,NO,235,0
2026-10-02,4,12540,Chimere Dike,WR,TEN,232,0
2026-10-02,4,11729,Sione Vaki,RB,DET,218,0
2026-10-02,4,13303,Cade Klubnik,QB,NYJ,214,0
2026-10-02,4,11370,Chris Brooks,RB,GB,213,0
2026-10-02,4,13307,Marlin Klein,TE,HOU,211,0
2026-10-02,4,6826,Cole Kmet,TE,CHI,209,0
2026-10-02,4,11589,Trey Benson,RB,ARI,208,0
2026-10-02,4,3161,Carson Wentz,QB,MIN,205,0
2026-10-02,4,13400,Justin Joly,TE,MIA,204,0
2026-10-02,4,9506,Sean Tucker,RB,TB,202,0
2026-10-02,4,4981,Calvin Ridley,WR,TEN,199,0
2026-10-02,4,12505,Jalen Royals,WR,KC,198,0
2026-10-02,4,13533,Barion Brown,WR,NO,197,0
2026-10-02,4,12476,Devin Neal,RB,,193,0
2026-10-02,4,1339,Zach Ertz,TE,,191,0
2026-10-02,4,12544,LeQuint Allen,RB,JAX,190,0
2026-10-02,4,4033,David Njoku,TE,LAC,190,0
2026-10-02,4,8188,Tyquan Thornton,WR,KC,186,0
2026-10-02,4,3271,Tyler Higbee,TE,LAR,181,7
2026-10-02,4,11199,Emari Demercado,RB,DAL,174,0
2026-10-02,4,12503,Isaiah Bond,WR,CLE,174,0
2026-10-02,4,11626,Xavier Legette,WR,CAR,169,0
2026-10-02,4,13338,Kevin Coleman,WR,MIA,165,0
2026-10-02,4,2078,Odell Beckham,WR,NYG,164,0
2026-10-02,4,13277,CJ Donaldson,RB,NO,162,0
2026-10-02,4,8698,Jake Tonges,TE,SF,162,0
2026-10-02,4,12457,Jaydon Blue,RB,PHI,158,0
2026-10-02,4,4454,Kendrick Bourne,WR,ARI,156,0
2026-10-02,4,7591,Justin Fields,QB,KC,156,0
2026-10-02,4,6828,AJ Dillon,RB,CAR,154,0
2026-10-02,4,12471,DJ Giddens,RB,IND,150,0
2026-10-02,4,13264,Dohnte Meyers,WR,CIN,147,0
2026-10-02,4,12531,Trevor Etienne,RB,CAR,147,0
2026-10-02,4,12510,Jalen Milroe,QB,SEA,145,0
2026-10-02,4,8800,Malik Davis,RB,DAL,133,0
2026-10-02,4,9479,Darnell Washington,TE,PIT,129,0
2026-10-02,4,12455,Brashard Smith,RB,KC,128,0
2026-10-02,4,11597,Theo Johnson,TE,NYG,127,0
2026-10-02,4,11577,Will Shipley,RB,PHI,126,0
2026-10-02,4,13477,Colbie Young,WR,CIN,125,0
2026-10-02,4,7670,Joshua Palmer,WR,BUF,124,0
2026-10-02,4,4663,Austin Ekeler,RB,,124,0
2026-10-02,4,13329,Malik Benson,WR,LV,123,0
2026-10-02,4,4950,Christian Kirk,WR,SF,121,0
2026-10-02,4,4147,Samaje Perine,RB,CIN,115,0
2026-10-02,4,13380,Brenen Thompson,WR,LAC,112,0
2026-10-02,4,8119,Jahan Dotson,WR,ATL,110,0
2026-10-02,4,8917,KaVontae Turpin,WR,DAL,109,0
2026-10-02,4,12541,Dont'e Thornton,WR,LV,104,0
2026-10-02,4,13434,Will Kacmarek,TE,MIA,102,0
2026-10-02,4,11596,Ben Sinnott,TE,WAS,101,0
2026-10-02,4,5848,Marquise Brown,WR,PHI,100,0
2026-10-02,4,13075,Myles Price,WR,MIN,98,0
2026-10-02,4,11569,Jarquez Hunter,RB,,96,0
2026-10-02,4,8168,Skyy Moore,WR,GB,95,0
2026-10-02,4,13270,CJ Daniels,WR,LAR,88,0
2026-10-02,4,13315,Dean Connors,RB,LAR,87,0
2026-10-02,4,13299,Nate Boerkircher,TE,JAX,86,0
2026-10-02,4,6039,Ty Johnson,RB,BUF,86,0
2026-10-02,4,12500,Quinn Ewers,QB,JAX,85,0
2026-10-02,4,19,Joe Flacco,QB,CIN,84,0
2026-10-02,4,12482,Savion Williams,WR,GB,82,0
2026-10-02,4,4144,Jonnu Smith,TE,GB,82,0
2026-10-02,4,11608,Isaiah Williams,WR,NYJ,81,0
2026-10-02,4,7585,Davis Mills,QB,HOU,80,0
2026-10-02,4,9494,Marvin Mims,WR,DEN,80,0
2026-10-02,4,13770,J. Michael Sturdivant,WR,GB,79,0
2026-10-02,4,11592,Erick All,TE,CIN,79,0
2026-10-02,4,13306,Taylen Green,QB,CLE,78,0
2026-10-02,4,12543,Tahj Brooks,RB,CIN,76,0
2026-10-02,4,3286,Demarcus Robinson,WR,SF,75,0
2026-10-02,4,5906,Dawson Knox,TE,BUF,75,0
2026-10-02,4,12511,Will Howard,QB,PIT,74,0
2026-10-02,4,6149,Darius Slayton,WR,NYG,70,0
2026-10-02,4,13322,Sam Roush,TE,CHI,68,0
2026-10-02,4,13401,Michael Trigg,TE,DAL,68,0
2026-10-02,4,11600,Ja'Tavion Sanders,TE,CAR,68,0
2026-10-02,4,11557,Joe Milton,QB,DAL,66,0
2026-10-02,4,11579,Audric Estime,RB,NO,65,0
2026-10-02,4,13348,J'Mari Taylor,RB,JAX,64,0
2026-10-02,4,4098,Kareem Hunt,RB,,64,0
2026-10-02,4,7828,Noah Gray,TE,KC,63,0
2026-10-02,4,11237,Jacob Saylors,RB,DET,61,0
2026-10-02,4,13602,Jack Strand,QB,ATL,61,0
2026-10-02,4,13408,Tanner Koziol,TE,JAX,61,0
2026-10-02,4,12634,Jordan Watkins,WR,SF,58,0
2026-10-02,4,12523,Jimmy Horn,WR,CAR,56,0
2026-10-02,4,9999,Will Levis,QB,,51,0
2026-10-02,4,12641,Jaylin Lane,WR,WAS,51,0
2026-10-02,4,13333,Deion Burks,WR,IND,50,0
2026-10-02,4,13404,Garrett Nussmeier,QB,KC,48,0
2026-10-02,4,8127,Charlie Kolar,TE,LAC,46,0
2026-10-02,4,12486,Dillon Gabriel,QB,CLE,46,0
2026-10-02,4,8160,Kenny Pickett,QB,CAR,45,0
2026-10-02,4,7083,Tyler Huntley,QB,BAL,45,0
2026-10-02,4,11562,Spencer Rattler,QB,NO,44,0
2026-10-02,4,8207,Tyler Goodson,RB,ATL,40,0
2026-10-02,4,13415,Haynes King,QB,CAR,39,0
2026-10-02,4,11650,Luke McCaffrey,WR,WAS,39,0
2026-10-02,4,8147,John Metchie,WR,CAR,37,0
2026-10-02,4,12496,Tai Felton,WR,MIN,36,0
2026-10-02,4,13282,Jack Endries,TE,CIN,34,0
2026-10-02,4,7610,Trey Lance,QB,LAC,32,0
2026-10-02,4,11623,Jordan Whittington,WR,LAR,30,0
2026-10-02,4,11616,Jacob Cowing,WR,SF,25,0
2026-10-02,4,10226,Andrei Iosivas,WR,CIN,25,0
2026-10-02,4,9230,Tanner McKee,QB,PHI,24,0
2026-10-02,4,13335,Cole Payton,QB,PHI,22,0
2026-10-02,4,6931,DeeJay Dallas,RB,MIN,21,0
2026-10-02,4,6271,Olamide Zaccheaus,WR,ATL,20,0
2026-10-02,4,13079,Jahdae Walker,WR,CHI,20,0
2026-10-02,4,11439,Jaleel McLaughlin,RB,CLE,18,0
2026-10-02,4,8162,Sam Howell,QB,DAL,17,0
2026-10-02,4,12658,Jackson Hawes,TE,BUF,13,0
2026-10-02,4,3200,Sterling Shepard,WR,,8,0
2026-10-02,4,3202,Austin Hooper,TE,ATL,3,0
