Year,Round,Week,LeagueID,LeagueName,RosterID,OwnerName,Division,RegularSeasonWins,RegularSeasonPoints,OpponentRosterID,OpponentName,OpponentDivision,Points,OpponentPoints,Outcome,Margin,Status
2026,CCG,12,1316899756005412864,NCAA BIG SKY,3,Beastchewy15,COLONIES,2,338.24,8,Vitus,FRONTIER,0.0,0.0,Tie,0.0,Final
2026,CCG,12,1316899756005412864,NCAA BIG SKY,8,Vitus,FRONTIER,2,354.38,3,Beastchewy15,COLONIES,0.0,0.0,Tie,0.0,Final
2026,CCG,12,1316899936696016896,NCAA BIG 10,1,Mo00,EAST,2,303.02,7,linkoftime1,WEST,0.0,0.0,Tie,0.0,Final
2026,CCG,12,1316899936696016896,NCAA BIG 10,7,linkoftime1,WEST,2,408.48,1,Mo00,EAST,0.0,0.0,Tie,0.0,Final
2026,CCG,12,1331774454493122560,NCAA WILD,5,FareedB,PLAINS,2,258.94,10,olddominion2020,VALLEY,0.0,0.0,Tie,0.0,Final
2026,CCG,12,1331774454493122560,NCAA WILD,10,olddominion2020,VALLEY,2,316.48,5,FareedB,PLAINS,0.0,0.0,Tie,0.0,Final
2026,CCG,12,1331774544905510912,NCAA OHIO VALLEY,4,ethansherwood22,SOUTHERN,2,359.66,7,charlielol,YANKEE,0.0,0.0,Tie,0.0,Final
2026,CCG,12,1331774544905510912,NCAA OHIO VALLEY,7,charlielol,YANKEE,2,286.26,4,ethansherwood22,SOUTHERN,0.0,0.0,Tie,0.0,Final
2026,CCG,12,1331774599196585984,NCAA MOUNTAIN WEST,1,RicochetRay,SAINT,2,402.68,12,noahdaboa,SIN,0.0,0.0,Tie,0.0,Final
2026,CCG,12,1331774599196585984,NCAA MOUNTAIN WEST,12,noahdaboa,SIN,2,279.98,1,RicochetRay,SAINT,0.0,0.0,Tie,0.0,Final
2026,CCG,12,1331774630620332032,NCAA HISTORICALLY BLACK,3,lcummings,HURRICANE,2,305.28,8,wblack2012,MISSISSIPPI RIVER,0.0,0.0,Tie,0.0,Final
2026,CCG,12,1331774630620332032,NCAA HISTORICALLY BLACK,8,wblack2012,MISSISSIPPI RIVER,2,275.48,3,lcummings,HURRICANE,0.0,0.0,Tie,0.0,Final
2026,CCG,12,1331774695346823168,NCAA USA,4,GRIDIRONGANG81,GULF,2,304.58,7,arandrea,TWISTER,0.0,0.0,Tie,0.0,Final
2026,CCG,12,1331774695346823168,NCAA USA,7,arandrea,TWISTER,2,349.92,4,GRIDIRONGANG81,GULF,0.0,0.0,Tie,0.0,Final
2026,CCG,12,1331774741488369664,NCAA IVY,11,jtheadrick98,RICH,2,316.28,4,alecgagnon2001,SMART,0.0,0.0,Tie,0.0,Final
2026,CCG,12,1331774741488369664,NCAA IVY,4,alecgagnon2001,SMART,2,267.8,11,jtheadrick98,RICH,0.0,0.0,Tie,0.0,Final
2026,CCG,12,1331774804222545920,NCAA PIONEER,8,CrownMeKing,FREEDOM,2,294.56,9,DictatorBerry,PATRIOT,0.0,0.0,Tie,0.0,Final
2026,CCG,12,1331774804222545920,NCAA PIONEER,9,DictatorBerry,PATRIOT,2,275.15999999999997,8,CrownMeKing,FREEDOM,0.0,0.0,Tie,0.0,Final
2026,CCG,12,1331774846710849536,NCAA SUN BELT,11,Resolhjk,BIBLE,2,371.88,12,utsa,REBEL,0.0,0.0,Tie,0.0,Final
2026,CCG,12,1331774846710849536,NCAA SUN BELT,12,utsa,REBEL,2,272.88,11,Resolhjk,BIBLE,0.0,0.0,Tie,0.0,Final
2026,CCG,12,1331774880181399552,NCAA BIG 12,5,robertlouis7,HEAT,2,354.56,7,Frankeen,WIND,0.0,0.0,Tie,0.0,Final
2026,CCG,12,1331774880181399552,NCAA BIG 12,7,Frankeen,WIND,2,356.58000000000004,5,robertlouis7,HEAT,0.0,0.0,Tie,0.0,Final
2026,CCG,12,1331774915392577536,NCAA ACC,12,dilbennett,ATLANTIC,2,332.94,1,ChrisW21,COASTAL,0.0,0.0,Tie,0.0,Final
2026,CCG,12,1331774915392577536,NCAA ACC,1,ChrisW21,COASTAL,2,311.03999999999996,12,dilbennett,ATLANTIC,0.0,0.0,Tie,0.0,Final
2026,CCG,12,1331775106527006720,NCAA PAC 12,4,chzhead412,NORTH,2,311.96000000000004,12,lmerkouSaints,SOUTH,0.0,0.0,Tie,0.0,Final
2026,CCG,12,1331775106527006720,NCAA PAC 12,12,lmerkouSaints,SOUTH,2,312.5,4,chzhead412,NORTH,0.0,0.0,Tie,0.0,Final
2026,CCG,12,1331775170712444928,NCAA SEC,10,DELETED-RO7nDD9xa8Gm7,EAST,2,315.4,6,thatmansanti,WEST,0.0,0.0,Tie,0.0,Final
2026,CCG,12,1331775170712444928,NCAA SEC,6,thatmansanti,WEST,2,385.22,10,DELETED-RO7nDD9xa8Gm7,EAST,0.0,0.0,Tie,0.0,Final
2026,CCG,12,1331775206619885568,NCAA BIG EAST & CO.,4,vinceA762,MIDEAST,2,297.4,8,Claser,NORTHEAST,0.0,0.0,Tie,0.0,Final
2026,CCG,12,1331775206619885568,NCAA BIG EAST & CO.,8,Claser,NORTHEAST,2,260.76,4,vinceA762,MIDEAST,0.0,0.0,Tie,0.0,Final
