Year,LeagueID,LeagueName,Division1,Division2,RosterID,OwnerID,OwnerName,Wins,Losses,PointsFor,PointsAgainst
2021,652823294856224768,NCAA PAC 12,NORTH,SOUTH,1,437465313911500800,kfitch630,7,11,2129,2249
2021,652823294856224768,NCAA PAC 12,NORTH,SOUTH,2,709857172258881536,KamaraGOAT41,10,8,2125,2136
2021,652823294856224768,NCAA PAC 12,NORTH,SOUTH,3,470320542868566016,Dunebuggy619,6,12,1845,2205
2021,652823294856224768,NCAA PAC 12,NORTH,SOUTH,4,477666723663704064,chzhead412,8,10,2377,2325
2021,652823294856224768,NCAA PAC 12,NORTH,SOUTH,5,619963570297352192,cooperthach,11,7,2250,2100
2021,652823294856224768,NCAA PAC 12,NORTH,SOUTH,6,338823136923381760,samggannon,11,7,2337,2172
2021,652823294856224768,NCAA PAC 12,NORTH,SOUTH,7,597246797479469056,wrightc214,12,6,2567,2243
2021,652823294856224768,NCAA PAC 12,NORTH,SOUTH,8,449317906098941952,gerad,5,13,1751,2225
2021,652823294856224768,NCAA PAC 12,NORTH,SOUTH,9,519390092788297728,ScottyW13,7,11,2182,2377
2021,652823294856224768,NCAA PAC 12,NORTH,SOUTH,10,534619662650601472,ImagineWiigons,11,7,2344,2050
2021,652823294856224768,NCAA PAC 12,NORTH,SOUTH,11,76460245878456320,seniormeow,11,7,2425,2219
2021,652823294856224768,NCAA PAC 12,NORTH,SOUTH,12,450806182555152384,lmerkouSaints,9,9,2252,2284
2021,652823058658209792,NCAA ACC,ATLANTIC,COASTAL,1,571754879825395712,ChrisW21,6,12,1945,2503
2021,652823058658209792,NCAA ACC,ATLANTIC,COASTAL,2,568115266901286912,MattyBent,12,6,2558,2218
2021,652823058658209792,NCAA ACC,ATLANTIC,COASTAL,3,519664508596187136,NewGOAT15,5,13,2149,2381
2021,652823058658209792,NCAA ACC,ATLANTIC,COASTAL,4,455836851501002752,landonh12,16,2,2889,2037
2021,652823058658209792,NCAA ACC,ATLANTIC,COASTAL,5,468618720470626304,Yarby,7,11,2143,2284
2021,652823058658209792,NCAA ACC,ATLANTIC,COASTAL,6,463453800313647104,WhiskyScientist,7,11,2249,2342
2021,652823058658209792,NCAA ACC,ATLANTIC,COASTAL,7,453658285061435392,fatalbeast,11,7,2264,2295
2021,652823058658209792,NCAA ACC,ATLANTIC,COASTAL,8,456168604006608896,eperedetto,8,10,2071,2331
2021,652823058658209792,NCAA ACC,ATLANTIC,COASTAL,9,412321968218451968,B1GNate35,9,9,2040,2151
2021,652823058658209792,NCAA ACC,ATLANTIC,COASTAL,10,625717955707117568,superman14,9,9,2231,2271
2021,652823058658209792,NCAA ACC,ATLANTIC,COASTAL,11,458070829909929984,Campbell8,8,10,2297,2235
2021,652823058658209792,NCAA ACC,ATLANTIC,COASTAL,12,302575527556825088,dilbennett,10,8,2493,2279
2021,652822938654937088,NCAA BIG SKY,Frontier,Colonies,1,516266187571630080,PedroCal,12,6,2414,2302
2021,652822938654937088,NCAA BIG SKY,Frontier,Colonies,2,439255136309604352,PapaCrowther,15,3,2665,2050
2021,652822938654937088,NCAA BIG SKY,Frontier,Colonies,3,449327253101211648,Beastchewy15,6,12,2052,2313
2021,652822938654937088,NCAA BIG SKY,Frontier,Colonies,4,519439276311531520,Elestial,7,11,2154,2393
2021,652822938654937088,NCAA BIG SKY,Frontier,Colonies,5,461273516759576576,Julian1993,11,7,2635,2482
2021,652822938654937088,NCAA BIG SKY,Frontier,Colonies,6,424793511431262208,Elwayluva7,9,9,2406,2332
2021,652822938654937088,NCAA BIG SKY,Frontier,Colonies,7,78892531970359296,fballfreek80,9,9,2508,2526
2021,652822938654937088,NCAA BIG SKY,Frontier,Colonies,8,437413803001376768,Vitus,3,15,2019,2457
2021,652822938654937088,NCAA BIG SKY,Frontier,Colonies,9,448641292377780224,Pinky7373,6,12,2098,2436
2021,652822938654937088,NCAA BIG SKY,Frontier,Colonies,10,450023004458446848,DaLegend,11,7,2443,2398
2021,652822938654937088,NCAA BIG SKY,Frontier,Colonies,11,604388962898866176,mgrant55,8,10,2292,2314
2021,652822938654937088,NCAA BIG SKY,Frontier,Colonies,12,519767126595325952,mssullivan2022,11,7,2593,2277
2021,652822871495749632,NCAA BIG 12,HEAT,WIND,1,446530486903238656,BigSexy3422,4,14,1825,2443
2021,652822871495749632,NCAA BIG 12,HEAT,WIND,2,667752373111824384,trev7293,10,7,2200,2247
2021,652822871495749632,NCAA BIG 12,HEAT,WIND,3,468501524721430528,agupta03,10,7,2261,2185
2021,652822871495749632,NCAA BIG 12,HEAT,WIND,4,425362114291437568,deadheadshane,12,6,2751,2214
2021,652822871495749632,NCAA BIG 12,HEAT,WIND,5,464117743042424832,robertlouis7,13,5,2621,2314
2021,652822871495749632,NCAA BIG 12,HEAT,WIND,6,335910160469880832,elianbruger,10,8,2325,2267
2021,652822871495749632,NCAA BIG 12,HEAT,WIND,7,425386065373691904,Frankeen,2,16,1431,2162
2021,652822871495749632,NCAA BIG 12,HEAT,WIND,8,543929284962770944,alicho,11,7,2672,2402
2021,652822871495749632,NCAA BIG 12,HEAT,WIND,9,453711063846744064,rchau56,14,4,2973,2303
2021,652822871495749632,NCAA BIG 12,HEAT,WIND,10,460518714907815936,linkoftime1,2,16,1704,2373
2021,652822871495749632,NCAA BIG 12,HEAT,WIND,11,619190004979138560,CousinMose15,8,10,2219,2327
2021,652822871495749632,NCAA BIG 12,HEAT,WIND,12,446397791615315968,FancyLlama,11,7,2319,2065
2021,652822788075229184,NCAA USA,GULF,TWISTER,1,389658700735868928,dh671,7,11,2243,2317
2021,652822788075229184,NCAA USA,GULF,TWISTER,2,464625836192952320,brooksy33,7,11,2362,2447
2021,652822788075229184,NCAA USA,GULF,TWISTER,3,89528070197100544,DapperDave89,9,9,2357,2302
2021,652822788075229184,NCAA USA,GULF,TWISTER,4,332601596233928704,cschaller20,8,10,2129,2245
2021,652822788075229184,NCAA USA,GULF,TWISTER,5,651213088258883584,choov323,6,12,1918,2210
2021,652822788075229184,NCAA USA,GULF,TWISTER,6,560611777479667712,PatrickT21,6,12,2384,2461
2021,652822788075229184,NCAA USA,GULF,TWISTER,7,651857322645241856,ridinroundinarover,7,11,2030,2247
2021,652822788075229184,NCAA USA,GULF,TWISTER,8,605439246030925824,krichknowsbest,13,5,2466,2176
2021,652822788075229184,NCAA USA,GULF,TWISTER,9,645315608073805824,CantguardTW,13,5,2692,2343
2021,652822788075229184,NCAA USA,GULF,TWISTER,10,590358219562455040,woolba,13,5,2917,2500
2021,652822788075229184,NCAA USA,GULF,TWISTER,11,732763988848410624,ajisgoated,13,5,2464,2459
2021,652822788075229184,NCAA USA,GULF,TWISTER,12,650627977721245696,BroncoZzz,6,12,2150,2405
2021,652822724795764736,NCAA BIG EAST & CO.,MIDEAST,NORTHEAST,1,606287974459600896,NoOneInSite,11,7,2340,2276
2021,652822724795764736,NCAA BIG EAST & CO.,MIDEAST,NORTHEAST,2,389656085486649344,UrTrash,9,9,2337,2314
2021,652822724795764736,NCAA BIG EAST & CO.,MIDEAST,NORTHEAST,3,333005257409847296,ikemendel,11,7,2321,2269
2021,652822724795764736,NCAA BIG EAST & CO.,MIDEAST,NORTHEAST,4,456129190995947520,vinceA762,12,6,2575,2266
2021,652822724795764736,NCAA BIG EAST & CO.,MIDEAST,NORTHEAST,5,526975488648601600,Potts15,3,15,1804,2387
2021,652822724795764736,NCAA BIG EAST & CO.,MIDEAST,NORTHEAST,6,443323427143544832,joonbug,8,10,2145,2289
2021,652822724795764736,NCAA BIG EAST & CO.,MIDEAST,NORTHEAST,7,456159345906806784,CodeKhaos,11,7,2612,2075
2021,652822724795764736,NCAA BIG EAST & CO.,MIDEAST,NORTHEAST,8,456167283761344512,Claser,15,3,2633,2007
2021,652822724795764736,NCAA BIG EAST & CO.,MIDEAST,NORTHEAST,9,706954972784324608,TylerJudd1,6,12,1889,2138
2021,652822724795764736,NCAA BIG EAST & CO.,MIDEAST,NORTHEAST,10,338858684358623232,Psyclone,7,11,2015,2173
2021,652822724795764736,NCAA BIG EAST & CO.,MIDEAST,NORTHEAST,11,456182244336201728,Ianiners,9,9,2305,2317
2021,652822724795764736,NCAA BIG EAST & CO.,MIDEAST,NORTHEAST,12,64174089933570048,ryno,6,12,1961,2426
2021,652822666251710464,NCAA IVY,RICH,SMART,1,470912510262767616,FlynnD,13,5,2520,2167
2021,652822666251710464,NCAA IVY,RICH,SMART,2,,Unknown,11,7,2388,2274
2021,652822666251710464,NCAA IVY,RICH,SMART,3,480124073456693248,Jrodr71,11,7,2393,2254
2021,652822666251710464,NCAA IVY,RICH,SMART,4,570803989783429120,alecgagnon2001,2,16,1639,2386
2021,652822666251710464,NCAA IVY,RICH,SMART,5,395321276102627328,ccassidy,4,14,2053,2450
2021,652822666251710464,NCAA IVY,RICH,SMART,6,508415252621357056,ryanmchugh,11,7,2489,2244
2021,652822666251710464,NCAA IVY,RICH,SMART,7,463944449920069632,Spence24,6,12,2224,2235
2021,652822666251710464,NCAA IVY,RICH,SMART,8,461688192555282432,PhilupMynuts,9,9,2187,2221
2021,652822666251710464,NCAA IVY,RICH,SMART,9,460518714907815936,linkoftime1,16,2,2828,2074
2021,652822666251710464,NCAA IVY,RICH,SMART,10,,Unknown,2,16,1395,2465
2021,652822666251710464,NCAA IVY,RICH,SMART,11,460895027179024384,jtheadrick98,12,6,2631,2180
2021,652822666251710464,NCAA IVY,RICH,SMART,12,464595147808567296,cobrapanther99,11,7,2322,2117
2021,652822592985579520,NCAA PIONEER,PATRIOT,FREEDOM,1,533363986486435840,MattJB87,15,3,2720,2165
2021,652822592985579520,NCAA PIONEER,PATRIOT,FREEDOM,2,604755917715607552,plazzmarc,1,17,1692,2469
2021,652822592985579520,NCAA PIONEER,PATRIOT,FREEDOM,3,459110344502013952,MyFingerPoints,7,11,2245,2304
2021,652822592985579520,NCAA PIONEER,PATRIOT,FREEDOM,4,519460302416203776,AccusedRanger97,3,15,1788,2450
2021,652822592985579520,NCAA PIONEER,PATRIOT,FREEDOM,5,561684253895716864,fwen,10,8,1896,2001
2021,652822592985579520,NCAA PIONEER,PATRIOT,FREEDOM,6,455753261765357568,BDAVIS309,9,9,2364,2407
2021,652822592985579520,NCAA PIONEER,PATRIOT,FREEDOM,7,475391637342646272,rgroban,9,9,2229,2262
2021,652822592985579520,NCAA PIONEER,PATRIOT,FREEDOM,8,339931221767249920,CrownMeKing,11,7,2579,2195
2021,652822592985579520,NCAA PIONEER,PATRIOT,FREEDOM,9,698206840328134656,ishaansethi,8,10,2193,2133
2021,652822592985579520,NCAA PIONEER,PATRIOT,FREEDOM,10,460518714907815936,linkoftime1,10,8,2247,1995
2021,652822592985579520,NCAA PIONEER,PATRIOT,FREEDOM,11,520108377286893568,HPTexans,8,10,1945,2211
2021,652822592985579520,NCAA PIONEER,PATRIOT,FREEDOM,12,519675297838780416,willsingle05,17,1,2760,2065
2021,652822508415823872,NCAA WILD,PLAINS,VALLEY,1,457579310098673664,LanceBoneau,16,2,2740,2020
2021,652822508415823872,NCAA WILD,PLAINS,VALLEY,2,635686851117670400,WillAllen,8,10,2274,2314
2021,652822508415823872,NCAA WILD,PLAINS,VALLEY,3,441392312380026880,4thdownTD,13,5,2799,2337
2021,652822508415823872,NCAA WILD,PLAINS,VALLEY,4,635935003657723904,matthewitz,13,5,2441,2093
2021,652822508415823872,NCAA WILD,PLAINS,VALLEY,5,642578171354484736,FareedB,6,12,1989,2442
2021,652822508415823872,NCAA WILD,PLAINS,VALLEY,6,203496917160697856,ThomasHarris,1,17,1684,2369
2021,652822508415823872,NCAA WILD,PLAINS,VALLEY,7,561674255216046080,SlatonDa3rd,3,15,1431,2229
2021,652822508415823872,NCAA WILD,PLAINS,VALLEY,8,462714981117325312,Buckeyefan5184,11,7,2619,2245
2021,652822508415823872,NCAA WILD,PLAINS,VALLEY,9,603083535368134656,MrBarryMcCockiner,6,12,2082,2299
2021,652822508415823872,NCAA WILD,PLAINS,VALLEY,10,505166677990699008,olddominion2020,11,7,2336,2259
2021,652822508415823872,NCAA WILD,PLAINS,VALLEY,11,434740393972592640,Squinto,10,8,2281,2244
2021,652822508415823872,NCAA WILD,PLAINS,VALLEY,12,460518714907815936,linkoftime1,10,8,2359,2185
2021,652822437578215424,NCAA SUN BELT,BIBLE,REBEL,1,429733810611949568,Piglet10,10,8,2011,2163
2021,652822437578215424,NCAA SUN BELT,BIBLE,REBEL,2,458650904741015552,CRicks3,15,3,2533,2136
2021,652822437578215424,NCAA SUN BELT,BIBLE,REBEL,3,481957045667360768,Prestongee17,11,7,2787,2231
2021,652822437578215424,NCAA SUN BELT,BIBLE,REBEL,4,447283305738399744,Lucchityler,10,8,2291,2086
2021,652822437578215424,NCAA SUN BELT,BIBLE,REBEL,5,546466738316963840,PackMan1212,6,12,1663,2256
2021,652822437578215424,NCAA SUN BELT,BIBLE,REBEL,6,465019661495300096,Raidersforte,7,11,2130,2239
2021,652822437578215424,NCAA SUN BELT,BIBLE,REBEL,7,547214728132608000,ericdas12,8,10,2058,2235
2021,652822437578215424,NCAA SUN BELT,BIBLE,REBEL,8,441362521463451648,yoboihawks,10,8,2449,2168
2021,652822437578215424,NCAA SUN BELT,BIBLE,REBEL,9,460518714907815936,linkoftime1,4,14,1698,2340
2021,652822437578215424,NCAA SUN BELT,BIBLE,REBEL,10,441330448283463680,Fr3shBC11,13,5,2502,2174
2021,652822437578215424,NCAA SUN BELT,BIBLE,REBEL,11,461681329860243456,ryanfried2,10,8,2223,2020
2021,652822437578215424,NCAA SUN BELT,BIBLE,REBEL,12,465297932204109824,utsa,4,14,1884,2182
2021,652822356867264512,NCAA SEC,EAST,WEST,1,441458152391569408,andcousinsissacked,10,8,2166,2119
2021,652822356867264512,NCAA SEC,EAST,WEST,2,437752171740524544,menacesober,10,8,2211,2222
2021,652822356867264512,NCAA SEC,EAST,WEST,3,457957045534978048,ChadLowe,5,13,1955,2239
2021,652822356867264512,NCAA SEC,EAST,WEST,4,446524535810813952,ahhchainsaw,11,7,2389,2369
2021,652822356867264512,NCAA SEC,EAST,WEST,5,562032371824951296,ryank45,11,7,2470,2224
2021,652822356867264512,NCAA SEC,EAST,WEST,6,510556455562792960,thatmansanti,10,8,2573,2186
2021,652822356867264512,NCAA SEC,EAST,WEST,7,461680102409760768,kodakjack,7,11,1918,2055
2021,652822356867264512,NCAA SEC,EAST,WEST,8,749707909142802432,BeefTrapeze,9,9,2192,2330
2021,652822356867264512,NCAA SEC,EAST,WEST,9,503639845369802752,gregorybly,10,8,2140,2223
2021,652822356867264512,NCAA SEC,EAST,WEST,10,641695634772025344,TimothyMartinFF,13,5,2399,1977
2021,652822356867264512,NCAA SEC,EAST,WEST,11,560284880620699648,devbovino,4,14,1872,2288
2021,652822356867264512,NCAA SEC,EAST,WEST,12,445468333035220992,JosephMarin07,8,10,2231,2283
2021,652822293206081536,NCAA MOUNTAIN WEST,SAINT,SIN,1,626596982345129984,dukiev99,11,7,2271,2020
2021,652822293206081536,NCAA MOUNTAIN WEST,SAINT,SIN,2,463106510101147648,bucketmikal14,7,11,2096,2315
2021,652822293206081536,NCAA MOUNTAIN WEST,SAINT,SIN,3,463057520089362432,ryanl17,6,12,1998,2281
2021,652822293206081536,NCAA MOUNTAIN WEST,SAINT,SIN,4,571767410708901888,Kyvend01,9,9,2017,2026
2021,652822293206081536,NCAA MOUNTAIN WEST,SAINT,SIN,5,609605414685859840,KingWapo,11,7,2198,1947
2021,652822293206081536,NCAA MOUNTAIN WEST,SAINT,SIN,6,482448684026425344,Avery33,7,11,1861,2158
2021,652822293206081536,NCAA MOUNTAIN WEST,SAINT,SIN,7,519460302416203776,AccusedRanger97,3,15,1663,2078
2021,652822293206081536,NCAA MOUNTAIN WEST,SAINT,SIN,8,325726913966395392,bkoldham,14,4,2252,1909
2021,652822293206081536,NCAA MOUNTAIN WEST,SAINT,SIN,9,460518714907815936,linkoftime1,10,8,2294,2192
2021,652822293206081536,NCAA MOUNTAIN WEST,SAINT,SIN,10,461772326111801344,Chang,10,8,2309,2192
2021,652822293206081536,NCAA MOUNTAIN WEST,SAINT,SIN,11,468116813004140544,ZMATH11,11,7,2193,2017
2021,652822293206081536,NCAA MOUNTAIN WEST,SAINT,SIN,12,322205296309051392,TBLowery58,9,9,2373,2391
2021,652822152327815168,NCAA HISTORICALLY BLACK,Mississippi River,Hurricane,1,471427194132885504,PhantomXX,6,12,1897,2316
2021,652822152327815168,NCAA HISTORICALLY BLACK,Mississippi River,Hurricane,2,303281379553058816,ImRickJames,4,14,1842,2179
2021,652822152327815168,NCAA HISTORICALLY BLACK,Mississippi River,Hurricane,3,640052303377952768,lcummings,6,12,2196,2319
2021,652822152327815168,NCAA HISTORICALLY BLACK,Mississippi River,Hurricane,4,640086413861294080,csmith1222,10,8,2430,2437
2021,652822152327815168,NCAA HISTORICALLY BLACK,Mississippi River,Hurricane,5,519656908428791808,tpearson2222,7,11,1877,2012
2021,652822152327815168,NCAA HISTORICALLY BLACK,Mississippi River,Hurricane,6,692168840821411840,DeanFalcon,11,7,2256,2260
2021,652822152327815168,NCAA HISTORICALLY BLACK,Mississippi River,Hurricane,7,519728067978186752,StrikerS091,9,9,2152,2136
2021,652822152327815168,NCAA HISTORICALLY BLACK,Mississippi River,Hurricane,8,467835045181124608,wblack2012,8,10,2055,2275
2021,652822152327815168,NCAA HISTORICALLY BLACK,Mississippi River,Hurricane,9,631893934183882752,aaronlaw,12,6,2659,2212
2021,652822152327815168,NCAA HISTORICALLY BLACK,Mississippi River,Hurricane,10,694233255825719296,bb7661KING,15,3,2714,2107
2021,652822152327815168,NCAA HISTORICALLY BLACK,Mississippi River,Hurricane,11,327614483000217600,Jerryb83,7,11,2217,2279
2021,652822152327815168,NCAA HISTORICALLY BLACK,Mississippi River,Hurricane,12,460518714907815936,linkoftime1,13,5,2344,2107
2021,652821876346810368,NCAA BIG 10,EAST,WEST,1,340600026956906496,CanadaGoose0505,11,7,2804,2335
2021,652821876346810368,NCAA BIG 10,EAST,WEST,2,438178170542223360,EthanH,11,7,2437,2268
2021,652821876346810368,NCAA BIG 10,EAST,WEST,3,456550391375458304,Clamonte,5,13,2164,2246
2021,652821876346810368,NCAA BIG 10,EAST,WEST,4,519389380047458304,URTOASTS,5,13,1814,2266
2021,652821876346810368,NCAA BIG 10,EAST,WEST,5,459190461706268672,jreilly,13,5,2737,2397
2021,652821876346810368,NCAA BIG 10,EAST,WEST,6,460511267564548096,laxbro000,13,5,2561,2249
2021,652821876346810368,NCAA BIG 10,EAST,WEST,7,460518714907815936,linkoftime1,11,7,2549,2409
2021,652821876346810368,NCAA BIG 10,EAST,WEST,8,519694666546008064,eseromo760,10,8,2157,2151
2021,652821876346810368,NCAA BIG 10,EAST,WEST,9,559208653427675136,DavidAshley,11,7,2380,2182
2021,652821876346810368,NCAA BIG 10,EAST,WEST,10,459225788735025152,richardson98,6,12,1998,2446
2021,652821876346810368,NCAA BIG 10,EAST,WEST,11,388919621245210624,SpinachAssasin,11,7,2647,2190
2021,652821876346810368,NCAA BIG 10,EAST,WEST,12,443870183853912064,chrispychicken,1,17,1261,2371
2021,644097339790827520,NCAA OHIO VALLEY,Yankee,Southern,1,571753677428977664,Mistafyer,8,10,2136,2192
2021,644097339790827520,NCAA OHIO VALLEY,Yankee,Southern,2,601198801197260800,LMarkiewicz04,6,12,1968,2246
2021,644097339790827520,NCAA OHIO VALLEY,Yankee,Southern,3,468944645166985216,srcav,13,5,2836,2225
2021,644097339790827520,NCAA OHIO VALLEY,Yankee,Southern,4,472879969664495616,ethansherwood22,13,5,2627,2361
2021,644097339790827520,NCAA OHIO VALLEY,Yankee,Southern,5,474662041341128704,Dreev,8,10,2417,2228
2021,644097339790827520,NCAA OHIO VALLEY,Yankee,Southern,6,331558449374593024,leathershoe4,8,10,2141,2358
2021,644097339790827520,NCAA OHIO VALLEY,Yankee,Southern,7,635700695584043008,charlielol,8,10,2350,2412
2021,644097339790827520,NCAA OHIO VALLEY,Yankee,Southern,8,69768813763510272,ThongBonerstorm,7,11,2197,2471
2021,644097339790827520,NCAA OHIO VALLEY,Yankee,Southern,9,347683464398749696,ducttapeit,12,6,2213,2088
2021,644097339790827520,NCAA OHIO VALLEY,Yankee,Southern,10,594242128851296256,kevinedge,5,13,2119,2610
2021,644097339790827520,NCAA OHIO VALLEY,Yankee,Southern,11,638193564806897664,Romantryert,13,5,2615,2416
2021,644097339790827520,NCAA OHIO VALLEY,Yankee,Southern,12,327689364916146176,McNaga,7,11,2208,2218
2022,787469647648763904,NCAA MOUNTAIN WEST,SAINT,SIN,1,596835723861082112,RicochetRay,14,4,2770,2323
2022,787469647648763904,NCAA MOUNTAIN WEST,SAINT,SIN,2,463106510101147648,jmdorsey00,10,8,2418,2098
2022,787469647648763904,NCAA MOUNTAIN WEST,SAINT,SIN,3,560626155833876480,HonoredMexican,14,4,2606,2089
2022,787469647648763904,NCAA MOUNTAIN WEST,SAINT,SIN,4,571767410708901888,Kyvend01,10,8,2567,2329
2022,787469647648763904,NCAA MOUNTAIN WEST,SAINT,SIN,5,757350771300880384,Thomash2442,11,7,2275,2242
2022,787469647648763904,NCAA MOUNTAIN WEST,SAINT,SIN,6,482448684026425344,Avery33,2,16,1633,2289
2022,787469647648763904,NCAA MOUNTAIN WEST,SAINT,SIN,7,467489585379667968,loganhall17,3,15,1632,2359
2022,787469647648763904,NCAA MOUNTAIN WEST,SAINT,SIN,8,325726913966395392,bkoldham,11,7,2309,2200
2022,787469647648763904,NCAA MOUNTAIN WEST,SAINT,SIN,9,589001974318403584,Mrhawke19,10,8,2393,2320
2022,787469647648763904,NCAA MOUNTAIN WEST,SAINT,SIN,10,814354227357908992,Twistedmentat,6,12,1969,2218
2022,787469647648763904,NCAA MOUNTAIN WEST,SAINT,SIN,11,,Unknown,8,10,2012,2140
2022,787469647648763904,NCAA MOUNTAIN WEST,SAINT,SIN,12,444590065046253568,reedymang,9,9,2276,2252
2022,787469620847190016,NCAA BIG EAST & CO.,MIDEAST,NORTHEAST,1,746553377818841088,DELETED-boW6VP286Lk3,10,8,2216,2191
2022,787469620847190016,NCAA BIG EAST & CO.,MIDEAST,NORTHEAST,2,389656085486649344,UrTrash,9,9,2206,2178
2022,787469620847190016,NCAA BIG EAST & CO.,MIDEAST,NORTHEAST,3,333005257409847296,ikemendel,7,11,2029,2324
2022,787469620847190016,NCAA BIG EAST & CO.,MIDEAST,NORTHEAST,4,456129190995947520,vinceA762,6,12,1987,2228
2022,787469620847190016,NCAA BIG EAST & CO.,MIDEAST,NORTHEAST,5,836025225756934144,ngregg38,0,18,1627,2245
2022,787469620847190016,NCAA BIG EAST & CO.,MIDEAST,NORTHEAST,6,443323427143544832,joonbug,10,8,2318,2168
2022,787469620847190016,NCAA BIG EAST & CO.,MIDEAST,NORTHEAST,7,456159345906806784,CodeKhaos,12,6,2652,2340
2022,787469620847190016,NCAA BIG EAST & CO.,MIDEAST,NORTHEAST,8,456167283761344512,Claser,14,4,2716,2198
2022,787469620847190016,NCAA BIG EAST & CO.,MIDEAST,NORTHEAST,9,802480422482206720,POLOONTOP,7,11,1962,2165
2022,787469620847190016,NCAA BIG EAST & CO.,MIDEAST,NORTHEAST,10,338858684358623232,Psyclone,9,9,2241,2286
2022,787469620847190016,NCAA BIG EAST & CO.,MIDEAST,NORTHEAST,11,456182244336201728,Ianiners,13,5,2519,2270
2022,787469620847190016,NCAA BIG EAST & CO.,MIDEAST,NORTHEAST,12,64174089933570048,ryno,11,7,2326,2206
2022,787469585417945088,NCAA OHIO VALLEY,Yankee,Southern,1,571753677428977664,Mistafyer,8,10,2068,2377
2022,787469585417945088,NCAA OHIO VALLEY,Yankee,Southern,2,601198801197260800,LMarkiewicz04,14,4,2838,2122
2022,787469585417945088,NCAA OHIO VALLEY,Yankee,Southern,3,468944645166985216,srcav,10,8,2536,2289
2022,787469585417945088,NCAA OHIO VALLEY,Yankee,Southern,4,472879969664495616,ethansherwood22,7,11,1993,2163
2022,787469585417945088,NCAA OHIO VALLEY,Yankee,Southern,5,474662041341128704,Dreev,9,9,2053,1990
2022,787469585417945088,NCAA OHIO VALLEY,Yankee,Southern,6,331558449374593024,leathershoe4,15,3,2800,2097
2022,787469585417945088,NCAA OHIO VALLEY,Yankee,Southern,7,635700695584043008,charlielol,9,9,2213,2150
2022,787469585417945088,NCAA OHIO VALLEY,Yankee,Southern,8,69768813763510272,ThongBonerstorm,10,8,2208,2330
2022,787469585417945088,NCAA OHIO VALLEY,Yankee,Southern,9,347683464398749696,AlabamaBobbyCue,5,13,1869,2349
2022,787469585417945088,NCAA OHIO VALLEY,Yankee,Southern,10,594242128851296256,kevinedge,9,9,2187,2181
2022,787469585417945088,NCAA OHIO VALLEY,Yankee,Southern,11,638193564806897664,Romantryert,10,8,2438,2354
2022,787469585417945088,NCAA OHIO VALLEY,Yankee,Southern,12,327689364916146176,McNaga,2,16,1572,2375
2022,787469538403921920,NCAA HISTORICALLY BLACK,Mississippi River,Hurricane,1,471427194132885504,PhantomXX,9,9,1943,2049
2022,787469538403921920,NCAA HISTORICALLY BLACK,Mississippi River,Hurricane,2,,Unknown,5,13,1739,2157
2022,787469538403921920,NCAA HISTORICALLY BLACK,Mississippi River,Hurricane,3,640052303377952768,lcummings,11,7,2293,2010
2022,787469538403921920,NCAA HISTORICALLY BLACK,Mississippi River,Hurricane,4,640086413861294080,csmith1222,10,8,2365,2290
2022,787469538403921920,NCAA HISTORICALLY BLACK,Mississippi River,Hurricane,5,519656908428791808,tpearson2222,10,8,2160,2410
2022,787469538403921920,NCAA HISTORICALLY BLACK,Mississippi River,Hurricane,6,692168840821411840,DeanFalcon,10,8,2293,2111
2022,787469538403921920,NCAA HISTORICALLY BLACK,Mississippi River,Hurricane,7,519728067978186752,StrikerS091,4,14,1697,2253
2022,787469538403921920,NCAA HISTORICALLY BLACK,Mississippi River,Hurricane,8,467835045181124608,wblack2012,10,8,2179,2055
2022,787469538403921920,NCAA HISTORICALLY BLACK,Mississippi River,Hurricane,9,631893934183882752,aaronlaw,5,13,1927,2215
2022,787469538403921920,NCAA HISTORICALLY BLACK,Mississippi River,Hurricane,10,694233255825719296,bb7661KING,13,5,2665,2161
2022,787469538403921920,NCAA HISTORICALLY BLACK,Mississippi River,Hurricane,11,327614483000217600,Jerryb83,11,7,2318,2107
2022,787469538403921920,NCAA HISTORICALLY BLACK,Mississippi River,Hurricane,12,520088376557371392,scoobydaeaglemahomes,10,8,2320,2082
2022,787469508792152064,NCAA WILD,PLAINS,VALLEY,1,457579310098673664,LanceBoneau,11,7,2620,2256
2022,787469508792152064,NCAA WILD,PLAINS,VALLEY,2,635686851117670400,WillAllen,5,13,1932,2298
2022,787469508792152064,NCAA WILD,PLAINS,VALLEY,3,441392312380026880,4thdownTD,16,2,2776,2136
2022,787469508792152064,NCAA WILD,PLAINS,VALLEY,4,635935003657723904,matthewitz,13,5,2457,2261
2022,787469508792152064,NCAA WILD,PLAINS,VALLEY,5,642578171354484736,FareedB,7,11,2239,2266
2022,787469508792152064,NCAA WILD,PLAINS,VALLEY,6,203496917160697856,ThomasHarris,2,16,1763,2336
2022,787469508792152064,NCAA WILD,PLAINS,VALLEY,7,603460801289863168,lumosityfan,7,11,1981,2348
2022,787469508792152064,NCAA WILD,PLAINS,VALLEY,8,462714981117325312,Buckeyefan5184,12,6,2469,2180
2022,787469508792152064,NCAA WILD,PLAINS,VALLEY,9,603083535368134656,MrBarryMcCockiner,9,9,1977,2070
2022,787469508792152064,NCAA WILD,PLAINS,VALLEY,10,505166677990699008,olddominion2020,12,6,2539,2255
2022,787469508792152064,NCAA WILD,PLAINS,VALLEY,11,434740393972592640,Squinto,6,12,1806,2183
2022,787469508792152064,NCAA WILD,PLAINS,VALLEY,12,448446449538035712,DBGiants,8,10,2351,2322
2022,787469482338717696,NCAA PIONEER,PATRIOT,FREEDOM,1,533363986486435840,MattJB87,12,6,2568,2351
2022,787469482338717696,NCAA PIONEER,PATRIOT,FREEDOM,2,468638573403303936,DownLoMoJo,7,11,2097,2282
2022,787469482338717696,NCAA PIONEER,PATRIOT,FREEDOM,3,459110344502013952,MyFingerPoints,5,13,1975,2280
2022,787469482338717696,NCAA PIONEER,PATRIOT,FREEDOM,4,439351925129867264,Daphud,3,15,1482,2118
2022,787469482338717696,NCAA PIONEER,PATRIOT,FREEDOM,5,432164755709370368,EBurkhart,13,5,2319,2273
2022,787469482338717696,NCAA PIONEER,PATRIOT,FREEDOM,6,455753261765357568,BDAVIS309,9,9,2189,2305
2022,787469482338717696,NCAA PIONEER,PATRIOT,FREEDOM,7,398884413687001088,OrtizTheGod,9,9,2304,2200
2022,787469482338717696,NCAA PIONEER,PATRIOT,FREEDOM,8,339931221767249920,CrownMeKing,14,4,2590,2169
2022,787469482338717696,NCAA PIONEER,PATRIOT,FREEDOM,9,602687087556231168,DictatorBerry,8,10,2117,2067
2022,787469482338717696,NCAA PIONEER,PATRIOT,FREEDOM,10,475385751685558272,Shemann20,5,13,1875,2184
2022,787469482338717696,NCAA PIONEER,PATRIOT,FREEDOM,11,437042046633504768,TheDrapFather,9,9,2410,2220
2022,787469482338717696,NCAA PIONEER,PATRIOT,FREEDOM,12,519675297838780416,willsingle05,14,4,2654,2128
2022,787469399828365312,NCAA IVY,RICH,SMART,1,470912510262767616,FlynnD,12,6,2572,2254
2022,787469399828365312,NCAA IVY,RICH,SMART,2,463212708402032640,Matthew12,6,12,2097,2265
2022,787469399828365312,NCAA IVY,RICH,SMART,3,480124073456693248,Jrodr71,3,15,1945,2518
2022,787469399828365312,NCAA IVY,RICH,SMART,4,570803989783429120,alecgagnon2001,3,15,1813,2265
2022,787469399828365312,NCAA IVY,RICH,SMART,5,395321276102627328,ccassidy,12,6,2218,2131
2022,787469399828365312,NCAA IVY,RICH,SMART,6,508415252621357056,ryanmchugh,14,4,2219,2035
2022,787469399828365312,NCAA IVY,RICH,SMART,7,826571292240109568,KamaraMinute,9,9,2316,2371
2022,787469399828365312,NCAA IVY,RICH,SMART,8,461688192555282432,PhilupMynuts,7,11,2149,2146
2022,787469399828365312,NCAA IVY,RICH,SMART,9,446519431196045312,MarBra24,11,7,2404,2146
2022,787469399828365312,NCAA IVY,RICH,SMART,10,587867701595119616,BlackBOI93,9,9,2046,2023
2022,787469399828365312,NCAA IVY,RICH,SMART,11,460895027179024384,jtheadrick98,9,9,2419,2275
2022,787469399828365312,NCAA IVY,RICH,SMART,12,464595147808567296,cobrapanther99,13,5,2436,2205
2022,787469368543035392,NCAA USA,GULF,TWISTER,1,389658700735868928,dh671,9,9,2165,2296
2022,787469368543035392,NCAA USA,GULF,TWISTER,2,464625836192952320,brooksy33,12,6,2310,2199
2022,787469368543035392,NCAA USA,GULF,TWISTER,3,89528070197100544,DapperDave89,6,12,2178,2363
2022,787469368543035392,NCAA USA,GULF,TWISTER,4,692542511834558464,GRIDIRONGANG81,7,11,1924,2053
2022,787469368543035392,NCAA USA,GULF,TWISTER,5,720107653187047424,averageffplayer,2,16,1467,1989
2022,787469368543035392,NCAA USA,GULF,TWISTER,6,560611777479667712,PatrickT21,11,7,2328,2099
2022,787469368543035392,NCAA USA,GULF,TWISTER,7,651857322645241856,ridinroundinarover,7,11,1804,2150
2022,787469368543035392,NCAA USA,GULF,TWISTER,8,605439246030925824,krichknowsbest,11,7,2432,2233
2022,787469368543035392,NCAA USA,GULF,TWISTER,9,826900217294094336,JacksonGardner5,11,7,2357,2151
2022,787469368543035392,NCAA USA,GULF,TWISTER,10,590358219562455040,Woolley69,15,3,2746,2072
2022,787469368543035392,NCAA USA,GULF,TWISTER,11,725895632845357056,T0rey,8,10,2185,2253
2022,787469368543035392,NCAA USA,GULF,TWISTER,12,650627977721245696,BroncoZzz,9,9,2147,2186
2022,787428947523657728,NCAA BIG SKY,Frontier,Colonies,1,891425488877494272,AJ2319,2,16,1460,2197
2022,787428947523657728,NCAA BIG SKY,Frontier,Colonies,2,439255136309604352,PapaCrowther,11,7,2164,2209
2022,787428947523657728,NCAA BIG SKY,Frontier,Colonies,3,449327253101211648,Beastchewy15,8,10,2211,2237
2022,787428947523657728,NCAA BIG SKY,Frontier,Colonies,4,519439276311531520,Elestial,10,8,2630,2395
2022,787428947523657728,NCAA BIG SKY,Frontier,Colonies,5,465934519652839424,agrakush,9,9,2182,2258
2022,787428947523657728,NCAA BIG SKY,Frontier,Colonies,6,424793511431262208,Elwayluva7,10,8,2497,2225
2022,787428947523657728,NCAA BIG SKY,Frontier,Colonies,7,78892531970359296,fballfreek80,13,5,2334,2131
2022,787428947523657728,NCAA BIG SKY,Frontier,Colonies,8,437413803001376768,Vitus,13,5,2459,2098
2022,787428947523657728,NCAA BIG SKY,Frontier,Colonies,9,448641292377780224,Pinky7373,5,13,1894,2306
2022,787428947523657728,NCAA BIG SKY,Frontier,Colonies,10,450023004458446848,DaLegend,6,12,2248,2359
2022,787428947523657728,NCAA BIG SKY,Frontier,Colonies,11,604388962898866176,mgrant55,9,9,2195,2308
2022,787428947523657728,NCAA BIG SKY,Frontier,Colonies,12,519767126595325952,mssullivan2022,12,6,2626,2178
2022,787428905404465152,NCAA SUN BELT,BIBLE,REBEL,1,429733810611949568,Piglet10,2,16,1585,2149
2022,787428905404465152,NCAA SUN BELT,BIBLE,REBEL,2,458650904741015552,CRicks3,12,6,2474,2348
2022,787428905404465152,NCAA SUN BELT,BIBLE,REBEL,3,481957045667360768,Prestongee17,14,4,2550,2236
2022,787428905404465152,NCAA SUN BELT,BIBLE,REBEL,4,447283305738399744,Lucchityler,7,11,2318,2211
2022,787428905404465152,NCAA SUN BELT,BIBLE,REBEL,5,546466738316963840,PackMan1212,3,15,1686,2385
2022,787428905404465152,NCAA SUN BELT,BIBLE,REBEL,6,465019661495300096,Raidersforte,7,11,2190,2252
2022,787428905404465152,NCAA SUN BELT,BIBLE,REBEL,7,547214728132608000,alphabeasttt,13,5,2463,2189
2022,787428905404465152,NCAA SUN BELT,BIBLE,REBEL,8,441362521463451648,yoboihawks,14,4,2773,2011
2022,787428905404465152,NCAA SUN BELT,BIBLE,REBEL,9,380128482900062208,denvermanning,3,15,1607,2319
2022,787428905404465152,NCAA SUN BELT,BIBLE,REBEL,10,441330448283463680,Fr3shBC11,13,5,2640,2162
2022,787428905404465152,NCAA SUN BELT,BIBLE,REBEL,11,461681329860243456,ryanfried2,11,7,2212,2068
2022,787428905404465152,NCAA SUN BELT,BIBLE,REBEL,12,465297932204109824,utsa,9,9,2027,2194
2022,787428859766263808,NCAA SEC,EAST,WEST,1,441458152391569408,andcousinsissacked,8,10,2020,2150
2022,787428859766263808,NCAA SEC,EAST,WEST,2,692038679077650432,Dillydilly02,10,8,2269,2294
2022,787428859766263808,NCAA SEC,EAST,WEST,3,457957045534978048,ChadLowe,7,11,1996,2221
2022,787428859766263808,NCAA SEC,EAST,WEST,4,446524535810813952,ahhchainsaw,13,5,2839,2164
2022,787428859766263808,NCAA SEC,EAST,WEST,5,562032371824951296,ryank45,14,4,2628,2108
2022,787428859766263808,NCAA SEC,EAST,WEST,6,510556455562792960,thatmansanti,11,7,2437,2085
2022,787428859766263808,NCAA SEC,EAST,WEST,7,461680102409760768,kodakjack,8,10,1978,2128
2022,787428859766263808,NCAA SEC,EAST,WEST,8,749707909142802432,BeefTrapeze,5,13,1799,2080
2022,787428859766263808,NCAA SEC,EAST,WEST,9,503639845369802752,gregorybly,11,7,2359,2172
2022,787428859766263808,NCAA SEC,EAST,WEST,10,510483000784015360,Christian4,6,12,1900,2161
2022,787428859766263808,NCAA SEC,EAST,WEST,11,560284880620699648,devbovino,10,8,1922,2112
2022,787428859766263808,NCAA SEC,EAST,WEST,12,445468333035220992,JosephMarin07,5,13,1726,2199
2022,787428826962571264,NCAA BIG 12,HEAT,WIND,1,446530486903238656,BigSexy3422,14,4,2488,2289
2022,787428826962571264,NCAA BIG 12,HEAT,WIND,2,667752373111824384,trev7293,13,5,2559,2131
2022,787428826962571264,NCAA BIG 12,HEAT,WIND,3,533541056352481280,DavidJimm,6,12,2005,2270
2022,787428826962571264,NCAA BIG 12,HEAT,WIND,4,425362114291437568,deadheadshane,11,7,2496,2215
2022,787428826962571264,NCAA BIG 12,HEAT,WIND,5,464117743042424832,robertlouis7,7,11,2230,2353
2022,787428826962571264,NCAA BIG 12,HEAT,WIND,6,335910160469880832,elianbruger,12,6,2426,2047
2022,787428826962571264,NCAA BIG 12,HEAT,WIND,7,425386065373691904,Frankeen,7,11,2103,2219
2022,787428826962571264,NCAA BIG 12,HEAT,WIND,8,543929284962770944,alicho,9,9,2554,2329
2022,787428826962571264,NCAA BIG 12,HEAT,WIND,9,453711063846744064,rchau56,12,6,2254,2128
2022,787428826962571264,NCAA BIG 12,HEAT,WIND,10,453230006181556224,Samara,4,14,1646,2231
2022,787428826962571264,NCAA BIG 12,HEAT,WIND,11,619190004979138560,CousinMose15,10,8,2366,2315
2022,787428826962571264,NCAA BIG 12,HEAT,WIND,12,446397791615315968,FancyLlama,3,15,1601,2202
2022,787122703772614656,NCAA ACC,ATLANTIC,COASTAL,1,571754879825395712,ChrisW21,5,13,1850,2303
2022,787122703772614656,NCAA ACC,ATLANTIC,COASTAL,2,568115266901286912,MattyBent,13,5,2244,1993
2022,787122703772614656,NCAA ACC,ATLANTIC,COASTAL,3,468627640945733632,tylerjreese,8,10,2126,2313
2022,787122703772614656,NCAA ACC,ATLANTIC,COASTAL,4,455836851501002752,landonh12,8,10,2384,2335
2022,787122703772614656,NCAA ACC,ATLANTIC,COASTAL,5,468618720470626304,Yarby,10,8,2224,2195
2022,787122703772614656,NCAA ACC,ATLANTIC,COASTAL,6,463453800313647104,WhiskyScientist,12,6,2221,2049
2022,787122703772614656,NCAA ACC,ATLANTIC,COASTAL,7,453658285061435392,fatalbeast,9,9,2339,2230
2022,787122703772614656,NCAA ACC,ATLANTIC,COASTAL,8,456168604006608896,eperedetto,8,10,2266,2354
2022,787122703772614656,NCAA ACC,ATLANTIC,COASTAL,9,412321968218451968,B1GNate35,5,13,1991,2106
2022,787122703772614656,NCAA ACC,ATLANTIC,COASTAL,10,713189676609003520,LetsGooooo365,4,14,1633,2295
2022,787122703772614656,NCAA ACC,ATLANTIC,COASTAL,11,458070829909929984,Campbell8,11,7,2380,2223
2022,787122703772614656,NCAA ACC,ATLANTIC,COASTAL,12,302575527556825088,dilbennett,15,3,2992,2254
2022,787122632301649920,NCAA PAC 12,NORTH,SOUTH,1,437465313911500800,kfitch630,4,14,1424,2382
2022,787122632301649920,NCAA PAC 12,NORTH,SOUTH,2,709857172258881536,KamaraGOAT41,14,4,2560,2100
2022,787122632301649920,NCAA PAC 12,NORTH,SOUTH,3,470320542868566016,Dunebuggy619,8,10,1974,2175
2022,787122632301649920,NCAA PAC 12,NORTH,SOUTH,4,477666723663704064,chzhead412,7,11,2148,2110
2022,787122632301649920,NCAA PAC 12,NORTH,SOUTH,5,619963570297352192,cooperthach,9,9,1902,2181
2022,787122632301649920,NCAA PAC 12,NORTH,SOUTH,6,338823136923381760,samggannon,6,12,2040,2332
2022,787122632301649920,NCAA PAC 12,NORTH,SOUTH,7,597246797479469056,wrightc214,15,3,3079,2133
2022,787122632301649920,NCAA PAC 12,NORTH,SOUTH,8,611968410179424256,OlHorndog,3,15,1648,2197
2022,787122632301649920,NCAA PAC 12,NORTH,SOUTH,9,519390092788297728,ScottyW13,7,11,2030,2295
2022,787122632301649920,NCAA PAC 12,NORTH,SOUTH,10,534619662650601472,ImagineWiigons,12,6,2599,2189
2022,787122632301649920,NCAA PAC 12,NORTH,SOUTH,11,76460245878456320,seniormeow,13,5,2601,1979
2022,787122632301649920,NCAA PAC 12,NORTH,SOUTH,12,450806182555152384,lmerkouSaints,10,8,2318,2251
2022,787122556279885824,NCAA BIG 10,EAST,WEST,1,340600026956906496,Mation05,16,2,2847,2031
2022,787122556279885824,NCAA BIG 10,EAST,WEST,2,438178170542223360,EthanH,6,12,1529,2157
2022,787122556279885824,NCAA BIG 10,EAST,WEST,3,456550391375458304,Clamonte,7,11,2091,2230
2022,787122556279885824,NCAA BIG 10,EAST,WEST,4,734978696263380992,SausageKing27,4,14,1608,2158
2022,787122556279885824,NCAA BIG 10,EAST,WEST,5,459190461706268672,jreilly,9,9,2293,2192
2022,787122556279885824,NCAA BIG 10,EAST,WEST,6,460511267564548096,laxbro000,10,8,2381,2338
2022,787122556279885824,NCAA BIG 10,EAST,WEST,7,460518714907815936,linkoftime1,14,4,2503,2165
2022,787122556279885824,NCAA BIG 10,EAST,WEST,8,519694666546008064,eseromo760,9,9,2173,2200
2022,787122556279885824,NCAA BIG 10,EAST,WEST,9,559208653427675136,Klashified,7,11,2293,2265
2022,787122556279885824,NCAA BIG 10,EAST,WEST,10,459225788735025152,richardson98,2,16,1605,2374
2022,787122556279885824,NCAA BIG 10,EAST,WEST,11,388919621245210624,SpinachAssasin,12,6,2802,2201
2022,787122556279885824,NCAA BIG 10,EAST,WEST,12,443870183853912064,chrispychicken,12,6,2228,2041
2023,921152489498468352,NCAA MOUNTAIN WEST,SAINT,SIN,1,596835723861082112,RicochetRay,14,4,2900,2282
2023,921152489498468352,NCAA MOUNTAIN WEST,SAINT,SIN,2,463106510101147648,jmdorsey00,12,6,2407,2120
2023,921152489498468352,NCAA MOUNTAIN WEST,SAINT,SIN,3,560626155833876480,HonoredMexican,7,11,2395,2502
2023,921152489498468352,NCAA MOUNTAIN WEST,SAINT,SIN,4,571767410708901888,Kyvend01,12,6,2320,2166
2023,921152489498468352,NCAA MOUNTAIN WEST,SAINT,SIN,5,838238893672349696,SleazeMcNair,2,16,1497,2475
2023,921152489498468352,NCAA MOUNTAIN WEST,SAINT,SIN,6,482448684026425344,Avery33,6,12,1958,2113
2023,921152489498468352,NCAA MOUNTAIN WEST,SAINT,SIN,7,467489585379667968,loganhall17,10,8,2412,2247
2023,921152489498468352,NCAA MOUNTAIN WEST,SAINT,SIN,8,325726913966395392,bkoldham,8,10,2203,2432
2023,921152489498468352,NCAA MOUNTAIN WEST,SAINT,SIN,9,589001974318403584,Mrhawke19,12,6,2435,2164
2023,921152489498468352,NCAA MOUNTAIN WEST,SAINT,SIN,10,814354227357908992,Twistedmentat,9,9,2039,2256
2023,921152489498468352,NCAA MOUNTAIN WEST,SAINT,SIN,11,702897403514159104,bdub3,11,7,2597,2138
2023,921152489498468352,NCAA MOUNTAIN WEST,SAINT,SIN,12,444590065046253568,reedymang,5,13,2039,2306
2023,921152450353090560,NCAA OHIO VALLEY,Yankee,Southern,1,571753677428977664,Mistafyer,8,10,2259,2260
2023,921152450353090560,NCAA OHIO VALLEY,Yankee,Southern,2,601198801197260800,LMarkiewicz04,14,4,2734,2259
2023,921152450353090560,NCAA OHIO VALLEY,Yankee,Southern,3,468944645166985216,srcav,15,3,2611,2191
2023,921152450353090560,NCAA OHIO VALLEY,Yankee,Southern,4,472879969664495616,ethansherwood22,7,11,2079,2459
2023,921152450353090560,NCAA OHIO VALLEY,Yankee,Southern,5,474662041341128704,Dreev,7,11,2122,2357
2023,921152450353090560,NCAA OHIO VALLEY,Yankee,Southern,6,331558449374593024,leathershoe4,12,6,2916,2423
2023,921152450353090560,NCAA OHIO VALLEY,Yankee,Southern,7,635700695584043008,charlielol,11,7,2395,2132
2023,921152450353090560,NCAA OHIO VALLEY,Yankee,Southern,8,69768813763510272,ThongBonerstorm,5,13,1489,2219
2023,921152450353090560,NCAA OHIO VALLEY,Yankee,Southern,9,347683464398749696,BobbyH95,1,17,1484,2328
2023,921152450353090560,NCAA OHIO VALLEY,Yankee,Southern,10,594242128851296256,kevinedge,6,12,2115,2232
2023,921152450353090560,NCAA OHIO VALLEY,Yankee,Southern,11,638193564806897664,Romantryert,12,6,2397,2002
2023,921152450353090560,NCAA OHIO VALLEY,Yankee,Southern,12,300814106795974656,Firephool,10,8,2500,2238
2023,921152417742311424,NCAA HISTORICALLY BLACK,Mississippi River,Hurricane,1,471427194132885504,PhantomXX,3,15,1415,2048
2023,921152417742311424,NCAA HISTORICALLY BLACK,Mississippi River,Hurricane,2,726970553457537024,IndyFantasyGod,8,10,1963,2219
2023,921152417742311424,NCAA HISTORICALLY BLACK,Mississippi River,Hurricane,3,640052303377952768,lcummings,12,6,2298,2084
2023,921152417742311424,NCAA HISTORICALLY BLACK,Mississippi River,Hurricane,4,471080793406435328,memphismaniac,10,8,2506,2268
2023,921152417742311424,NCAA HISTORICALLY BLACK,Mississippi River,Hurricane,5,519656908428791808,tpearson2222,6,12,2114,2260
2023,921152417742311424,NCAA HISTORICALLY BLACK,Mississippi River,Hurricane,6,692168840821411840,DeanFalcon,5,13,1759,2236
2023,921152417742311424,NCAA HISTORICALLY BLACK,Mississippi River,Hurricane,7,519728067978186752,StrikerS091,8,10,2166,2194
2023,921152417742311424,NCAA HISTORICALLY BLACK,Mississippi River,Hurricane,8,467835045181124608,wblack2012,13,5,2211,2047
2023,921152417742311424,NCAA HISTORICALLY BLACK,Mississippi River,Hurricane,9,445360519348482048,PHINIX,11,7,2316,2123
2023,921152417742311424,NCAA HISTORICALLY BLACK,Mississippi River,Hurricane,10,694233255825719296,bb7661KING,13,5,2605,2105
2023,921152417742311424,NCAA HISTORICALLY BLACK,Mississippi River,Hurricane,11,327614483000217600,Jerryb83,10,8,2265,2117
2023,921152417742311424,NCAA HISTORICALLY BLACK,Mississippi River,Hurricane,12,520088376557371392,scoobydaeaglemahomes,9,9,2238,2155
2023,921152384695357440,NCAA USA,GULF,TWISTER,1,389658700735868928,dh671,6,12,2192,2381
2023,921152384695357440,NCAA USA,GULF,TWISTER,2,464625836192952320,brooksy33,8,10,2253,2276
2023,921152384695357440,NCAA USA,GULF,TWISTER,3,599286882408394752,Botro,11,7,2574,2315
2023,921152384695357440,NCAA USA,GULF,TWISTER,4,692542511834558464,GRIDIRONGANG81,4,14,2148,2281
2023,921152384695357440,NCAA USA,GULF,TWISTER,5,866509840124641280,JustTouchdown1221,8,10,2037,2318
2023,921152384695357440,NCAA USA,GULF,TWISTER,6,560611777479667712,PatrickT21,12,6,2427,2119
2023,921152384695357440,NCAA USA,GULF,TWISTER,7,651857322645241856,ridinroundinarover,12,6,2490,2226
2023,921152384695357440,NCAA USA,GULF,TWISTER,8,605439246030925824,krichknowsbest,10,8,2213,2441
2023,921152384695357440,NCAA USA,GULF,TWISTER,9,787224085817044992,masshole4eva,7,11,2251,2576
2023,921152384695357440,NCAA USA,GULF,TWISTER,10,590358219562455040,Woolley69,12,6,2482,2154
2023,921152384695357440,NCAA USA,GULF,TWISTER,11,460257215329071104,bshouseman,5,13,2078,2385
2023,921152384695357440,NCAA USA,GULF,TWISTER,12,650627977721245696,BroncoZzz,13,5,2541,2215
2023,921152355658248192,NCAA IVY,RICH,SMART,1,470912510262767616,FlynnD,3,15,1939,2383
2023,921152355658248192,NCAA IVY,RICH,SMART,2,463212708402032640,Matthew12,9,9,2299,2154
2023,921152355658248192,NCAA IVY,RICH,SMART,3,480124073456693248,Jrodr71,9,9,2369,2390
2023,921152355658248192,NCAA IVY,RICH,SMART,4,570803989783429120,alecgagnon2001,4,14,2000,2529
2023,921152355658248192,NCAA IVY,RICH,SMART,5,395321276102627328,ccassidy,11,7,2460,2414
2023,921152355658248192,NCAA IVY,RICH,SMART,6,1017588201080369152,TJWATTDPOY23,13,5,2412,2269
2023,921152355658248192,NCAA IVY,RICH,SMART,7,826571292240109568,KamaraMinute,13,5,2538,2359
2023,921152355658248192,NCAA IVY,RICH,SMART,8,461688192555282432,PhilupMynuts,6,12,2188,2320
2023,921152355658248192,NCAA IVY,RICH,SMART,9,82696315553071104,TheBear1973,12,6,2457,2132
2023,921152355658248192,NCAA IVY,RICH,SMART,10,587867701595119616,BlackBOI93,5,13,1818,2169
2023,921152355658248192,NCAA IVY,RICH,SMART,11,460895027179024384,jtheadrick98,14,4,2692,2094
2023,921152355658248192,NCAA IVY,RICH,SMART,12,464595147808567296,cobrapanther99,9,9,2197,2157
2023,921152324230262784,NCAA WILD,PLAINS,VALLEY,1,457579310098673664,LanceBoneau,12,6,2559,2211
2023,921152324230262784,NCAA WILD,PLAINS,VALLEY,2,545391514915762176,Hart123,4,14,1902,2499
2023,921152324230262784,NCAA WILD,PLAINS,VALLEY,3,441392312380026880,4thdownTD,15,3,2556,1900
2023,921152324230262784,NCAA WILD,PLAINS,VALLEY,4,635935003657723904,matthewitz,9,9,2177,2188
2023,921152324230262784,NCAA WILD,PLAINS,VALLEY,5,642578171354484736,FareedB,11,7,2366,2106
2023,921152324230262784,NCAA WILD,PLAINS,VALLEY,6,203496917160697856,ThomasHarris,7,11,1821,2150
2023,921152324230262784,NCAA WILD,PLAINS,VALLEY,7,603460801289863168,lumosityfan,1,17,1206,2259
2023,921152324230262784,NCAA WILD,PLAINS,VALLEY,8,462714981117325312,Buckeyefan5184,12,6,2542,2013
2023,921152324230262784,NCAA WILD,PLAINS,VALLEY,9,603083535368134656,MrBarryMcCockiner,9,9,1952,2208
2023,921152324230262784,NCAA WILD,PLAINS,VALLEY,10,505166677990699008,olddominion2020,15,3,2808,1896
2023,921152324230262784,NCAA WILD,PLAINS,VALLEY,11,434740393972592640,Squinto,7,11,1986,2113
2023,921152324230262784,NCAA WILD,PLAINS,VALLEY,12,448446449538035712,DBGiants,6,12,1929,2264
2023,921152273420525568,NCAA BIG SKY,Frontier,Colonies,1,456258200757334016,WillyP15,6,12,1696,2221
2023,921152273420525568,NCAA BIG SKY,Frontier,Colonies,2,439255136309604352,PapaCrowther,8,10,2436,2300
2023,921152273420525568,NCAA BIG SKY,Frontier,Colonies,3,449327253101211648,Beastchewy15,11,7,2353,2085
2023,921152273420525568,NCAA BIG SKY,Frontier,Colonies,4,519439276311531520,Elestial,9,9,2316,2204
2023,921152273420525568,NCAA BIG SKY,Frontier,Colonies,5,465934519652839424,agrakush,4,14,1760,2220
2023,921152273420525568,NCAA BIG SKY,Frontier,Colonies,6,424793511431262208,Elwayluva7,12,6,2518,2234
2023,921152273420525568,NCAA BIG SKY,Frontier,Colonies,7,78892531970359296,fballfreek80,12,6,2701,2226
2023,921152273420525568,NCAA BIG SKY,Frontier,Colonies,8,437413803001376768,Vitus,15,3,2795,2275
2023,921152273420525568,NCAA BIG SKY,Frontier,Colonies,9,448641292377780224,Pinky7373,5,13,1935,2404
2023,921152273420525568,NCAA BIG SKY,Frontier,Colonies,10,450023004458446848,DaLegend,5,13,1775,2195
2023,921152273420525568,NCAA BIG SKY,Frontier,Colonies,11,604388962898866176,mgrant55,7,11,1951,2379
2023,921152273420525568,NCAA BIG SKY,Frontier,Colonies,12,519767126595325952,mssullivan2022,14,4,2784,2279
2023,921152239639564288,NCAA PIONEER,PATRIOT,FREEDOM,1,533363986486435840,MattJB87,13,5,2509,2164
2023,921152239639564288,NCAA PIONEER,PATRIOT,FREEDOM,2,468638573403303936,DownLoMoJo,10,8,2504,2370
2023,921152239639564288,NCAA PIONEER,PATRIOT,FREEDOM,3,459110344502013952,MyFingerPoints,4,14,2002,2340
2023,921152239639564288,NCAA PIONEER,PATRIOT,FREEDOM,4,439351925129867264,Daphud,3,15,1822,2361
2023,921152239639564288,NCAA PIONEER,PATRIOT,FREEDOM,5,432164755709370368,EBurkhart,13,5,2182,2113
2023,921152239639564288,NCAA PIONEER,PATRIOT,FREEDOM,6,455753261765357568,BDAVIS309,8,10,2264,2419
2023,921152239639564288,NCAA PIONEER,PATRIOT,FREEDOM,7,398884413687001088,Ortizz,9,9,2211,2277
2023,921152239639564288,NCAA PIONEER,PATRIOT,FREEDOM,8,339931221767249920,CrownMeKing,12,6,2774,2207
2023,921152239639564288,NCAA PIONEER,PATRIOT,FREEDOM,9,602687087556231168,DictatorBerry,4,14,2097,2371
2023,921152239639564288,NCAA PIONEER,PATRIOT,FREEDOM,10,804937403319046144,hunterffl,4,14,1727,2194
2023,921152239639564288,NCAA PIONEER,PATRIOT,FREEDOM,11,437042046633504768,TheDrapFather,12,6,2659,2430
2023,921152239639564288,NCAA PIONEER,PATRIOT,FREEDOM,12,519675297838780416,willsingle05,16,2,2733,2240
2023,921152207104335872,NCAA SUN BELT,BIBLE,REBEL,1,429733810611949568,Piglet10,10,8,2412,2399
2023,921152207104335872,NCAA SUN BELT,BIBLE,REBEL,2,458650904741015552,CRicks3,13,5,2735,2296
2023,921152207104335872,NCAA SUN BELT,BIBLE,REBEL,3,481957045667360768,Prestongee17,2,16,1500,2300
2023,921152207104335872,NCAA SUN BELT,BIBLE,REBEL,4,447283305738399744,Lucchityler,7,11,2126,2265
2023,921152207104335872,NCAA SUN BELT,BIBLE,REBEL,5,546466738316963840,PackMan1212,6,12,2010,2385
2023,921152207104335872,NCAA SUN BELT,BIBLE,REBEL,6,465019661495300096,Raidersforte,10,8,2630,2220
2023,921152207104335872,NCAA SUN BELT,BIBLE,REBEL,7,547214728132608000,alphabeasttt,12,6,2753,2302
2023,921152207104335872,NCAA SUN BELT,BIBLE,REBEL,8,441362521463451648,yoboihawks,14,4,2528,2216
2023,921152207104335872,NCAA SUN BELT,BIBLE,REBEL,9,380128482900062208,denvermanning,4,14,1727,2292
2023,921152207104335872,NCAA SUN BELT,BIBLE,REBEL,10,441330448283463680,Fr3shBC11,14,4,2573,2233
2023,921152207104335872,NCAA SUN BELT,BIBLE,REBEL,11,461681329860243456,ryanfried2,7,11,2045,2263
2023,921152207104335872,NCAA SUN BELT,BIBLE,REBEL,12,465297932204109824,utsa,9,9,2318,2185
2023,921152169275957248,NCAA BIG EAST & CO.,MIDEAST,NORTHEAST,1,596439270961508352,TitanUp406,8,10,2212,2219
2023,921152169275957248,NCAA BIG EAST & CO.,MIDEAST,NORTHEAST,2,389656085486649344,UrTrash,5,13,1805,2218
2023,921152169275957248,NCAA BIG EAST & CO.,MIDEAST,NORTHEAST,3,333005257409847296,ikemendel,3,15,1619,2131
2023,921152169275957248,NCAA BIG EAST & CO.,MIDEAST,NORTHEAST,4,456129190995947520,vinceA762,12,6,2397,2077
2023,921152169275957248,NCAA BIG EAST & CO.,MIDEAST,NORTHEAST,5,836025225756934144,ngregg38,10,8,2295,2142
2023,921152169275957248,NCAA BIG EAST & CO.,MIDEAST,NORTHEAST,6,443323427143544832,joonbug,8,10,2383,2298
2023,921152169275957248,NCAA BIG EAST & CO.,MIDEAST,NORTHEAST,7,456159345906806784,CodeKhaos,17,1,2795,2157
2023,921152169275957248,NCAA BIG EAST & CO.,MIDEAST,NORTHEAST,8,456167283761344512,Claser,15,3,2729,2042
2023,921152169275957248,NCAA BIG EAST & CO.,MIDEAST,NORTHEAST,9,802480422482206720,POLOCAPALOT,9,9,1903,2049
2023,921152169275957248,NCAA BIG EAST & CO.,MIDEAST,NORTHEAST,10,338858684358623232,Psyclone,5,13,1653,2200
2023,921152169275957248,NCAA BIG EAST & CO.,MIDEAST,NORTHEAST,11,456182244336201728,Ianiners,3,15,1767,2342
2023,921152169275957248,NCAA BIG EAST & CO.,MIDEAST,NORTHEAST,12,64174089933570048,ryno,13,5,2487,2169
2023,921152118084460544,NCAA SEC,EAST,WEST,1,441458152391569408,tedman546,7,11,1905,1998
2023,921152118084460544,NCAA SEC,EAST,WEST,2,508516852143693824,TheLegoBatman,15,3,2946,2212
2023,921152118084460544,NCAA SEC,EAST,WEST,3,457957045534978048,ChadLowe,10,8,2250,2153
2023,921152118084460544,NCAA SEC,EAST,WEST,4,446524535810813952,ahhchainsaw,14,4,2554,2086
2023,921152118084460544,NCAA SEC,EAST,WEST,5,562032371824951296,ryank45,7,11,2296,2359
2023,921152118084460544,NCAA SEC,EAST,WEST,6,510556455562792960,thatmansanti,14,4,2696,2279
2023,921152118084460544,NCAA SEC,EAST,WEST,7,461680102409760768,kodakjack,7,11,2113,2298
2023,921152118084460544,NCAA SEC,EAST,WEST,8,634614368377589760,MENDl,13,5,2587,2154
2023,921152118084460544,NCAA SEC,EAST,WEST,9,508521974461227008,brickers,1,17,930,2118
2023,921152118084460544,NCAA SEC,EAST,WEST,10,510483000784015360,Christian4,9,9,2152,2213
2023,921152118084460544,NCAA SEC,EAST,WEST,11,560284880620699648,devbovino,6,12,2026,2253
2023,921152118084460544,NCAA SEC,EAST,WEST,12,445468333035220992,JosephMarin07,5,13,1810,2143
2023,921152073054457856,NCAA BIG 12,HEAT,WIND,1,446530486903238656,BigSexy3422,9,9,2374,2340
2023,921152073054457856,NCAA BIG 12,HEAT,WIND,2,667752373111824384,trev7293,12,6,2641,2194
2023,921152073054457856,NCAA BIG 12,HEAT,WIND,3,533541056352481280,DavidJimm,2,16,1494,2512
2023,921152073054457856,NCAA BIG 12,HEAT,WIND,4,425362114291437568,deadheadshane,11,7,2522,2310
2023,921152073054457856,NCAA BIG 12,HEAT,WIND,5,464117743042424832,robertlouis7,13,5,2795,2213
2023,921152073054457856,NCAA BIG 12,HEAT,WIND,6,335910160469880832,elianbruger,9,9,2183,2394
2023,921152073054457856,NCAA BIG 12,HEAT,WIND,7,425386065373691904,Frankeen,12,6,2463,2058
2023,921152073054457856,NCAA BIG 12,HEAT,WIND,8,543929284962770944,alicho,11,7,2674,2239
2023,921152073054457856,NCAA BIG 12,HEAT,WIND,9,453711063846744064,rchau56,1,17,1238,2202
2023,921152073054457856,NCAA BIG 12,HEAT,WIND,10,989926421084557312,FalconsRULE7,5,13,1762,2209
2023,921152073054457856,NCAA BIG 12,HEAT,WIND,11,619190004979138560,CousinMose15,12,6,2481,2171
2023,921152073054457856,NCAA BIG 12,HEAT,WIND,12,820771678849171456,Gangly22,11,7,2487,2271
2023,921152041332871168,NCAA ACC,ATLANTIC,COASTAL,1,571754879825395712,ChrisW21,3,15,2009,2435
2023,921152041332871168,NCAA ACC,ATLANTIC,COASTAL,2,568115266901286912,MattyBent,11,7,2339,2211
2023,921152041332871168,NCAA ACC,ATLANTIC,COASTAL,3,825796864786964480,C4DoubleTap,4,14,1863,2122
2023,921152041332871168,NCAA ACC,ATLANTIC,COASTAL,4,455836851501002752,landonh12,11,7,2617,2261
2023,921152041332871168,NCAA ACC,ATLANTIC,COASTAL,5,468618720470626304,Yarby,8,10,2137,2237
2023,921152041332871168,NCAA ACC,ATLANTIC,COASTAL,6,463453800313647104,WhiskyScientist,7,11,2126,2181
2023,921152041332871168,NCAA ACC,ATLANTIC,COASTAL,7,453658285061435392,fatalbeast,8,10,2169,2492
2023,921152041332871168,NCAA ACC,ATLANTIC,COASTAL,8,456168604006608896,eperedetto,12,6,2339,2280
2023,921152041332871168,NCAA ACC,ATLANTIC,COASTAL,9,668318967567323136,markandrewsisthegoat,7,11,2193,2380
2023,921152041332871168,NCAA ACC,ATLANTIC,COASTAL,10,713189676609003520,LetsGooooo365,13,5,2228,2065
2023,921152041332871168,NCAA ACC,ATLANTIC,COASTAL,11,458070829909929984,Campbell8,8,10,2231,2295
2023,921152041332871168,NCAA ACC,ATLANTIC,COASTAL,12,302575527556825088,dilbennett,16,2,2926,2219
2023,921151976868155392,NCAA PAC 12,NORTH,SOUTH,1,437465313911500800,kfitch630,7,11,1761,2138
2023,921151976868155392,NCAA PAC 12,NORTH,SOUTH,2,709857172258881536,KamaraGOAT41,3,15,1650,2303
2023,921151976868155392,NCAA PAC 12,NORTH,SOUTH,3,470320542868566016,Dunebuggy619,7,11,2311,2399
2023,921151976868155392,NCAA PAC 12,NORTH,SOUTH,4,477666723663704064,chzhead412,7,11,2328,2424
2023,921151976868155392,NCAA PAC 12,NORTH,SOUTH,5,619963570297352192,cooperthach,8,10,2023,2256
2023,921151976868155392,NCAA PAC 12,NORTH,SOUTH,6,338823136923381760,samggannon,11,7,2344,2132
2023,921151976868155392,NCAA PAC 12,NORTH,SOUTH,7,597246797479469056,wrightc214,16,2,2978,2183
2023,921151976868155392,NCAA PAC 12,NORTH,SOUTH,8,611968410179424256,OlHorndog,5,13,1861,2336
2023,921151976868155392,NCAA PAC 12,NORTH,SOUTH,9,519390092788297728,ScottyW13,4,14,1850,2303
2023,921151976868155392,NCAA PAC 12,NORTH,SOUTH,10,534619662650601472,ImagineWiigons,12,6,2698,2342
2023,921151976868155392,NCAA PAC 12,NORTH,SOUTH,11,76460245878456320,seniormeow,16,2,2764,2016
2023,921151976868155392,NCAA PAC 12,NORTH,SOUTH,12,450806182555152384,lmerkouSaints,12,6,2356,2092
2023,919305562058285056,NCAA BIG 10,EAST,WEST,1,340600026956906496,CanadaGoose05,12,6,2534,2192
2023,919305562058285056,NCAA BIG 10,EAST,WEST,2,438178170542223360,EthanH,9,9,2085,2240
2023,919305562058285056,NCAA BIG 10,EAST,WEST,3,456550391375458304,Clamonte,2,16,1528,2268
2023,919305562058285056,NCAA BIG 10,EAST,WEST,4,734978696263380992,SausageHoudini,7,11,1975,2406
2023,919305562058285056,NCAA BIG 10,EAST,WEST,5,870064363892060160,AdamNicoll17,9,9,2533,2285
2023,919305562058285056,NCAA BIG 10,EAST,WEST,6,460511267564548096,laxbro000,15,3,2575,2087
2023,919305562058285056,NCAA BIG 10,EAST,WEST,7,460518714907815936,linkoftime1,17,1,2887,2056
2023,919305562058285056,NCAA BIG 10,EAST,WEST,8,519694666546008064,eseromo760,11,7,2601,2104
2023,919305562058285056,NCAA BIG 10,EAST,WEST,9,559208653427675136,Klashified,8,10,2432,2483
2023,919305562058285056,NCAA BIG 10,EAST,WEST,10,459225788735025152,richardson98,5,13,1844,2126
2023,919305562058285056,NCAA BIG 10,EAST,WEST,11,388919621245210624,SpinachAssasin,4,14,1705,2409
2023,919305562058285056,NCAA BIG 10,EAST,WEST,12,443870183853912064,chrispychicken,9,9,2205,2248
2024,1051381777098473472,NCAA PAC 12,NORTH,SOUTH,1,917575404431831040,nshox2,2,16,1767,2486
2024,1051381777098473472,NCAA PAC 12,NORTH,SOUTH,2,709857172258881536,KamaraGOAT41,3,15,1734,2310
2024,1051381777098473472,NCAA PAC 12,NORTH,SOUTH,3,470320542868566016,Dunebuggy619,5,13,1842,2315
2024,1051381777098473472,NCAA PAC 12,NORTH,SOUTH,4,477666723663704064,chzhead412,13,5,2846,2268
2024,1051381777098473472,NCAA PAC 12,NORTH,SOUTH,5,454372407956729856,laynemercer,12,6,2460,2375
2024,1051381777098473472,NCAA PAC 12,NORTH,SOUTH,6,338823136923381760,samggannon,9,9,2296,2328
2024,1051381777098473472,NCAA PAC 12,NORTH,SOUTH,7,597246797479469056,wrightc214,13,5,2654,2122
2024,1051381777098473472,NCAA PAC 12,NORTH,SOUTH,8,460348260653985792,keppin,8,10,2370,2416
2024,1051381777098473472,NCAA PAC 12,NORTH,SOUTH,9,519390092788297728,ScottyW13,7,11,2276,2348
2024,1051381777098473472,NCAA PAC 12,NORTH,SOUTH,10,534619662650601472,ImagineWiigons,11,7,2430,2310
2024,1051381777098473472,NCAA PAC 12,NORTH,SOUTH,11,76460245878456320,seniormeow,11,7,2420,2262
2024,1051381777098473472,NCAA PAC 12,NORTH,SOUTH,12,450806182555152384,lmerkouSaints,14,4,2744,2300
2024,1051381725097500672,NCAA ACC,ATLANTIC,COASTAL,1,571754879825395712,ChrisW21,9,9,2199,2232
2024,1051381725097500672,NCAA ACC,ATLANTIC,COASTAL,2,568115266901286912,MattyBent,10,8,2383,2255
2024,1051381725097500672,NCAA ACC,ATLANTIC,COASTAL,3,1051650955357368320,BillyMicMac,5,13,1934,2398
2024,1051381725097500672,NCAA ACC,ATLANTIC,COASTAL,4,455836851501002752,landonh12,8,10,2403,2450
2024,1051381725097500672,NCAA ACC,ATLANTIC,COASTAL,5,468618720470626304,Yarby,5,13,1908,2459
2024,1051381725097500672,NCAA ACC,ATLANTIC,COASTAL,6,463453800313647104,WhiskyScientist,13,5,2475,2139
2024,1051381725097500672,NCAA ACC,ATLANTIC,COASTAL,7,453658285061435392,fatalbeast,7,11,2327,2290
2024,1051381725097500672,NCAA ACC,ATLANTIC,COASTAL,8,456168604006608896,eperedetto,9,9,2015,2163
2024,1051381725097500672,NCAA ACC,ATLANTIC,COASTAL,9,668318967567323136,markandrewsisthegoat,6,12,2015,2249
2024,1051381725097500672,NCAA ACC,ATLANTIC,COASTAL,10,713189676609003520,LetsGooooo365,9,9,2305,2321
2024,1051381725097500672,NCAA ACC,ATLANTIC,COASTAL,11,458070829909929984,Campbell8,10,8,2336,2156
2024,1051381725097500672,NCAA ACC,ATLANTIC,COASTAL,12,302575527556825088,dilbennett,17,1,3116,2301
2024,1051381689932468224,NCAA BIG 12,HEAT,WIND,1,446530486903238656,BigSexy3422,10,8,2325,2283
2024,1051381689932468224,NCAA BIG 12,HEAT,WIND,2,667752373111824384,trev7293,5,13,1728,2122
2024,1051381689932468224,NCAA BIG 12,HEAT,WIND,3,533541056352481280,DavidJimm,6,12,2044,2286
2024,1051381689932468224,NCAA BIG 12,HEAT,WIND,4,425362114291437568,deadheadshane,13,5,2796,2382
2024,1051381689932468224,NCAA BIG 12,HEAT,WIND,5,464117743042424832,robertlouis7,13,5,2977,2382
2024,1051381689932468224,NCAA BIG 12,HEAT,WIND,6,335910160469880832,elianbruger,10,8,2331,2322
2024,1051381689932468224,NCAA BIG 12,HEAT,WIND,7,425386065373691904,Frankeen,10,8,2277,2320
2024,1051381689932468224,NCAA BIG 12,HEAT,WIND,8,543929284962770944,alicho,7,11,2433,2524
2024,1051381689932468224,NCAA BIG 12,HEAT,WIND,9,453711063846744064,rchau56,3,15,1947,2221
2024,1051381689932468224,NCAA BIG 12,HEAT,WIND,10,989926421084557312,FalconsRULE7,4,14,1707,2290
2024,1051381689932468224,NCAA BIG 12,HEAT,WIND,11,619190004979138560,CousinMose15,12,6,2350,2276
2024,1051381689932468224,NCAA BIG 12,HEAT,WIND,12,820771678849171456,Gangly22,15,3,2554,2061
2024,1051381651198078976,NCAA SEC,EAST,WEST,1,441458152391569408,tedman546,14,4,2378,2094
2024,1051381651198078976,NCAA SEC,EAST,WEST,2,508516852143693824,errand,9,9,2295,2307
2024,1051381651198078976,NCAA SEC,EAST,WEST,3,457957045534978048,ChadLowe,9,9,2333,2168
2024,1051381651198078976,NCAA SEC,EAST,WEST,4,446524535810813952,ahhchainsaw,12,6,2712,2141
2024,1051381651198078976,NCAA SEC,EAST,WEST,5,562032371824951296,ryank45,10,8,2234,2133
2024,1051381651198078976,NCAA SEC,EAST,WEST,6,510556455562792960,thatmansanti,12,6,2826,2294
2024,1051381651198078976,NCAA SEC,EAST,WEST,7,461680102409760768,kodakjack,11,7,2142,2246
2024,1051381651198078976,NCAA SEC,EAST,WEST,8,634614368377589760,MENDl,10,8,2220,2182
2024,1051381651198078976,NCAA SEC,EAST,WEST,9,1113534815812308992,booogzz,8,10,1757,2029
2024,1051381651198078976,NCAA SEC,EAST,WEST,10,510483000784015360,Christian4,8,10,2226,2313
2024,1051381651198078976,NCAA SEC,EAST,WEST,11,560284880620699648,devbovino,0,18,1315,2315
2024,1051381651198078976,NCAA SEC,EAST,WEST,12,445468333035220992,JosephMarin07,5,13,2113,2329
2024,1051381610739847168,NCAA BIG EAST & CO.,MIDEAST,NORTHEAST,1,1087519270663258112,sblau24,8,10,2108,2216
2024,1051381610739847168,NCAA BIG EAST & CO.,MIDEAST,NORTHEAST,2,1171256102760251392,hurlken,3,15,1744,2357
2024,1051381610739847168,NCAA BIG EAST & CO.,MIDEAST,NORTHEAST,3,694934737214582784,JiggyK,6,12,1865,2325
2024,1051381610739847168,NCAA BIG EAST & CO.,MIDEAST,NORTHEAST,4,456129190995947520,vinceA762,11,7,2513,2110
2024,1051381610739847168,NCAA BIG EAST & CO.,MIDEAST,NORTHEAST,5,836025225756934144,ngregg38,12,6,2387,2083
2024,1051381610739847168,NCAA BIG EAST & CO.,MIDEAST,NORTHEAST,6,443323427143544832,joonbug,14,4,2789,2150
2024,1051381610739847168,NCAA BIG EAST & CO.,MIDEAST,NORTHEAST,7,456159345906806784,CodeKhaos,15,3,2942,2153
2024,1051381610739847168,NCAA BIG EAST & CO.,MIDEAST,NORTHEAST,8,456167283761344512,Claser,10,8,2206,2279
2024,1051381610739847168,NCAA BIG EAST & CO.,MIDEAST,NORTHEAST,9,802480422482206720,JEANTY,8,10,2073,2179
2024,1051381610739847168,NCAA BIG EAST & CO.,MIDEAST,NORTHEAST,10,525476420444688384,sleepnonmahomie,6,12,1845,2293
2024,1051381610739847168,NCAA BIG EAST & CO.,MIDEAST,NORTHEAST,11,456182244336201728,Ianiners,4,14,1758,2426
2024,1051381610739847168,NCAA BIG EAST & CO.,MIDEAST,NORTHEAST,12,64174089933570048,ryno,11,7,2538,2198
2024,1051381575037931520,NCAA SUN BELT,BIBLE,REBEL,1,429733810611949568,Piglet10,11,7,2611,2238
2024,1051381575037931520,NCAA SUN BELT,BIBLE,REBEL,2,873461886535036928,Tommybuckets000,15,3,2739,2126
2024,1051381575037931520,NCAA SUN BELT,BIBLE,REBEL,3,481957045667360768,Prestongee17,8,10,2250,2246
2024,1051381575037931520,NCAA SUN BELT,BIBLE,REBEL,4,447283305738399744,lucchityler,5,13,1699,2235
2024,1051381575037931520,NCAA SUN BELT,BIBLE,REBEL,5,546466738316963840,PackMan1212,2,16,1664,2339
2024,1051381575037931520,NCAA SUN BELT,BIBLE,REBEL,6,465019661495300096,Raidersforte,10,8,2345,2288
2024,1051381575037931520,NCAA SUN BELT,BIBLE,REBEL,7,547214728132608000,alphabeasttt,12,6,2373,2264
2024,1051381575037931520,NCAA SUN BELT,BIBLE,REBEL,8,441362521463451648,yoboihawks,13,5,2763,2270
2024,1051381575037931520,NCAA SUN BELT,BIBLE,REBEL,9,380128482900062208,denvermanning,4,14,1985,2389
2024,1051381575037931520,NCAA SUN BELT,BIBLE,REBEL,10,441330448283463680,Fr3shBC11,13,5,2504,2173
2024,1051381575037931520,NCAA SUN BELT,BIBLE,REBEL,11,,Unknown,8,10,2029,2149
2024,1051381575037931520,NCAA SUN BELT,BIBLE,REBEL,12,465297932204109824,utsa,7,11,2141,2388
2024,1051381539596021760,NCAA PIONEER,PATRIOT,FREEDOM,1,533363986486435840,MattJB87,14,4,2593,2137
2024,1051381539596021760,NCAA PIONEER,PATRIOT,FREEDOM,2,468638573403303936,DownLoMoJo,14,4,2497,2230
2024,1051381539596021760,NCAA PIONEER,PATRIOT,FREEDOM,3,459110344502013952,MyFingerPoints,10,8,2393,2109
2024,1051381539596021760,NCAA PIONEER,PATRIOT,FREEDOM,4,439351925129867264,Daphud,9,9,2169,2395
2024,1051381539596021760,NCAA PIONEER,PATRIOT,FREEDOM,5,432164755709370368,EBurkhart,9,9,2209,2087
2024,1051381539596021760,NCAA PIONEER,PATRIOT,FREEDOM,6,455753261765357568,BDAVIS309,9,9,2320,2084
2024,1051381539596021760,NCAA PIONEER,PATRIOT,FREEDOM,7,398884413687001088,Ortizz,2,16,1287,2370
2024,1051381539596021760,NCAA PIONEER,PATRIOT,FREEDOM,8,339931221767249920,CrownMeKing,13,5,2788,2239
2024,1051381539596021760,NCAA PIONEER,PATRIOT,FREEDOM,9,602687087556231168,DictatorBerry,4,14,1758,2387
2024,1051381539596021760,NCAA PIONEER,PATRIOT,FREEDOM,10,315736569111650304,JMullen175,8,10,2328,2299
2024,1051381539596021760,NCAA PIONEER,PATRIOT,FREEDOM,11,437042046633504768,TheDrapFather,5,13,2051,2328
2024,1051381539596021760,NCAA PIONEER,PATRIOT,FREEDOM,12,872594465284677632,UrMomsFavoriteCoach,11,7,2248,1975
2024,1051381505785810944,NCAA BIG SKY,Frontier,Colonies,1,456258200757334016,WillyP15,7,11,2005,2461
2024,1051381505785810944,NCAA BIG SKY,Frontier,Colonies,2,439255136309604352,PapaCrowther,11,7,2239,2062
2024,1051381505785810944,NCAA BIG SKY,Frontier,Colonies,3,449327253101211648,Beastchewy15,9,9,2638,2470
2024,1051381505785810944,NCAA BIG SKY,Frontier,Colonies,4,519439276311531520,Elestial,9,9,2037,2167
2024,1051381505785810944,NCAA BIG SKY,Frontier,Colonies,5,465934519652839424,agrakush,5,13,1807,2077
2024,1051381505785810944,NCAA BIG SKY,Frontier,Colonies,6,424793511431262208,Elwayluva7,16,2,2808,2089
2024,1051381505785810944,NCAA BIG SKY,Frontier,Colonies,7,78892531970359296,fballfreek80,12,6,2525,2246
2024,1051381505785810944,NCAA BIG SKY,Frontier,Colonies,8,437413803001376768,Vitus,11,7,2604,2234
2024,1051381505785810944,NCAA BIG SKY,Frontier,Colonies,9,448641292377780224,Pinky7373,4,14,1705,2317
2024,1051381505785810944,NCAA BIG SKY,Frontier,Colonies,10,334014945886748672,thejockytype,6,12,1667,2201
2024,1051381505785810944,NCAA BIG SKY,Frontier,Colonies,11,604388962898866176,mgrant55,2,16,1590,2228
2024,1051381505785810944,NCAA BIG SKY,Frontier,Colonies,12,519767126595325952,mssullivan2022,16,2,2994,2068
2024,1051381464723570688,NCAA WILD,PLAINS,VALLEY,1,457579310098673664,LanceBoneau,15,3,2774,2102
2024,1051381464723570688,NCAA WILD,PLAINS,VALLEY,2,545391514915762176,Hart123,10,8,2168,2188
2024,1051381464723570688,NCAA WILD,PLAINS,VALLEY,3,441392312380026880,4thdownTD,5,13,2196,2389
2024,1051381464723570688,NCAA WILD,PLAINS,VALLEY,4,635935003657723904,matthewitz,9,9,2323,2239
2024,1051381464723570688,NCAA WILD,PLAINS,VALLEY,5,642578171354484736,FareedB,9,9,2165,2030
2024,1051381464723570688,NCAA WILD,PLAINS,VALLEY,6,203496917160697856,ThomasHarris,10,8,2097,2250
2024,1051381464723570688,NCAA WILD,PLAINS,VALLEY,7,603460801289863168,lumosityfan,1,17,1138,2290
2024,1051381464723570688,NCAA WILD,PLAINS,VALLEY,8,462714981117325312,mku1tra,14,4,2719,2099
2024,1051381464723570688,NCAA WILD,PLAINS,VALLEY,9,603083535368134656,MrBarryMcCockiner,8,10,2097,2447
2024,1051381464723570688,NCAA WILD,PLAINS,VALLEY,10,505166677990699008,olddominion2020,14,4,2820,2282
2024,1051381464723570688,NCAA WILD,PLAINS,VALLEY,11,434740393972592640,Squinto,7,11,2239,2371
2024,1051381464723570688,NCAA WILD,PLAINS,VALLEY,12,448446449538035712,DBGiants,6,12,2177,2226
2024,1051381408469598208,NCAA IVY,RICH,SMART,1,470912510262767616,FlynnD,0,18,1602,2257
2024,1051381408469598208,NCAA IVY,RICH,SMART,2,463212708402032640,Matthew12,6,12,2108,2334
2024,1051381408469598208,NCAA IVY,RICH,SMART,3,480124073456693248,Jrodr71,6,12,1910,2313
2024,1051381408469598208,NCAA IVY,RICH,SMART,4,570803989783429120,alecgagnon2001,9,9,2121,2061
2024,1051381408469598208,NCAA IVY,RICH,SMART,5,395321276102627328,ccassidy,11,7,2320,2101
2024,1051381408469598208,NCAA IVY,RICH,SMART,6,1017588201080369152,TJWATTDPOY24,12,6,2465,2303
2024,1051381408469598208,NCAA IVY,RICH,SMART,7,826571292240109568,KamaraMinute,10,8,2426,2330
2024,1051381408469598208,NCAA IVY,RICH,SMART,8,461688192555282432,PhilupMynuts,13,5,2443,2197
2024,1051381408469598208,NCAA IVY,RICH,SMART,9,82696315553071104,TheBear1973,13,5,2565,2351
2024,1051381408469598208,NCAA IVY,RICH,SMART,10,1142198466060402688,BLACK93BOIZS,2,16,1623,2128
2024,1051381408469598208,NCAA IVY,RICH,SMART,11,460895027179024384,jtheadrick98,14,4,2673,2207
2024,1051381408469598208,NCAA IVY,RICH,SMART,12,464595147808567296,cobrapanther99,12,6,2518,2193
2024,1051381357190053888,NCAA USA,GULF,TWISTER,1,389658700735868928,dh671,15,3,2768,2179
2024,1051381357190053888,NCAA USA,GULF,TWISTER,2,464625836192952320,brooksy33,6,12,2173,2262
2024,1051381357190053888,NCAA USA,GULF,TWISTER,3,599286882408394752,Botro,9,9,2271,2232
2024,1051381357190053888,NCAA USA,GULF,TWISTER,4,692542511834558464,GRIDIRONGANG81,5,13,1900,2321
2024,1051381357190053888,NCAA USA,GULF,TWISTER,5,866509840124641280,JustTouchdown1221,7,11,2336,2518
2024,1051381357190053888,NCAA USA,GULF,TWISTER,6,560611777479667712,PatrickT21,13,5,2254,2061
2024,1051381357190053888,NCAA USA,GULF,TWISTER,7,651857322645241856,ridinroundinarover,8,10,2274,2227
2024,1051381357190053888,NCAA USA,GULF,TWISTER,8,605439246030925824,krichknowsbest,4,14,1934,2412
2024,1051381357190053888,NCAA USA,GULF,TWISTER,9,787224085817044992,masshole4eva,10,8,2210,2089
2024,1051381357190053888,NCAA USA,GULF,TWISTER,10,590358219562455040,Woolley69,14,4,2520,2176
2024,1051381357190053888,NCAA USA,GULF,TWISTER,11,460257215329071104,bshouseman,9,9,2097,2204
2024,1051381357190053888,NCAA USA,GULF,TWISTER,12,650627977721245696,BroncoZzz,8,10,2301,2357
2024,1051381320515002368,NCAA HISTORICALLY BLACK,Mississippi River,Hurricane,1,471427194132885504,PhantomXX,9,9,2352,2345
2024,1051381320515002368,NCAA HISTORICALLY BLACK,Mississippi River,Hurricane,2,726970553457537024,IndyFantasyGod,10,8,2065,2018
2024,1051381320515002368,NCAA HISTORICALLY BLACK,Mississippi River,Hurricane,3,640052303377952768,lcummings,7,11,2014,2065
2024,1051381320515002368,NCAA HISTORICALLY BLACK,Mississippi River,Hurricane,4,471080793406435328,memphismaniac,12,6,2435,2320
2024,1051381320515002368,NCAA HISTORICALLY BLACK,Mississippi River,Hurricane,5,519656908428791808,tpearson2222,2,16,1623,2195
2024,1051381320515002368,NCAA HISTORICALLY BLACK,Mississippi River,Hurricane,6,692168840821411840,DeanFalcon,9,9,2365,2182
2024,1051381320515002368,NCAA HISTORICALLY BLACK,Mississippi River,Hurricane,7,519728067978186752,StrikerS091,10,8,2172,2223
2024,1051381320515002368,NCAA HISTORICALLY BLACK,Mississippi River,Hurricane,8,467835045181124608,wblack2012,13,5,2464,2280
2024,1051381320515002368,NCAA HISTORICALLY BLACK,Mississippi River,Hurricane,9,,Unknown,5,13,2061,2222
2024,1051381320515002368,NCAA HISTORICALLY BLACK,Mississippi River,Hurricane,10,694233255825719296,bb7661KING,10,8,2281,2162
2024,1051381320515002368,NCAA HISTORICALLY BLACK,Mississippi River,Hurricane,11,327614483000217600,Jerryb83,8,10,2285,2322
2024,1051381320515002368,NCAA HISTORICALLY BLACK,Mississippi River,Hurricane,12,520088376557371392,scoobydaeaglemahomes,13,5,2564,2347
2024,1051381274868289536,NCAA OHIO VALLEY,Yankee,Southern,1,571753677428977664,Mistafyer,7,11,2368,2380
2024,1051381274868289536,NCAA OHIO VALLEY,Yankee,Southern,2,601198801197260800,LMarkiewicz04,11,7,2666,2336
2024,1051381274868289536,NCAA OHIO VALLEY,Yankee,Southern,3,468944645166985216,srcav,9,9,2425,2493
2024,1051381274868289536,NCAA OHIO VALLEY,Yankee,Southern,4,472879969664495616,ethansherwood22,12,6,2473,2332
2024,1051381274868289536,NCAA OHIO VALLEY,Yankee,Southern,5,474662041341128704,Dreev,12,6,2412,2258
2024,1051381274868289536,NCAA OHIO VALLEY,Yankee,Southern,6,331558449374593024,leathershoe4,9,9,2361,2282
2024,1051381274868289536,NCAA OHIO VALLEY,Yankee,Southern,7,635700695584043008,charlielol,9,9,2245,2218
2024,1051381274868289536,NCAA OHIO VALLEY,Yankee,Southern,8,69768813763510272,ThongBonerstorm,5,13,1882,2369
2024,1051381274868289536,NCAA OHIO VALLEY,Yankee,Southern,9,347683464398749696,BobbyH95,3,15,1828,2231
2024,1051381274868289536,NCAA OHIO VALLEY,Yankee,Southern,10,594242128851296256,edgeofdefeat,8,10,2177,2225
2024,1051381274868289536,NCAA OHIO VALLEY,Yankee,Southern,11,638193564806897664,Romantryert,11,7,2459,2200
2024,1051381274868289536,NCAA OHIO VALLEY,Yankee,Southern,12,300814106795974656,Firephool,12,6,2407,2378
2024,1051381233009295360,NCAA MOUNTAIN WEST,SAINT,SIN,1,596835723861082112,RicochetRay,13,5,3064,2313
2024,1051381233009295360,NCAA MOUNTAIN WEST,SAINT,SIN,2,463106510101147648,jmdorsey00,8,10,2159,2189
2024,1051381233009295360,NCAA MOUNTAIN WEST,SAINT,SIN,3,560626155833876480,HonoredMexican,11,7,2229,2279
2024,1051381233009295360,NCAA MOUNTAIN WEST,SAINT,SIN,4,571767410708901888,Kyvend01,8,10,2062,2258
2024,1051381233009295360,NCAA MOUNTAIN WEST,SAINT,SIN,5,838238893672349696,SleazeMcNair,6,12,1867,2287
2024,1051381233009295360,NCAA MOUNTAIN WEST,SAINT,SIN,6,837430327189295104,KlondikeBar,6,12,2155,2515
2024,1051381233009295360,NCAA MOUNTAIN WEST,SAINT,SIN,7,467489585379667968,loganhall17,8,10,2213,2383
2024,1051381233009295360,NCAA MOUNTAIN WEST,SAINT,SIN,8,325726913966395392,bkoldham,9,9,2289,2327
2024,1051381233009295360,NCAA MOUNTAIN WEST,SAINT,SIN,9,589001974318403584,Mrhawke19,11,7,2676,2302
2024,1051381233009295360,NCAA MOUNTAIN WEST,SAINT,SIN,10,814354227357908992,Twistedmentat,12,6,2303,2164
2024,1051381233009295360,NCAA MOUNTAIN WEST,SAINT,SIN,11,702897403514159104,bdub3,13,5,2643,2214
2024,1051381233009295360,NCAA MOUNTAIN WEST,SAINT,SIN,12,734939566091436032,noahdaboa,3,15,1895,2326
2024,1051228339672961024,NCAA BIG 10,EAST,WEST,1,340600026956906496,CanadaGoose0505,13,5,2627,2398
2024,1051228339672961024,NCAA BIG 10,EAST,WEST,2,438178170542223360,EthanH,13,5,2709,2208
2024,1051228339672961024,NCAA BIG 10,EAST,WEST,3,456550391375458304,Clamonte,6,12,1874,2297
2024,1051228339672961024,NCAA BIG 10,EAST,WEST,4,572115807636807680,BigTexas8,6,12,1999,2322
2024,1051228339672961024,NCAA BIG 10,EAST,WEST,5,385118789936812032,AngeloCer,5,13,2152,2437
2024,1051228339672961024,NCAA BIG 10,EAST,WEST,6,460511267564548096,laxbro000,9,9,2436,2350
2024,1051228339672961024,NCAA BIG 10,EAST,WEST,7,460518714907815936,linkoftime1,14,4,2880,2317
2024,1051228339672961024,NCAA BIG 10,EAST,WEST,8,519694666546008064,eseromo760,4,14,1909,2410
2024,1051228339672961024,NCAA BIG 10,EAST,WEST,9,559208653427675136,Klashified,12,6,2533,2332
2024,1051228339672961024,NCAA BIG 10,EAST,WEST,10,459225788735025152,richardson98,8,10,2078,2214
2024,1051228339672961024,NCAA BIG 10,EAST,WEST,11,471056290550902784,Schuflakka,8,10,2369,2339
2024,1051228339672961024,NCAA BIG 10,EAST,WEST,12,443870183853912064,chrispychicken,10,8,2260,2201
