Year,Week,LeagueID,LeagueName,RosterID,Team,Owner,W,L,T,PPG,DynastyTotal,PlayerDynasty,PickValue,Picks,LineupRedraft,Contender,ResultsWeight
2026,3,1316899756005412864,NCAA BIG SKY,1,Rhode Island,WillyP15,1,2,0,120.91,76540,60554,15986,Acquired: 2027 3rd (Portland State),25994,-0.169,0.5
2026,3,1316899756005412864,NCAA BIG SKY,10,Northern Iowa,thejockytype,0,3,0,66.39,45163,19400,25763,"Acquired: 2027 1st (Stony Brook), 2027 1st (William & Mary), 2027 2nd (Stony Brook), 2028 1st (Stony Brook), 2028 2nd (Stony Brook), 2028 4th (Stony Brook)",4583,-2.381,0.5
2026,3,1316899756005412864,NCAA BIG SKY,11,Maine,mgrant55,1,2,0,77.63,43408,28393,15015,"Holds all its own picks, 2027–29.",6023,-2.077,0.5
2026,3,1316899756005412864,NCAA BIG SKY,12,Youngstown State,mssullivan2022,3,0,0,169.29,59798,44783,15015,"Holds all its own picks, 2027–29.",39089,1.491,0.5
2026,3,1316899756005412864,NCAA BIG SKY,2,Villanova,PapaCrowther,1,2,0,114.57,47694,32461,15233,Acquired: 2027 3rd (Eastern Washington) · Traded away: 2027 4th (to Eastern Washington),14842,-0.87,0.5
2026,3,1316899756005412864,NCAA BIG SKY,3,William & Mary,Beastchewy15,3,0,0,171.09,73112,60822,12290,Traded away: 2027 1st (to Northern Iowa),40768,1.614,0.5
2026,3,1316899756005412864,NCAA BIG SKY,4,Eastern Washington,Elestial,2,1,0,133.39,46555,32619,13936,"Acquired: 2027 4th (Villanova) · Traded away: 2027 3rd (to Villanova), 2028 3rd (to Richmond)",22141,-0.112,0.5
2026,3,1316899756005412864,NCAA BIG SKY,5,Stony Brook,agrakush,2,1,0,141.44,70786,64547,6239,"Traded away: 2027 1st (to Northern Iowa), 2027 2nd (to Northern Iowa), 2027 4th (to Montana State), 2028 1st (to Northern Iowa), 2028 2nd (to Northern Iowa), 2028 4th (to Northern Iowa)",32165,0.567,0.5
2026,3,1316899756005412864,NCAA BIG SKY,6,Montana State,Elwayluva7,1,2,0,131.2,83193,67425,15768,Acquired: 2027 4th (Stony Brook),41419,0.833,0.5
2026,3,1316899756005412864,NCAA BIG SKY,7,Richmond,fballfreek80,2,1,0,108.9,56231,40355,15876,Acquired: 2028 3rd (Eastern Washington),20238,-0.709,0.5
2026,3,1316899756005412864,NCAA BIG SKY,8,Portland State,Vitus,2,1,0,170.31,81961,67917,14044,Traded away: 2027 3rd (to Rhode Island),46577,1.896,0.5
2026,3,1316899756005412864,NCAA BIG SKY,9,Weber State,Pinky7373,0,3,0,36.07,35737,20722,15015,"Holds all its own picks, 2027–29.",4033,-3.028,0.5
2026,3,1316899936696016896,NCAA BIG 10,1,Purdue,Mo00,3,0,0,141.95,49618,35356,14262,Traded away: 2027 4th (to Michigan),24633,0.191,0.5
2026,3,1316899936696016896,NCAA BIG 10,10,Illinois,richardson98,2,1,0,137.81,66261,51246,15015,"Holds all its own picks, 2027–29.",28441,0.302,0.5
2026,3,1316899936696016896,NCAA BIG 10,11,Iowa,Schuflakka,2,1,0,139.51,74404,63812,10592,"Traded away: 2027 1st (to Wisconsin), 2027 3rd (to Penn State), 2028 4th (to Penn State)",33629,0.603,0.5
2026,3,1316899936696016896,NCAA BIG 10,12,Michigan,chrispychicken,1,2,0,136.57,69246,53478,15768,Acquired: 2027 4th (Purdue),36499,0.69,0.5
2026,3,1316899936696016896,NCAA BIG 10,2,Nebraska,EthanH,1,2,0,139.37,77732,64152,13580,Traded away: 2027 2nd (to Wisconsin),33258,0.581,0.5
2026,3,1316899936696016896,NCAA BIG 10,3,Northwestern,kfitch3p,0,3,0,89.39,49750,34735,15015,"Holds all its own picks, 2027–29.",15020,-1.376,0.5
2026,3,1316899936696016896,NCAA BIG 10,4,Michigan State,EndZoneAllDay1,0,3,0,96.27,44470,29455,15015,"Holds all its own picks, 2027–29.",15706,-1.2,0.5
2026,3,1316899936696016896,NCAA BIG 10,5,Penn State,Justahippo,3,0,0,117.55,63788,46857,16931,"Acquired: 2027 3rd (Iowa), 2027 3rd (Wisconsin), 2028 4th (Iowa) · Traded away: 2027 4th (to Wisconsin)",18211,-0.637,0.5
2026,3,1316899936696016896,NCAA BIG 10,6,Wisconsin,laxbro000,1,2,0,111.77,63975,42293,21682,"Acquired: 2027 1st (Iowa), 2027 1st (Ohio State), 2027 2nd (Nebraska), 2027 4th (Penn State) · Traded away: 2027 3rd (to Penn State)",18756,-0.727,0.5
2026,3,1316899936696016896,NCAA BIG 10,7,Minnesota,linkoftime1,3,0,0,189.01,74129,59114,15015,"Holds all its own picks, 2027–29.",53447,2.631,0.5
2026,3,1316899936696016896,NCAA BIG 10,8,Indiana,ChAiNSmOkErTk,1,2,0,96.58,40817,25802,15015,"Holds all its own picks, 2027–29.",12341,-1.366,0.5
2026,3,1316899936696016896,NCAA BIG 10,9,Ohio State,Klashified,1,2,0,147.79,45627,33337,12290,Traded away: 2027 1st (to Wisconsin),24122,0.284,0.5
2026,3,1331774454493122560,NCAA WILD,1,Montana,LanceBoneau,2,1,0,176.51,83004,67018,15986,Acquired: 2027 3rd (South Dakota),48809,2.138,0.5
2026,3,1331774454493122560,NCAA WILD,10,Old Dominion,olddominion2020,3,0,0,147.58,86150,71135,15015,"Holds all its own picks, 2027–29.",46060,1.406,0.5
2026,3,1331774454493122560,NCAA WILD,11,South Dakota,TheScorer,3,0,0,117.67,62603,51932,10671,"Traded away: 2027 2nd (to Citadel), 2027 3rd (to Montana), 2027 4th (to Citadel), 2028 2nd (to Citadel)",25149,-0.278,0.5
2026,3,1331774454493122560,NCAA WILD,12,UNC Charlotte,DBGiants,2,1,0,123.41,53409,38394,15015,"Holds all its own picks, 2027–29.",17241,-0.567,0.5
2026,3,1331774454493122560,NCAA WILD,2,James Madison,Hart123,2,1,0,128.06,66921,51906,15015,"Holds all its own picks, 2027–29.",28322,0.097,0.5
2026,3,1331774454493122560,NCAA WILD,3,North Dakota State,4thdownTD,1,2,0,101.05,51707,36692,15015,"Holds all its own picks, 2027–29.",13698,-1.205,0.5
2026,3,1331774454493122560,NCAA WILD,4,Central Michigan,matthewitz,1,2,0,122.92,42681,27666,15015,"Holds all its own picks, 2027–29.",20689,-0.4,0.5
2026,3,1331774454493122560,NCAA WILD,5,Wichita State,FareedB,2,1,0,120.18,49166,34151,15015,"Holds all its own picks, 2027–29.",18721,-0.557,0.5
2026,3,1331774454493122560,NCAA WILD,6,Eastern Michigan,ThomasHarris,1,2,0,147.83,62849,47834,15015,"Holds all its own picks, 2027–29.",28377,0.503,0.5
2026,3,1331774454493122560,NCAA WILD,7,San Jose State,mrflack,0,3,0,101.43,45057,30042,15015,"Holds all its own picks, 2027–29.",15085,-1.126,0.5
2026,3,1331774454493122560,NCAA WILD,8,Citadel,lmkl,0,3,0,125.93,58427,40039,18388,"Acquired: 2027 2nd (South Dakota), 2027 4th (South Dakota), 2028 2nd (South Dakota)",26665,-0.032,0.5
2026,3,1331774454493122560,NCAA WILD,9,Central Arkansas,MrBarryMcCockiner,1,2,0,94.03,55020,40005,15015,"Holds all its own picks, 2027–29.",18129,-1.121,0.5
2026,3,1331774544905510912,NCAA OHIO VALLEY,1,Belmont,Mistafyer,2,1,0,136.77,62973,47958,15015,"Holds all its own picks, 2027–29.",32943,0.512,0.5
2026,3,1331774544905510912,NCAA OHIO VALLEY,10,Monmouth,edgeofdefeat,2,1,0,117.31,57106,43815,13291,"Traded away: 2027 3rd (to Morehead State), 2027 4th (to Morehead State)",17392,-0.684,0.5
2026,3,1331774544905510912,NCAA OHIO VALLEY,11,North Alabama,Romantryert,2,1,0,157.78,59367,48262,11105,"Traded away: 2027 1st (to Charleston Southern), 2028 2nd (to Charleston Southern)",37420,1.171,0.5
2026,3,1331774544905510912,NCAA OHIO VALLEY,12,North Carolina Central,Firephool,2,1,0,156.43,67141,52126,15015,"Holds all its own picks, 2027–29.",34560,0.996,0.5
2026,3,1331774544905510912,NCAA OHIO VALLEY,2,ETSU,LMarkiewicz04,2,1,0,150.19,57894,42879,15015,"Holds all its own picks, 2027–29.",31394,0.706,0.5
2026,3,1331774544905510912,NCAA OHIO VALLEY,3,Kennesaw State,srcav,0,3,0,107.19,47243,32228,15015,"Holds all its own picks, 2027–29.",15126,-1.007,0.5
2026,3,1331774544905510912,NCAA OHIO VALLEY,4,Chattanooga,ethansherwood22,2,1,0,164.46,72320,57305,15015,"Holds all its own picks, 2027–29.",43092,1.598,0.5
2026,3,1331774544905510912,NCAA OHIO VALLEY,5,Eastern Kentucky,Dreev,0,3,0,115.3,69551,54536,15015,"Holds all its own picks, 2027–29.",20782,-0.551,0.5
2026,3,1331774544905510912,NCAA OHIO VALLEY,6,Charleston Southern,leathershoe4,1,2,0,133.23,52044,33119,18925,"Acquired: 2027 1st (North Alabama), 2028 2nd (North Alabama)",18845,-0.284,0.5
2026,3,1331774544905510912,NCAA OHIO VALLEY,7,Delaware,charlielol,3,0,0,143.11,59845,44830,15015,"Holds all its own picks, 2027–29.",32364,0.612,0.5
2026,3,1331774544905510912,NCAA OHIO VALLEY,8,Morehead State,mooremc,1,2,0,122.2,60306,43567,16739,"Acquired: 2027 3rd (Monmouth), 2027 4th (Monmouth)",20880,-0.405,0.5
2026,3,1331774544905510912,NCAA OHIO VALLEY,9,Jacksonville State,pontes021,1,2,0,86.69,54853,39838,15015,"Holds all its own picks, 2027–29.",14487,-1.458,0.5
2026,3,1331774599196585984,NCAA MOUNTAIN WEST,1,Hawaii,RicochetRay,3,0,0,185.45,72726,59465,13261,Acquired: 2027 3rd (Boise State) · Traded away: 2027 1st (to Boise State),49191,2.34,0.5
2026,3,1331774599196585984,NCAA MOUNTAIN WEST,10,Nevada,postdeezy,1,2,0,121.2,51593,39303,12290,Traded away: 2027 1st (to Boise State),24567,-0.236,0.5
2026,3,1331774599196585984,NCAA MOUNTAIN WEST,11,UNLV,bdub3,2,1,0,123.23,64315,51272,13043,Acquired: 2027 4th (Boise State) · Traded away: 2027 1st (to Boise State),22985,-0.276,0.5
2026,3,1331774599196585984,NCAA MOUNTAIN WEST,12,San Diego State,noahdaboa,2,1,0,134.69,58579,47724,10855,"Traded away: 2027 1st (to Boise State), 2027 2nd (to Fresno State)",28199,0.226,0.5
2026,3,1331774599196585984,NCAA MOUNTAIN WEST,2,Boise State,jmdorsey00,0,3,0,96.75,58138,29742,28396,"Acquired: 2027 1st (BYU), 2027 1st (Hawaii), 2027 1st (Nevada), 2027 1st (San Diego State), 2027 1st (UNLV), 2027 4th (Fresno State), 2028 4th (BYU) · Traded away: 2027 3rd (to Hawaii), 2027 4th (to UNLV)",16111,-1.169,0.5
2026,3,1331774599196585984,NCAA MOUNTAIN WEST,3,Wyoming,HonoredMexican,1,2,0,115.29,58749,43734,15015,"Holds all its own picks, 2027–29.",27409,-0.211,0.5
2026,3,1331774599196585984,NCAA MOUNTAIN WEST,4,Air Force,Biggunnz21,1,2,0,98.74,28213,13198,15015,"Holds all its own picks, 2027–29.",7245,-1.584,0.5
2026,3,1331774599196585984,NCAA MOUNTAIN WEST,5,Utah State,Pipedawg21,1,2,0,128.37,64067,49052,15015,"Holds all its own picks, 2027–29.",26902,0.03,0.5
2026,3,1331774599196585984,NCAA MOUNTAIN WEST,6,BYU,KlondikeBar,3,0,0,158.09,70095,59285,10810,"Traded away: 2027 1st (to Boise State), 2027 4th (to Fresno State), 2028 4th (to Boise State)",35995,1.104,0.5
2026,3,1331774599196585984,NCAA MOUNTAIN WEST,7,Fresno State,Vikes1819,1,2,0,144.78,64179,47729,16450,"Acquired: 2027 2nd (San Diego State), 2027 4th (BYU) · Traded away: 2027 4th (to Boise State)",26106,0.324,0.5
2026,3,1331774599196585984,NCAA MOUNTAIN WEST,8,Colorado State,bkoldham,2,1,0,143.91,64868,49853,15015,"Holds all its own picks, 2027–29.",27320,0.369,0.5
2026,3,1331774599196585984,NCAA MOUNTAIN WEST,9,New Mexico,Mrhawke19,1,2,0,107.73,64082,49067,15015,"Holds all its own picks, 2027–29.",22478,-0.618,0.5
2026,3,1331774630620332032,NCAA HISTORICALLY BLACK,1,North Carolina A&T,PhantomXX,3,0,0,144.31,79094,64079,15015,"Holds all its own picks, 2027–29.",32042,0.62,0.5
2026,3,1331774630620332032,NCAA HISTORICALLY BLACK,10,Jackson State,bb7661KING,0,3,0,126.98,51950,36935,15015,"Holds all its own picks, 2027–29.",17898,-0.46,0.5
2026,3,1331774630620332032,NCAA HISTORICALLY BLACK,11,Tuskegee,Jerryb83,1,2,0,111.93,58399,43384,15015,"Holds all its own picks, 2027–29.",17422,-0.792,0.5
2026,3,1331774630620332032,NCAA HISTORICALLY BLACK,12,Grambling State,scoobydaeaglemahomes,1,2,0,129.43,53436,36833,16603,"Acquired: 2028 3rd (Howard), 2028 4th (Howard)",24152,-0.089,0.5
2026,3,1331774630620332032,NCAA HISTORICALLY BLACK,2,Alabama A&M,B41Pakman,1,2,0,97.36,48935,33920,15015,"Holds all its own picks, 2027–29.",15627,-1.182,0.5
2026,3,1331774630620332032,NCAA HISTORICALLY BLACK,3,Delaware State,lcummings,2,1,0,131.23,58447,43432,15015,"Holds all its own picks, 2027–29.",31267,0.313,0.5
2026,3,1331774630620332032,NCAA HISTORICALLY BLACK,4,Southern,memphismaniac,2,1,0,145.4,66481,51466,15015,"Holds all its own picks, 2027–29.",36528,0.872,0.5
2026,3,1331774630620332032,NCAA HISTORICALLY BLACK,5,Florida A&M,DaMagic436,2,1,0,149.88,64300,49285,15015,"Holds all its own picks, 2027–29.",32510,0.757,0.5
2026,3,1331774630620332032,NCAA HISTORICALLY BLACK,6,Howard,DeanFalcon,1,2,0,110.55,51541,38114,13427,"Traded away: 2028 3rd (to Grambling State), 2028 4th (to Grambling State)",18861,-0.746,0.5
2026,3,1331774630620332032,NCAA HISTORICALLY BLACK,7,Mississippi Valley State,StrikerS091,2,1,0,129.23,61409,46394,15015,"Holds all its own picks, 2027–29.",31794,0.299,0.5
2026,3,1331774630620332032,NCAA HISTORICALLY BLACK,8,Alcorn State,wblack2012,2,1,0,139.82,65832,50817,15015,"Holds all its own picks, 2027–29.",33675,0.612,0.5
2026,3,1331774630620332032,NCAA HISTORICALLY BLACK,9,Bethune - Cookman,Pookieboom,1,2,0,117.01,60760,45745,15015,"Holds all its own picks, 2027–29.",24466,-0.327,0.5
2026,3,1331774695346823168,NCAA USA,1,Troy,dh671,0,3,0,111.81,61271,46256,15015,"Holds all its own picks, 2027–29.",31232,-0.086,0.5
2026,3,1331774695346823168,NCAA USA,10,Florida International,Woolley69,2,1,0,114.8,58787,43772,15015,"Holds all its own picks, 2027–29.",32140,0.022,0.5
2026,3,1331774695346823168,NCAA USA,11,Louisiana,bshouseman,0,3,0,89.84,53114,38099,15015,"Holds all its own picks, 2027–29.",11273,-1.559,0.5
2026,3,1331774695346823168,NCAA USA,12,Louisiana Monroe,BroncoZzz,2,1,0,119.77,38914,23899,15015,"Holds all its own picks, 2027–29.",16880,-0.66,0.5
2026,3,1331774695346823168,NCAA USA,2,North Texas,Orphan,0,3,0,120.8,56921,41337,15584,"Acquired: 2027 1st (Texas State) · Traded away: 2027 3rd (to Texas State), 2028 2nd (to Texas State)",24010,-0.273,0.5
2026,3,1331774695346823168,NCAA USA,3,Florida Atlantic,Botro,1,2,0,142.29,63365,48350,15015,"Holds all its own picks, 2027–29.",29728,0.459,0.5
2026,3,1331774695346823168,NCAA USA,4,South Alabama,GRIDIRONGANG81,3,0,0,169.99,70573,55558,15015,"Holds all its own picks, 2027–29.",35975,1.346,0.5
2026,3,1331774695346823168,NCAA USA,5,Georgia State,JustTouchdown1221,2,1,0,146.42,75263,60248,15015,"Holds all its own picks, 2027–29.",30908,0.604,0.5
2026,3,1331774695346823168,NCAA USA,6,Western Kentucky,PatrickT21,0,3,0,116.61,65807,50792,15015,"Holds all its own picks, 2027–29.",30331,-0.034,0.5
2026,3,1331774695346823168,NCAA USA,7,Middle Tennessee State,arandrea,3,0,0,167.36,68120,51670,16450,Acquired: 2027 2nd (Texas State),32851,1.132,0.5
2026,3,1331774695346823168,NCAA USA,8,Arkansas State,krichknowsbest,3,0,0,144.73,61879,46864,15015,"Holds all its own picks, 2027–29.",28642,0.453,0.5
2026,3,1331774695346823168,NCAA USA,9,Texas State,masshole4eva,2,1,0,111.43,47122,34111,13011,"Acquired: 2027 3rd (North Texas), 2028 2nd (North Texas) · Traded away: 2027 1st (to North Texas), 2027 2nd (to Middle Tennessee State)",15254,-0.913,0.5
2026,3,1331774741488369664,NCAA IVY,1,Brown,FlynnD,2,1,0,124.76,84197,67231,16966,"Acquired: 2027 1st (Princeton), 2028 1st (Princeton) · Traded away: 2027 1st (to Penn)",32192,0.228,0.5
2026,3,1331774741488369664,NCAA IVY,10,Princeton,BLACK93BOIZS,1,2,0,116.59,32430,24929,7501,"Acquired: 2027 4th (Harvard) · Traded away: 2027 1st (to Brown), 2027 2nd (to Penn), 2027 3rd (to Harvard), 2028 1st (to Brown), 2028 2nd (to Harvard)",14697,-0.837,0.5
2026,3,1331774741488369664,NCAA IVY,11,Dartmouth,jtheadrick98,3,0,0,159.68,70633,55618,15015,"Holds all its own picks, 2027–29.",37232,1.2,0.5
2026,3,1331774741488369664,NCAA IVY,12,Cornell,cobrapanther99,2,1,0,138.04,62987,47972,15015,"Holds all its own picks, 2027–29.",29206,0.346,0.5
2026,3,1331774741488369664,NCAA IVY,2,Harvard,KennethNZ,0,3,0,107.38,54570,38152,16418,"Acquired: 2027 3rd (Princeton), 2028 2nd (Princeton) · Traded away: 2027 4th (to Princeton)",15587,-0.979,0.5
2026,3,1331774741488369664,NCAA IVY,3,Bucknell,Jrodr71,0,3,0,112.83,53171,38156,15015,"Holds all its own picks, 2027–29.",24092,-0.431,0.5
2026,3,1331774741488369664,NCAA IVY,4,Columbia,alecgagnon2001,3,0,0,133.65,64690,49675,15015,"Holds all its own picks, 2027–29.",29825,0.288,0.5
2026,3,1331774741488369664,NCAA IVY,5,Georgetown,ccassidy,2,1,0,153.73,67776,52761,15015,"Holds all its own picks, 2027–29.",36464,1.039,0.5
2026,3,1331774741488369664,NCAA IVY,6,Lehigh,Iloveyyounghoes,2,1,0,131.73,51169,36154,15015,"Holds all its own picks, 2027–29.",22740,-0.115,0.5
2026,3,1331774741488369664,NCAA IVY,7,Penn,Hambnr,1,2,0,119.85,51918,32743,19175,"Acquired: 2027 1st (Brown), 2027 2nd (Princeton)",17997,-0.601,0.5
2026,3,1331774741488369664,NCAA IVY,8,Colgate,PhilupMynuts,1,2,0,132.8,64858,49843,15015,"Holds all its own picks, 2027–29.",25919,0.07,0.5
2026,3,1331774741488369664,NCAA IVY,9,Yale,BrynJ9618,1,2,0,131.65,63867,48852,15015,"Holds all its own picks, 2027–29.",29081,0.209,0.5
2026,3,1331774804222545920,NCAA PIONEER,1,Wofford,doseofthestars,0,3,0,119.31,57344,42329,15015,"Holds all its own picks, 2027–29.",24694,-0.268,0.5
2026,3,1331774804222545920,NCAA PIONEER,10,Furman,JMullen175,2,1,0,135.29,59949,44934,15015,"Holds all its own picks, 2027–29.",33270,0.498,0.5
2026,3,1331774804222545920,NCAA PIONEER,11,UT Martin,FatPat1251,2,1,0,144.66,63810,48795,15015,"Holds all its own picks, 2027–29.",36598,0.86,0.5
2026,3,1331774804222545920,NCAA PIONEER,12,Davidson,YikesOnBikes,3,0,0,135.7,60006,47716,12290,Traded away: 2027 1st (to Dayton),28128,0.243,0.5
2026,3,1331774804222545920,NCAA PIONEER,2,Holy Cross,DownLoMoJo,0,3,0,119.87,63889,48874,15015,"Holds all its own picks, 2027–29.",26744,-0.152,0.5
2026,3,1331774804222545920,NCAA PIONEER,3,Murray State,MyFingerPoints,2,1,0,152.41,64638,49623,15015,"Holds all its own picks, 2027–29.",32532,0.81,0.5
2026,3,1331774804222545920,NCAA PIONEER,4,Butler,Daphud,1,2,0,106.75,71910,55460,16450,Acquired: 2027 2nd (Campbell),19576,-0.787,0.5
2026,3,1331774804222545920,NCAA PIONEER,5,Tennessee State,EBurkhart,1,2,0,103.61,38833,23818,15015,"Holds all its own picks, 2027–29.",11801,-1.25,0.5
2026,3,1331774804222545920,NCAA PIONEER,6,SE Missouri State,BDAVIS309,2,1,0,138.35,56122,41107,15015,"Holds all its own picks, 2027–29.",24585,0.115,0.5
2026,3,1331774804222545920,NCAA PIONEER,7,Dayton,Ortizz,0,3,0,103.13,62417,44677,17740,Acquired: 2027 1st (Davidson),19289,-0.876,0.5
2026,3,1331774804222545920,NCAA PIONEER,8,Campbell,CrownMeKing,3,0,0,139.2,64705,51125,13580,Traded away: 2027 2nd (to Butler),37403,0.79,0.5
2026,3,1331774804222545920,NCAA PIONEER,9,Austin Peay,DictatorBerry,2,1,0,132.7,57553,42538,15015,"Holds all its own picks, 2027–29.",20161,-0.227,0.5
2026,3,1331774846710849536,NCAA SUN BELT,1,Temple,bruceble,2,1,0,142.78,67903,52888,15015,"Holds all its own picks, 2027–29.",30965,0.533,0.5
2026,3,1331774846710849536,NCAA SUN BELT,10,UAB,Fr3shBC11,0,3,0,87.53,51409,36394,15015,"Holds all its own picks, 2027–29.",18731,-1.223,0.5
2026,3,1331774846710849536,NCAA SUN BELT,11,Louisiana Tech,Resolhjk,2,1,0,164.08,54484,39469,15015,"Holds all its own picks, 2027–29.",32186,1.031,0.5
2026,3,1331774846710849536,NCAA SUN BELT,12,UTSA,utsa,2,1,0,131.31,51746,36731,15015,"Holds all its own picks, 2027–29.",16620,-0.438,0.5
2026,3,1331774846710849536,NCAA SUN BELT,2,UTEP,Tommybuckets000,1,2,0,133.73,54537,39522,15015,"Holds all its own picks, 2027–29.",30975,0.349,0.5
2026,3,1331774846710849536,NCAA SUN BELT,3,Tulane,claym89,0,3,0,120.13,70125,55110,15015,"Holds all its own picks, 2027–29.",22906,-0.343,0.5
2026,3,1331774846710849536,NCAA SUN BELT,4,Rice,lucchityler,0,3,0,100.79,41570,26555,15015,"Holds all its own picks, 2027–29.",11093,-1.344,0.5
2026,3,1331774846710849536,NCAA SUN BELT,5,Marshall,PackMan1212,2,1,0,113.21,67145,52130,15015,"Holds all its own picks, 2027–29.",24278,-0.414,0.5
2026,3,1331774846710849536,NCAA SUN BELT,6,Tulsa,Raidersforte,2,1,0,136.01,61156,46141,15015,"Holds all its own picks, 2027–29.",28908,0.289,0.5
2026,3,1331774846710849536,NCAA SUN BELT,7,Georgia Southern,alphabeasttt,2,1,0,138.14,53174,38159,15015,"Holds all its own picks, 2027–29.",28506,0.312,0.5
2026,3,1331774846710849536,NCAA SUN BELT,8,Memphis,yoboihawks,2,1,0,148.95,70130,55115,15015,"Holds all its own picks, 2027–29.",32683,0.747,0.5
2026,3,1331774846710849536,NCAA SUN BELT,9,Southern Miss,denvermanning,3,0,0,150.94,76236,61221,15015,"Holds all its own picks, 2027–29.",41363,1.233,0.5
2026,3,1331774880181399552,NCAA BIG 12,1,Texas Tech,Orphan,0,3,0,107.65,56658,41643,15015,"Holds all its own picks, 2027–29.",22875,-0.6,0.5
2026,3,1331774880181399552,NCAA BIG 12,10,Kansas,FalconsRULE7,0,3,0,79.29,44638,29623,15015,"Holds all its own picks, 2027–29.",15231,-1.571,0.5
2026,3,1331774880181399552,NCAA BIG 12,11,TCU,CousinMose15,1,2,0,140.27,63446,47460,15986,Acquired: 2027 3rd (Kansas State),27658,0.312,0.5
2026,3,1331774880181399552,NCAA BIG 12,12,Oklahoma State,Gangly22,0,3,0,108.09,45577,29809,15768,Acquired: 2027 4th (Texas A&M),17456,-0.869,0.5
2026,3,1331774880181399552,NCAA BIG 12,2,Iowa State,trev7293,2,1,0,119.79,44784,29769,15015,"Holds all its own picks, 2027–29.",18609,-0.571,0.5
2026,3,1331774880181399552,NCAA BIG 12,3,Missouri,DavidJimm,2,1,0,105.39,60067,44081,15986,Acquired: 2027 3rd (Texas A&M),20636,-0.761,0.5
2026,3,1331774880181399552,NCAA BIG 12,4,Texas A&M,deadheadshane,1,2,0,143.87,75057,60286,14771,"Acquired: 2027 4th (Oklahoma), 2028 4th (Oklahoma) · Traded away: 2027 3rd (to Missouri), 2027 4th (to Oklahoma State)",35395,0.783,0.5
2026,3,1331774880181399552,NCAA BIG 12,5,Baylor,robertlouis7,3,0,0,176.25,87992,72977,15015,"Holds all its own picks, 2027–29.",52880,2.341,0.5
2026,3,1331774880181399552,NCAA BIG 12,6,Texas,elianbruger,2,1,0,120.03,50861,35846,15015,"Holds all its own picks, 2027–29.",18211,-0.586,0.5
2026,3,1331774880181399552,NCAA BIG 12,7,Kansas State,Frankeen,3,0,0,171.02,67284,53240,14044,Traded away: 2027 3rd (to TCU),32483,1.187,0.5
2026,3,1331774880181399552,NCAA BIG 12,8,West Virginia,alicho,2,1,0,153.96,61641,46626,15015,"Holds all its own picks, 2027–29.",27838,0.601,0.5
2026,3,1331774880181399552,NCAA BIG 12,9,Oklahoma,rchau56,2,1,0,99.53,62722,49187,13535,"Traded away: 2027 4th (to Texas A&M), 2028 4th (to Texas A&M)",26937,-0.557,0.5
2026,3,1331774915392577536,NCAA ACC,1,Virginia,ChrisW21,2,1,0,153.06,57576,42561,15015,"Holds all its own picks, 2027–29.",32349,0.814,0.5
2026,3,1331774915392577536,NCAA ACC,10,NC State,EerieHush,2,1,0,144.25,67770,53044,14726,"Acquired: 2027 2nd (Clemson) · Traded away: 2027 3rd (to Clemson), 2027 4th (to Virginia Tech)",29042,0.464,0.5
2026,3,1331774915392577536,NCAA ACC,11,Louisville,Campbell8,0,3,0,120.29,51242,36227,15015,"Holds all its own picks, 2027–29.",19958,-0.491,0.5
2026,3,1331774915392577536,NCAA ACC,12,Clemson,dilbennett,3,0,0,173.13,75875,61324,14551,Acquired: 2027 3rd (NC State) · Traded away: 2027 2nd (to NC State),45519,1.9,0.5
2026,3,1331774915392577536,NCAA ACC,2,North Carolina,MattyBent,1,2,0,117.35,51437,36422,15015,"Holds all its own picks, 2027–29.",18118,-0.646,0.5
2026,3,1331774915392577536,NCAA ACC,3,Georgia Tech,spendawg,3,0,0,147.89,61778,46763,15015,"Holds all its own picks, 2027–29.",29450,0.559,0.5
2026,3,1331774915392577536,NCAA ACC,4,Virginia Tech,landonh12,1,2,0,111.55,72440,56454,15986,"Acquired: 2027 3rd (Duke), 2027 4th (NC State) · Traded away: 2027 4th (to Duke)",22381,-0.545,0.5
2026,3,1331774915392577536,NCAA ACC,5,FSU,Yarby,3,0,0,155.08,55964,43674,12290,Traded away: 2027 1st (to Boston College),36951,1.091,0.5
2026,3,1331774915392577536,NCAA ACC,6,Wake Forest,WhiskyScientist,1,2,0,138.27,62046,47031,15015,"Holds all its own picks, 2027–29.",24572,0.113,0.5
2026,3,1331774915392577536,NCAA ACC,7,Duke,fatalbeast,1,2,0,123.0,55277,40480,14797,Acquired: 2027 4th (Virginia Tech) · Traded away: 2027 3rd (to Virginia Tech),27409,-0.053,0.5
2026,3,1331774915392577536,NCAA ACC,8,Boston College,eperedetto,0,3,0,124.1,62773,45033,17740,Acquired: 2027 1st (FSU),22668,-0.274,0.5
2026,3,1331774915392577536,NCAA ACC,9,Miami,markandrewsisthegoat,1,2,0,125.17,46499,31484,15015,"Holds all its own picks, 2027–29.",11670,-0.817,0.5
2026,3,1331775106527006720,NCAA PAC 12,1,Arizona,nshox2,0,3,0,100.64,52471,34394,18077,"Acquired: 2027 1st (USC), 2027 3rd (Washington State), 2028 1st (USC), 2028 4th (Washington State) · Traded away: 2027 3rd (to Washington State), 2027 4th (to Washington State), 2028 3rd (to Washington State), 2028 4th (to Washington State)",12818,-1.259,0.5
2026,3,1331775106527006720,NCAA PAC 12,10,California,ImagineWiigons,2,1,0,93.98,43032,22911,20121,"Acquired: 2027 2nd (Washington), 2028 1st (Washington), 2029 1st (Washington)",14302,-1.319,0.5
2026,3,1331775106527006720,NCAA PAC 12,11,Utah,seniormeow,1,2,0,117.72,57424,42409,15015,"Holds all its own picks, 2027–29.",20570,-0.512,0.5
2026,3,1331775106527006720,NCAA PAC 12,12,UCLA,lmerkouSaints,2,1,0,144.89,64748,48188,16560,"Acquired: 2027 2nd (Washington State), 2027 3rd (Oregon State), 2027 4th (Stanford) · Traded away: 2027 4th (to Oregon), 2028 3rd (to Colorado)",30333,0.544,0.5
2026,3,1331775106527006720,NCAA PAC 12,2,USC,KamaraGOAT41,1,2,0,151.02,65118,54889,10229,"Acquired: 2028 3rd (Washington State) · Traded away: 2027 1st (to Arizona), 2027 3rd (to Oregon), 2028 1st (to Arizona)",38835,1.105,0.5
2026,3,1331775106527006720,NCAA PAC 12,3,Oregon State,Dunebuggy619,2,1,0,138.85,61242,43895,17347,"Acquired: 2027 1st (Washington State), 2028 1st (Washington State), 2029 3rd (Washington State) · Traded away: 2027 3rd (to UCLA), 2027 4th (to Washington State), 2028 4th (to Washington State), 2029 4th (to Washington State)",19306,-0.146,0.5
2026,3,1331775106527006720,NCAA PAC 12,4,Washington State,chzhead412,3,0,0,159.28,77853,66605,11248,"Acquired: 2027 3rd (Arizona), 2027 3rd (Colorado), 2027 4th (Arizona), 2027 4th (Oregon State), 2028 3rd (Arizona), 2028 4th (Arizona), 2028 4th (Oregon State), 2029 4th (Oregon State) · Traded away: 2027 1st (to Oregon State), 2027 2nd (to UCLA), 2027 3rd (to Arizona), 2027 4th (to Washington), 2028 1st (to Oregon State), 2028 3rd (to USC), 2028 4th (to Arizona), 2029 3rd (to Oregon State)",46647,1.675,0.5
2026,3,1331775106527006720,NCAA PAC 12,5,Stanford,laynemercer,1,2,0,108.4,53678,39416,14262,Traded away: 2027 4th (to UCLA),24171,-0.518,0.5
2026,3,1331775106527006720,NCAA PAC 12,6,Washington,samggannon,1,2,0,114.53,47189,36527,10662,"Acquired: 2027 4th (Washington State) · Traded away: 2027 2nd (to California), 2028 1st (to California), 2029 1st (to California)",25030,-0.348,0.5
2026,3,1331775106527006720,NCAA PAC 12,7,Arizona State,wrightc214,2,1,0,167.24,82963,67948,15015,"Holds all its own picks, 2027–29.",44617,1.733,0.5
2026,3,1331775106527006720,NCAA PAC 12,8,Colorado,keppin,3,0,0,159.53,71264,56359,14905,Acquired: 2028 3rd (UCLA) · Traded away: 2027 3rd (to Washington State),29826,0.817,0.5
2026,3,1331775106527006720,NCAA PAC 12,9,Oregon,ScottyW13,0,3,0,77.26,44582,27843,16739,"Acquired: 2027 3rd (USC), 2027 4th (UCLA)",7553,-2.006,0.5
2026,3,1331775170712444928,NCAA SEC,1,Florida,tedman546,0,3,0,90.93,44682,29667,15015,"Holds all its own picks, 2027–29.",13375,-1.428,0.5
2026,3,1331775170712444928,NCAA SEC,10,South Carolina,Orphan,3,0,0,152.5,77775,61325,16450,Acquired: 2027 2nd (Kentucky),37073,1.045,0.5
2026,3,1331775170712444928,NCAA SEC,11,Alabama,devbovino,1,2,0,91.35,59625,44610,15015,"Holds all its own picks, 2027–29.",16972,-1.235,0.5
2026,3,1331775170712444928,NCAA SEC,12,Arkansas,JosephMarin07,1,2,0,111.09,65733,50718,15015,"Holds all its own picks, 2027–29.",26223,-0.358,0.5
2026,3,1331775170712444928,NCAA SEC,2,LSU,errand,2,1,0,155.31,60306,45291,15015,"Holds all its own picks, 2027–29.",33639,0.926,0.5
2026,3,1331775170712444928,NCAA SEC,3,Tennessee,ChadLowe,0,3,0,121.6,51326,36311,15015,"Holds all its own picks, 2027–29.",21424,-0.389,0.5
2026,3,1331775170712444928,NCAA SEC,4,Auburn,egbdf,3,0,0,172.56,66052,51037,15015,"Holds all its own picks, 2027–29.",35703,1.384,0.5
2026,3,1331775170712444928,NCAA SEC,5,Ole Miss,ryank45,0,3,0,108.1,48127,33112,15015,"Holds all its own picks, 2027–29.",19826,-0.747,0.5
2026,3,1331775170712444928,NCAA SEC,6,Mississippi State,thatmansanti,2,1,0,173.69,77401,62386,15015,"Holds all its own picks, 2027–29.",44675,1.868,0.5
2026,3,1331775170712444928,NCAA SEC,7,Georgia,kodakjack,2,1,0,126.11,47215,32200,15015,"Holds all its own picks, 2027–29.",18367,-0.454,0.5
2026,3,1331775170712444928,NCAA SEC,8,Kentucky,Stumpy44,3,0,0,132.4,72786,61931,10855,"Traded away: 2027 1st (to Vanderbilt), 2027 2nd (to South Carolina)",35060,0.531,0.5
2026,3,1331775170712444928,NCAA SEC,9,Vanderbilt,Neilsondug,1,2,0,104.55,49849,32109,17740,Acquired: 2027 1st (Kentucky),9295,-1.36,0.5
2026,3,1331775206619885568,NCAA BIG EAST & CO.,1,Rutgers,sblau24,1,2,0,121.63,57135,42120,15015,"Holds all its own picks, 2027–29.",25849,-0.161,0.5
2026,3,1331775206619885568,NCAA BIG EAST & CO.,10,USF,MacATac,1,2,0,119.86,55389,39403,15986,Acquired: 2027 3rd (Army),21290,-0.432,0.5
2026,3,1331775206619885568,NCAA BIG EAST & CO.,11,Navy,Ianiners,2,1,0,124.43,58561,43546,15015,"Holds all its own picks, 2027–29.",20018,-0.404,0.5
2026,3,1331775206619885568,NCAA BIG EAST & CO.,12,Notre Dame,ryno,1,2,0,131.51,72044,54304,17740,Acquired: 2027 1st (UCONN),25729,0.034,0.5
2026,3,1331775206619885568,NCAA BIG EAST & CO.,2,Maryland,hurlken,0,3,0,71.92,45877,30862,15015,"Holds all its own picks, 2027–29.",13357,-1.818,0.5
2026,3,1331775206619885568,NCAA BIG EAST & CO.,3,South Dakota State,averagedude23,1,2,0,134.5,50235,35220,15015,"Holds all its own picks, 2027–29.",20162,-0.191,0.5
2026,3,1331775206619885568,NCAA BIG EAST & CO.,4,Pittsburgh,vinceA762,3,0,0,143.77,63717,48702,15015,"Holds all its own picks, 2027–29.",27476,0.374,0.5
2026,3,1331775206619885568,NCAA BIG EAST & CO.,5,UCONN,NastyS8ntChance,1,2,0,118.59,63586,51296,12290,Traded away: 2027 1st (to Notre Dame),30462,0.013,0.5
2026,3,1331775206619885568,NCAA BIG EAST & CO.,6,Coastal Carolina,joonbug,2,1,0,139.97,59935,44920,15015,"Holds all its own picks, 2027–29.",35134,0.69,0.5
2026,3,1331775206619885568,NCAA BIG EAST & CO.,7,Syracuse,CodeKhaos,2,1,0,158.28,88267,71498,16769,Acquired: 2027 1st (Army) · Traded away: 2027 3rd (to Army),48006,1.724,0.5
2026,3,1331775206619885568,NCAA BIG EAST & CO.,8,Army,Claser,3,0,0,139.21,44048,31758,12290,"Acquired: 2027 3rd (Syracuse) · Traded away: 2027 1st (to Syracuse), 2027 3rd (to USF)",19569,-0.125,0.5
2026,3,1331775206619885568,NCAA BIG EAST & CO.,9,UCF,JEANTY,1,2,0,136.86,61468,46453,15015,"Holds all its own picks, 2027–29.",27873,0.253,0.5
