Year,LeagueID,LeagueName,RosterID,OwnerID,OwnerName,PlayerID,FullName,Position,Team
2026,1316899936696016896,NCAA BIG 10,1,465720627639087104,Mo00,7002,Juwan Johnson,TE,NO
2026,1316899936696016896,NCAA BIG 10,1,465720627639087104,Mo00,5095,Daniel Carlson,K,LV
2026,1316899936696016896,NCAA BIG 10,1,465720627639087104,Mo00,11539,Jake Bates,K,DET
2026,1316899936696016896,NCAA BIG 10,1,465720627639087104,Mo00,4972,Mason Rudolph,QB,PIT
2026,1316899936696016896,NCAA BIG 10,1,465720627639087104,Mo00,5113,Cedrick Wilson,WR,MIA
2026,1316899936696016896,NCAA BIG 10,1,465720627639087104,Mo00,4035,Alvin Kamara,RB,NO
2026,1316899936696016896,NCAA BIG 10,1,465720627639087104,Mo00,10863,A.T. Perry,WR,PIT
2026,1316899936696016896,NCAA BIG 10,1,465720627639087104,Mo00,8144,Chris Olave,WR,NO
2026,1316899936696016896,NCAA BIG 10,1,465720627639087104,Mo00,8202,,,
2026,1316899936696016896,NCAA BIG 10,1,465720627639087104,Mo00,11377,Tyrell Shavers,WR,BUF
2026,1316899936696016896,NCAA BIG 10,1,465720627639087104,Mo00,6794,Justin Jefferson,WR,MIN
2026,1316899936696016896,NCAA BIG 10,1,465720627639087104,Mo00,11573,Frank Gore,RB,BUF
2026,1316899936696016896,NCAA BIG 10,1,465720627639087104,Mo00,PHI,Philadelphia Eagles,DEF,PHI
2026,1316899936696016896,NCAA BIG 10,1,465720627639087104,Mo00,7611,Rhamondre Stevenson,RB,NE
2026,1316899936696016896,NCAA BIG 10,1,465720627639087104,Mo00,11603,AJ Barner,TE,SEA
2026,1316899936696016896,NCAA BIG 10,1,465720627639087104,Mo00,4018,Joe Mixon,RB,HOU
2026,1316899936696016896,NCAA BIG 10,1,465720627639087104,Mo00,10218,Xavier Hutchinson,WR,HOU
2026,1316899936696016896,NCAA BIG 10,1,465720627639087104,Mo00,3678,Wil Lutz,K,DEN
2026,1316899936696016896,NCAA BIG 10,1,465720627639087104,Mo00,11058,Blake Grupe,K,IND
2026,1316899936696016896,NCAA BIG 10,1,465720627639087104,Mo00,2306,Jameis Winston,QB,NYG
2026,1316899936696016896,NCAA BIG 10,1,465720627639087104,Mo00,NO,New Orleans Saints,DEF,NO
2026,1316899936696016896,NCAA BIG 10,1,465720627639087104,Mo00,6869,Adam Trautman,TE,DEN
2026,1316899936696016896,NCAA BIG 10,1,465720627639087104,Mo00,2374,Tyler Lockett,WR,LV
2026,1316899936696016896,NCAA BIG 10,1,465720627639087104,Mo00,5022,Dallas Goedert,TE,PHI
2026,1316899936696016896,NCAA BIG 10,1,465720627639087104,Mo00,10219,Chris Rodriguez,RB,WAS
2026,1316899936696016896,NCAA BIG 10,1,465720627639087104,Mo00,8220,,,
2026,1316899936696016896,NCAA BIG 10,1,465720627639087104,Mo00,7591,Justin Fields,QB,NYJ
2026,1316899936696016896,NCAA BIG 10,1,465720627639087104,Mo00,4988,Nick Chubb,RB,HOU
2026,1316899936696016896,NCAA BIG 10,1,465720627639087104,Mo00,4137,James Conner,RB,ARI
2026,1316899936696016896,NCAA BIG 10,1,465720627639087104,Mo00,NYJ,New York Jets,DEF,NYJ
2026,1316899936696016896,NCAA BIG 10,1,465720627639087104,Mo00,10859,Sam LaPorta,TE,DET
2026,1316899936696016896,NCAA BIG 10,1,465720627639087104,Mo00,7587,Dyami Brown,WR,JAX
2026,1316899936696016896,NCAA BIG 10,1,465720627639087104,Mo00,1166,Kirk Cousins,QB,ATL
2026,1316899936696016896,NCAA BIG 10,1,465720627639087104,Mo00,8147,John Metchie,WR,NYJ
2026,1316899936696016896,NCAA BIG 10,1,465720627639087104,Mo00,6130,Devin Singletary,RB,NYG
2026,1316899936696016896,NCAA BIG 10,1,465720627639087104,Mo00,6768,Tua Tagovailoa,QB,MIA
2026,1316899936696016896,NCAA BIG 10,1,465720627639087104,Mo00,3269,Chris Moore,WR,WAS
2026,1316899936696016896,NCAA BIG 10,1,465720627639087104,Mo00,11557,Joe Milton,QB,DAL
2026,1316899936696016896,NCAA BIG 10,1,465720627639087104,Mo00,6786,CeeDee Lamb,WR,DAL
2026,1316899936696016896,NCAA BIG 10,2,438178170542223360,EthanH,12501,Matthew Golden,WR,GB
2026,1316899936696016896,NCAA BIG 10,2,438178170542223360,EthanH,5849,Kyler Murray,QB,ARI
2026,1316899936696016896,NCAA BIG 10,2,438178170542223360,EthanH,9502,Tank Dell,WR,HOU
2026,1316899936696016896,NCAA BIG 10,2,438178170542223360,EthanH,11569,Jarquez Hunter,RB,LAR
2026,1316899936696016896,NCAA BIG 10,2,438178170542223360,EthanH,7042,Tyler Bass,K,BUF
2026,1316899936696016896,NCAA BIG 10,2,438178170542223360,EthanH,8122,Zonovan Knight,RB,ARI
2026,1316899936696016896,NCAA BIG 10,2,438178170542223360,EthanH,12471,DJ Giddens,RB,IND
2026,1316899936696016896,NCAA BIG 10,2,438178170542223360,EthanH,9754,Quentin Johnston,WR,LAC
2026,1316899936696016896,NCAA BIG 10,2,438178170542223360,EthanH,11600,Ja'Tavion Sanders,TE,CAR
2026,1316899936696016896,NCAA BIG 10,2,438178170542223360,EthanH,11562,Spencer Rattler,QB,NO
2026,1316899936696016896,NCAA BIG 10,2,438178170542223360,EthanH,12547,Kyle Williams,WR,NE
2026,1316899936696016896,NCAA BIG 10,2,438178170542223360,EthanH,9757,Kendre Miller,RB,NO
2026,1316899936696016896,NCAA BIG 10,2,438178170542223360,EthanH,BUF,Buffalo Bills,DEF,BUF
2026,1316899936696016896,NCAA BIG 10,2,438178170542223360,EthanH,DET,Detroit Lions,DEF,DET
2026,1316899936696016896,NCAA BIG 10,2,438178170542223360,EthanH,4199,Aaron Jones,RB,MIN
2026,1316899936696016896,NCAA BIG 10,2,438178170542223360,EthanH,7571,Rashod Bateman,WR,BAL
2026,1316899936696016896,NCAA BIG 10,2,438178170542223360,EthanH,6845,,,
2026,1316899936696016896,NCAA BIG 10,2,438178170542223360,EthanH,10236,Dalton Kincaid,TE,BUF
2026,1316899936696016896,NCAA BIG 10,2,438178170542223360,EthanH,12539,Arian Smith,WR,NYJ
2026,1316899936696016896,NCAA BIG 10,2,438178170542223360,EthanH,9221,Jahmyr Gibbs,RB,DET
2026,1316899936696016896,NCAA BIG 10,2,438178170542223360,EthanH,11632,Malik Nabers,WR,NYG
2026,1316899936696016896,NCAA BIG 10,2,438178170542223360,EthanH,7525,DeVonta Smith,WR,PHI
2026,1316899936696016896,NCAA BIG 10,2,438178170542223360,EthanH,9494,Marvin Mims,WR,DEN
2026,1316899936696016896,NCAA BIG 10,2,438178170542223360,EthanH,9226,De'Von Achane,RB,MIA
2026,1316899936696016896,NCAA BIG 10,2,438178170542223360,EthanH,11655,Tyrone Tracy,RB,NYG
2026,1316899936696016896,NCAA BIG 10,2,438178170542223360,EthanH,10225,Jonathan Mingo,WR,DAL
2026,1316899936696016896,NCAA BIG 10,2,438178170542223360,EthanH,12508,Jaxson Dart,QB,NYG
2026,1316899936696016896,NCAA BIG 10,2,438178170542223360,EthanH,12540,Chimere Dike,WR,TEN
2026,1316899936696016896,NCAA BIG 10,2,438178170542223360,EthanH,10226,Andrei Iosivas,WR,CIN
2026,1316899936696016896,NCAA BIG 10,2,438178170542223360,EthanH,9493,Puka Nacua,WR,LAR
2026,1316899936696016896,NCAA BIG 10,2,438178170542223360,EthanH,4233,Zane Gonzalez,K,ATL
2026,1316899936696016896,NCAA BIG 10,2,438178170542223360,EthanH,7596,,,
2026,1316899936696016896,NCAA BIG 10,2,438178170542223360,EthanH,11650,Luke McCaffrey,WR,WAS
2026,1316899936696016896,NCAA BIG 10,2,438178170542223360,EthanH,7607,Michael Carter,RB,ARI
2026,1316899936696016896,NCAA BIG 10,2,438178170542223360,EthanH,6650,Chase McLaughlin,K,TB
2026,1316899936696016896,NCAA BIG 10,2,438178170542223360,EthanH,12545,Tyler Shough,QB,NO
2026,1316899936696016896,NCAA BIG 10,2,438178170542223360,EthanH,9501,DeMario Douglas,WR,NE
2026,1316899936696016896,NCAA BIG 10,2,438178170542223360,EthanH,8110,Jake Ferguson,TE,DAL
2026,1316899936696016896,NCAA BIG 10,2,438178170542223360,EthanH,11592,Erick All,TE,CIN
2026,1316899936696016896,NCAA BIG 10,2,438178170542223360,EthanH,10232,Michael Wilson,WR,ARI
2026,1316899936696016896,NCAA BIG 10,2,438178170542223360,EthanH,6904,Jalen Hurts,QB,PHI
2026,1316899936696016896,NCAA BIG 10,2,438178170542223360,EthanH,12535,Isaac TeSlaa,WR,DET
2026,1316899936696016896,NCAA BIG 10,2,438178170542223360,EthanH,8111,Cade Otton,TE,TB
2026,1316899936696016896,NCAA BIG 10,2,438178170542223360,EthanH,11579,Audric Estime,RB,NO
2026,1316899936696016896,NCAA BIG 10,2,438178170542223360,EthanH,12493,Oronde Gadsden,TE,LAC
2026,1316899936696016896,NCAA BIG 10,3,437465313911500800,kfitch3p,11640,,,
2026,1316899936696016896,NCAA BIG 10,3,437465313911500800,kfitch3p,12670,KeAndre Lambert-Smith,WR,LAC
2026,1316899936696016896,NCAA BIG 10,3,437465313911500800,kfitch3p,8210,Chig Okonkwo,TE,TEN
2026,1316899936696016896,NCAA BIG 10,3,437465313911500800,kfitch3p,CIN,Cincinnati Bengals,DEF,CIN
2026,1316899936696016896,NCAA BIG 10,3,437465313911500800,kfitch3p,8168,Skyy Moore,WR,SF
2026,1316899936696016896,NCAA BIG 10,3,437465313911500800,kfitch3p,7602,Kylen Granson,TE,PHI
2026,1316899936696016896,NCAA BIG 10,3,437465313911500800,kfitch3p,7537,Jaret Patterson,RB,LAC
2026,1316899936696016896,NCAA BIG 10,3,437465313911500800,kfitch3p,6938,Cam Akers,RB,SEA
2026,1316899936696016896,NCAA BIG 10,3,437465313911500800,kfitch3p,11626,Xavier Legette,WR,CAR
2026,1316899936696016896,NCAA BIG 10,3,437465313911500800,kfitch3p,12486,Dillon Gabriel,QB,CLE
2026,1316899936696016896,NCAA BIG 10,3,437465313911500800,kfitch3p,12497,Tory Horton,WR,SEA
2026,1316899936696016896,NCAA BIG 10,3,437465313911500800,kfitch3p,12534,Kyle Monangai,RB,CHI
2026,1316899936696016896,NCAA BIG 10,3,437465313911500800,kfitch3p,12462,Damien Martinez,RB,GB
2026,1316899936696016896,NCAA BIG 10,3,437465313911500800,kfitch3p,4381,Taysom Hill,TE,NO
2026,1316899936696016896,NCAA BIG 10,3,437465313911500800,kfitch3p,11628,Marvin Harrison,WR,ARI
2026,1316899936696016896,NCAA BIG 10,3,437465313911500800,kfitch3p,4039,Cooper Kupp,WR,SEA
2026,1316899936696016896,NCAA BIG 10,3,437465313911500800,kfitch3p,12499,Elic Ayomanor,WR,TEN
2026,1316899936696016896,NCAA BIG 10,3,437465313911500800,kfitch3p,9229,Anthony Richardson,QB,IND
2026,1316899936696016896,NCAA BIG 10,3,437465313911500800,kfitch3p,8112,Drake London,WR,ATL
2026,1316899936696016896,NCAA BIG 10,3,437465313911500800,kfitch3p,12511,Will Howard,QB,PIT
2026,1316899936696016896,NCAA BIG 10,3,437465313911500800,kfitch3p,12530,Travis Hunter,WR,JAX
2026,1316899936696016896,NCAA BIG 10,3,437465313911500800,kfitch3p,4993,Mike Gesicki,TE,CIN
2026,1316899936696016896,NCAA BIG 10,3,437465313911500800,kfitch3p,CAR,Carolina Panthers,DEF,CAR
2026,1316899936696016896,NCAA BIG 10,3,437465313911500800,kfitch3p,12470,Riley Leonard,QB,IND
2026,1316899936696016896,NCAA BIG 10,3,437465313911500800,kfitch3p,11565,J.J. McCarthy,QB,MIN
2026,1316899936696016896,NCAA BIG 10,3,437465313911500800,kfitch3p,12641,Jaylin Lane,WR,WAS
2026,1316899936696016896,NCAA BIG 10,3,437465313911500800,kfitch3p,12522,Cam Ward,QB,TEN
2026,1316899936696016896,NCAA BIG 10,3,437465313911500800,kfitch3p,WAS,Washington Commanders,DEF,WAS
2026,1316899936696016896,NCAA BIG 10,3,437465313911500800,kfitch3p,8208,Tyler Badie,RB,DEN
2026,1316899936696016896,NCAA BIG 10,3,437465313911500800,kfitch3p,12543,Tahj Brooks,RB,CIN
2026,1316899936696016896,NCAA BIG 10,3,437465313911500800,kfitch3p,8135,Treylon Burks,WR,WAS
2026,1316899936696016896,NCAA BIG 10,3,437465313911500800,kfitch3p,4195,Jake Elliott,K,PHI
2026,1316899936696016896,NCAA BIG 10,3,437465313911500800,kfitch3p,11638,Ricky Pearsall,WR,SF
2026,1316899936696016896,NCAA BIG 10,3,437465313911500800,kfitch3p,9999,Will Levis,QB,TEN
2026,1316899936696016896,NCAA BIG 10,3,437465313911500800,kfitch3p,96,Aaron Rodgers,QB,PIT
2026,1316899936696016896,NCAA BIG 10,3,437465313911500800,kfitch3p,4219,Jeremy McNichols,RB,WAS
2026,1316899936696016896,NCAA BIG 10,3,437465313911500800,kfitch3p,11589,Trey Benson,RB,ARI
2026,1316899936696016896,NCAA BIG 10,3,437465313911500800,kfitch3p,1348,,,
2026,1316899936696016896,NCAA BIG 10,3,437465313911500800,kfitch3p,4666,,,
2026,1316899936696016896,NCAA BIG 10,3,437465313911500800,kfitch3p,12542,Efton Chism,WR,NE
2026,1316899936696016896,NCAA BIG 10,3,437465313911500800,kfitch3p,12517,Colston Loveland,TE,CHI
2026,1316899936696016896,NCAA BIG 10,3,437465313911500800,kfitch3p,11616,Jacob Cowing,WR,SF
2026,1316899936696016896,NCAA BIG 10,4,572115807636807680,BigTexas8,11599,Cade Stover,TE,HOU
2026,1316899936696016896,NCAA BIG 10,4,572115807636807680,BigTexas8,7527,Mac Jones,QB,SF
2026,1316899936696016896,NCAA BIG 10,4,572115807636807680,BigTexas8,9753,Zach Charbonnet,RB,SEA
2026,1316899936696016896,NCAA BIG 10,4,572115807636807680,BigTexas8,6149,Darius Slayton,WR,NYG
2026,1316899936696016896,NCAA BIG 10,4,572115807636807680,BigTexas8,6805,,,
2026,1316899936696016896,NCAA BIG 10,4,572115807636807680,BigTexas8,10871,Luke Schoonmaker,TE,DAL
2026,1316899936696016896,NCAA BIG 10,4,572115807636807680,BigTexas8,8162,Sam Howell,QB,PHI
2026,1316899936696016896,NCAA BIG 10,4,572115807636807680,BigTexas8,CHI,Chicago Bears,DEF,CHI
2026,1316899936696016896,NCAA BIG 10,4,572115807636807680,BigTexas8,9497,Jalin Hyatt,WR,NYG
2026,1316899936696016896,NCAA BIG 10,4,572115807636807680,BigTexas8,6528,Joey Slye,K,TEN
2026,1316899936696016896,NCAA BIG 10,4,572115807636807680,BigTexas8,9997,Zay Flowers,WR,BAL
2026,1316899936696016896,NCAA BIG 10,4,572115807636807680,BigTexas8,12484,Jayden Higgins,WR,HOU
2026,1316899936696016896,NCAA BIG 10,4,572115807636807680,BigTexas8,8204,Bo Melton,WR,GB
2026,1316899936696016896,NCAA BIG 10,4,572115807636807680,BigTexas8,11637,Keon Coleman,WR,BUF
2026,1316899936696016896,NCAA BIG 10,4,572115807636807680,BigTexas8,8123,Hassan Haskins,RB,LAC
2026,1316899936696016896,NCAA BIG 10,4,572115807636807680,BigTexas8,12481,Cam Skattebo,RB,NYG
2026,1316899936696016896,NCAA BIG 10,4,572115807636807680,BigTexas8,12502,Gunnar Helm,TE,TEN
2026,1316899936696016896,NCAA BIG 10,4,572115807636807680,BigTexas8,3582,,,
2026,1316899936696016896,NCAA BIG 10,4,572115807636807680,BigTexas8,7567,Kenneth Gainwell,RB,PIT
2026,1316899936696016896,NCAA BIG 10,4,572115807636807680,BigTexas8,11559,Michael Penix,QB,ATL
2026,1316899936696016896,NCAA BIG 10,4,572115807636807680,BigTexas8,6268,,,
2026,1316899936696016896,NCAA BIG 10,4,572115807636807680,BigTexas8,5133,Tyler Conklin,TE,LAC
2026,1316899936696016896,NCAA BIG 10,4,572115807636807680,BigTexas8,4068,,,
2026,1316899936696016896,NCAA BIG 10,4,572115807636807680,BigTexas8,7562,Tutu Atwell,WR,LAR
2026,1316899936696016896,NCAA BIG 10,4,572115807636807680,BigTexas8,2216,Mike Evans,WR,TB
2026,1316899936696016896,NCAA BIG 10,4,572115807636807680,BigTexas8,12474,Woody Marks,RB,HOU
2026,1316899936696016896,NCAA BIG 10,4,572115807636807680,BigTexas8,11586,Blake Corum,RB,LAR
2026,1316899936696016896,NCAA BIG 10,4,572115807636807680,BigTexas8,4881,Lamar Jackson,QB,BAL
2026,1316899936696016896,NCAA BIG 10,4,572115807636807680,BigTexas8,SEA,Seattle Seahawks,DEF,SEA
2026,1316899936696016896,NCAA BIG 10,4,572115807636807680,BigTexas8,1339,Zach Ertz,TE,WAS
2026,1316899936696016896,NCAA BIG 10,4,572115807636807680,BigTexas8,8205,Isiah Pacheco,RB,KC
2026,1316899936696016896,NCAA BIG 10,4,572115807636807680,BigTexas8,8475,,,
2026,1316899936696016896,NCAA BIG 10,4,572115807636807680,BigTexas8,PIT,Pittsburgh Steelers,DEF,PIT
2026,1316899936696016896,NCAA BIG 10,4,572115807636807680,BigTexas8,4227,Harrison Butker,K,KC
2026,1316899936696016896,NCAA BIG 10,4,572115807636807680,BigTexas8,8119,Jahan Dotson,WR,PHI
2026,1316899936696016896,NCAA BIG 10,4,572115807636807680,BigTexas8,4054,Mo Alie-Cox,TE,IND
2026,1316899936696016896,NCAA BIG 10,4,572115807636807680,BigTexas8,9504,Kayshon Boutte,WR,NE
2026,1316899936696016896,NCAA BIG 10,5,,Unknown,11564,Drake Maye,QB,NE
2026,1316899936696016896,NCAA BIG 10,5,,Unknown,11619,Ja'Lynn Polk,WR,NO
2026,1316899936696016896,NCAA BIG 10,5,,Unknown,12510,Jalen Milroe,QB,SEA
2026,1316899936696016896,NCAA BIG 10,5,,Unknown,5970,Greg Dortch,WR,ARI
2026,1316899936696016896,NCAA BIG 10,5,,Unknown,7528,Najee Harris,RB,LAC
2026,1316899936696016896,NCAA BIG 10,5,,Unknown,8670,,,
2026,1316899936696016896,NCAA BIG 10,5,,Unknown,9500,Josh Downs,WR,IND
2026,1316899936696016896,NCAA BIG 10,5,,Unknown,9224,Chase Brown,RB,CIN
2026,1316899936696016896,NCAA BIG 10,5,,Unknown,11646,Jalen Coker,WR,CAR
2026,1316899936696016896,NCAA BIG 10,5,,Unknown,MIA,Miami Dolphins,DEF,MIA
2026,1316899936696016896,NCAA BIG 10,5,,Unknown,12531,Trevor Etienne,RB,CAR
2026,1316899936696016896,NCAA BIG 10,5,,Unknown,7610,Trey Lance,QB,LAC
2026,1316899936696016896,NCAA BIG 10,5,,Unknown,10857,Stetson Bennett,QB,LAR
2026,1316899936696016896,NCAA BIG 10,5,,Unknown,5848,Marquise Brown,WR,KC
2026,1316899936696016896,NCAA BIG 10,5,,Unknown,1945,Chris Boswell,K,PIT
2026,1316899936696016896,NCAA BIG 10,5,,Unknown,12490,Bhayshul Tuten,RB,JAX
2026,1316899936696016896,NCAA BIG 10,5,,Unknown,11627,Troy Franklin,WR,DEN
2026,1316899936696016896,NCAA BIG 10,5,,Unknown,ATL,Atlanta Falcons,DEF,ATL
2026,1316899936696016896,NCAA BIG 10,5,,Unknown,11792,Will Reichard,K,MIN
2026,1316899936696016896,NCAA BIG 10,5,,Unknown,3214,Hunter Henry,TE,NE
2026,1316899936696016896,NCAA BIG 10,5,,Unknown,11617,Malachi Corley,WR,CLE
2026,1316899936696016896,NCAA BIG 10,5,,Unknown,8132,Tyler Allgeier,RB,ATL
2026,1316899936696016896,NCAA BIG 10,5,,Unknown,4040,JuJu Smith-Schuster,WR,KC
2026,1316899936696016896,NCAA BIG 10,5,,Unknown,9511,Keaton Mitchell,RB,BAL
2026,1316899936696016896,NCAA BIG 10,5,,Unknown,4663,Austin Ekeler,RB,WAS
2026,1316899936696016896,NCAA BIG 10,5,,Unknown,11576,Braelon Allen,RB,NYJ
2026,1316899936696016896,NCAA BIG 10,5,,Unknown,11597,Theo Johnson,TE,NYG
2026,1316899936696016896,NCAA BIG 10,5,,Unknown,9228,Bryce Young,QB,CAR
2026,1316899936696016896,NCAA BIG 10,5,,Unknown,9480,Brenton Strange,TE,JAX
2026,1316899936696016896,NCAA BIG 10,5,,Unknown,5872,Deebo Samuel,WR,WAS
2026,1316899936696016896,NCAA BIG 10,5,,Unknown,11633,Jamari Thrash,WR,CLE
2026,1316899936696016896,NCAA BIG 10,5,,Unknown,6797,Justin Herbert,QB,LAC
2026,1316899936696016896,NCAA BIG 10,5,,Unknown,5185,,,
2026,1316899936696016896,NCAA BIG 10,5,,Unknown,7066,,,
2026,1316899936696016896,NCAA BIG 10,5,,Unknown,11635,Ladd McConkey,WR,LAC
2026,1316899936696016896,NCAA BIG 10,5,,Unknown,5844,T.J. Hockenson,TE,MIN
2026,1316899936696016896,NCAA BIG 10,5,,Unknown,8136,Rachaad White,RB,TB
2026,1316899936696016896,NCAA BIG 10,5,,Unknown,7593,,,
2026,1316899936696016896,NCAA BIG 10,5,,Unknown,12507,Omarion Hampton,RB,LAC
2026,1316899936696016896,NCAA BIG 10,5,,Unknown,6783,Jerry Jeudy,WR,CLE
2026,1316899936696016896,NCAA BIG 10,6,460511267564548096,laxbro000,6828,A.J. Dillon,RB,PHI
2026,1316899936696016896,NCAA BIG 10,6,460511267564548096,laxbro000,KC,Kansas City Chiefs,DEF,KC
2026,1316899936696016896,NCAA BIG 10,6,460511267564548096,laxbro000,8155,Breece Hall,RB,NYJ
2026,1316899936696016896,NCAA BIG 10,6,460511267564548096,laxbro000,4033,David Njoku,TE,CLE
2026,1316899936696016896,NCAA BIG 10,6,460511267564548096,laxbro000,9756,Jordan Addison,WR,MIN
2026,1316899936696016896,NCAA BIG 10,6,460511267564548096,laxbro000,11643,Jaylen Wright,RB,MIA
2026,1316899936696016896,NCAA BIG 10,6,460511267564548096,laxbro000,9227,Israel Abanikanda,RB,DAL
2026,1316899936696016896,NCAA BIG 10,6,460511267564548096,laxbro000,11435,Emanuel Wilson,RB,GB
2026,1316899936696016896,NCAA BIG 10,6,460511267564548096,laxbro000,11716,Tip Reiman,TE,ARI
2026,1316899936696016896,NCAA BIG 10,6,460511267564548096,laxbro000,11560,Caleb Williams,QB,CHI
2026,1316899936696016896,NCAA BIG 10,6,460511267564548096,laxbro000,4098,Kareem Hunt,RB,KC
2026,1316899936696016896,NCAA BIG 10,6,460511267564548096,laxbro000,12544,LeQuint Allen,RB,JAX
2026,1316899936696016896,NCAA BIG 10,6,460511267564548096,laxbro000,SF,San Francisco 49ers,DEF,SF
2026,1316899936696016896,NCAA BIG 10,6,460511267564548096,laxbro000,8161,Malik Willis,QB,GB
2026,1316899936696016896,NCAA BIG 10,6,460511267564548096,laxbro000,11199,Emari Demercado,RB,ARI
2026,1316899936696016896,NCAA BIG 10,6,460511267564548096,laxbro000,12498,Mason Taylor,TE,NYJ
2026,1316899936696016896,NCAA BIG 10,6,460511267564548096,laxbro000,9508,Tyjae Spears,RB,TEN
2026,1316899936696016896,NCAA BIG 10,6,460511267564548096,laxbro000,6826,Cole Kmet,TE,CHI
2026,1316899936696016896,NCAA BIG 10,6,460511267564548096,laxbro000,10223,Eric Gray,RB,NYG
2026,1316899936696016896,NCAA BIG 10,6,460511267564548096,laxbro000,4147,Samaje Perine,RB,CIN
2026,1316899936696016896,NCAA BIG 10,6,460511267564548096,laxbro000,12718,Konata Mumpfield,WR,LAR
2026,1316899936696016896,NCAA BIG 10,6,460511267564548096,laxbro000,1234,Russell Wilson,QB,NYG
2026,1316899936696016896,NCAA BIG 10,6,460511267564548096,laxbro000,GB,Green Bay Packers,DEF,GB
2026,1316899936696016896,NCAA BIG 10,6,460511267564548096,laxbro000,12483,Jack Bech,WR,LV
2026,1316899936696016896,NCAA BIG 10,6,460511267564548096,laxbro000,11624,Xavier Worthy,WR,KC
2026,1316899936696016896,NCAA BIG 10,6,460511267564548096,laxbro000,10229,Rashee Rice,WR,KC
2026,1316899936696016896,NCAA BIG 10,6,460511267564548096,laxbro000,5967,Tony Pollard,RB,TEN
2026,1316899936696016896,NCAA BIG 10,6,460511267564548096,laxbro000,11630,Roman Wilson,WR,PIT
2026,1316899936696016896,NCAA BIG 10,6,460511267564548096,laxbro000,5947,Jakobi Meyers,WR,JAX
2026,1316899936696016896,NCAA BIG 10,6,460511267564548096,laxbro000,8167,Christian Watson,WR,GB
2026,1316899936696016896,NCAA BIG 10,6,460511267564548096,laxbro000,9506,Sean Tucker,RB,TB
2026,1316899936696016896,NCAA BIG 10,6,460511267564548096,laxbro000,7839,Evan McPherson,K,CIN
2026,1316899936696016896,NCAA BIG 10,6,460511267564548096,laxbro000,8259,Cameron Dicker,K,LAC
2026,1316899936696016896,NCAA BIG 10,6,460511267564548096,laxbro000,7538,Zach Wilson,QB,MIA
2026,1316899936696016896,NCAA BIG 10,6,460511267564548096,laxbro000,6790,D'Andre Swift,RB,CHI
2026,1316899936696016896,NCAA BIG 10,6,460511267564548096,laxbro000,12529,TreVeyon Henderson,RB,NE
2026,1316899936696016896,NCAA BIG 10,6,460511267564548096,laxbro000,BAL,Baltimore Ravens,DEF,BAL
2026,1316899936696016896,NCAA BIG 10,6,460511267564548096,laxbro000,11571,Isaiah Davis,RB,NYJ
2026,1316899936696016896,NCAA BIG 10,6,460511267564548096,laxbro000,10222,Jayden Reed,WR,GB
2026,1316899936696016896,NCAA BIG 10,6,460511267564548096,laxbro000,5995,Justice Hill,RB,BAL
2026,1316899936696016896,NCAA BIG 10,6,460511267564548096,laxbro000,3294,Dak Prescott,QB,DAL
2026,1316899936696016896,NCAA BIG 10,6,460511267564548096,laxbro000,HOU,Houston Texans,DEF,HOU
2026,1316899936696016896,NCAA BIG 10,6,460511267564548096,laxbro000,8698,Jake Tonges,TE,SF
2026,1316899936696016896,NCAA BIG 10,7,460518714907815936,linkoftime1,6813,Jonathan Taylor,RB,IND
2026,1316899936696016896,NCAA BIG 10,7,460518714907815936,linkoftime1,5086,Marquez Valdes-Scantling,WR,PIT
2026,1316899936696016896,NCAA BIG 10,7,460518714907815936,linkoftime1,4017,Deshaun Watson,QB,CLE
2026,1316899936696016896,NCAA BIG 10,7,460518714907815936,linkoftime1,1466,Travis Kelce,TE,KC
2026,1316899936696016896,NCAA BIG 10,7,460518714907815936,linkoftime1,2307,Marcus Mariota,QB,WAS
2026,1316899936696016896,NCAA BIG 10,7,460518714907815936,linkoftime1,3257,Jacoby Brissett,QB,ARI
2026,1316899936696016896,NCAA BIG 10,7,460518714907815936,linkoftime1,12711,Tyler Loop,K,BAL
2026,1316899936696016896,NCAA BIG 10,7,460518714907815936,linkoftime1,12412,Terrell Jennings,RB,NE
2026,1316899936696016896,NCAA BIG 10,7,460518714907815936,linkoftime1,6853,Van Jefferson,WR,TEN
2026,1316899936696016896,NCAA BIG 10,7,460518714907815936,linkoftime1,4144,Jonnu Smith,TE,PIT
2026,1316899936696016896,NCAA BIG 10,7,460518714907815936,linkoftime1,6039,Ty Johnson,RB,BUF
2026,1316899936696016896,NCAA BIG 10,7,460518714907815936,linkoftime1,12516,Kalel Mullings,RB,TEN
2026,1316899936696016896,NCAA BIG 10,7,460518714907815936,linkoftime1,4984,Josh Allen,QB,BUF
2026,1316899936696016896,NCAA BIG 10,7,460518714907815936,linkoftime1,5012,Mark Andrews,TE,BAL
2026,1316899936696016896,NCAA BIG 10,7,460518714907815936,linkoftime1,12500,Quinn Ewers,QB,MIA
2026,1316899936696016896,NCAA BIG 10,7,460518714907815936,linkoftime1,7600,Pat Freiermuth,TE,PIT
2026,1316899936696016896,NCAA BIG 10,7,460518714907815936,linkoftime1,9225,Tank Bigsby,RB,PHI
2026,1316899936696016896,NCAA BIG 10,7,460518714907815936,linkoftime1,8129,Dameon Pierce,RB,KC
2026,1316899936696016896,NCAA BIG 10,7,460518714907815936,linkoftime1,7547,Amon-Ra St. Brown,WR,DET
2026,1316899936696016896,NCAA BIG 10,7,460518714907815936,linkoftime1,12541,Dont'e Thornton,WR,LV
2026,1316899936696016896,NCAA BIG 10,7,460518714907815936,linkoftime1,11653,Charlie Smyth,K,NO
2026,1316899936696016896,NCAA BIG 10,7,460518714907815936,linkoftime1,7090,Darnell Mooney,WR,ATL
2026,1316899936696016896,NCAA BIG 10,7,460518714907815936,linkoftime1,10444,Cedric Tillman,WR,CLE
2026,1316899936696016896,NCAA BIG 10,7,460518714907815936,linkoftime1,3163,Jared Goff,QB,DET
2026,1316899936696016896,NCAA BIG 10,7,460518714907815936,linkoftime1,LAR,Los Angeles Rams,DEF,LAR
2026,1316899936696016896,NCAA BIG 10,7,460518714907815936,linkoftime1,5119,Jason Sanders,K,MIA
2026,1316899936696016896,NCAA BIG 10,7,460518714907815936,linkoftime1,4866,Saquon Barkley,RB,PHI
2026,1316899936696016896,NCAA BIG 10,7,460518714907815936,linkoftime1,4034,Christian McCaffrey,RB,SF
2026,1316899936696016896,NCAA BIG 10,7,460518714907815936,linkoftime1,5859,A.J. Brown,WR,PHI
2026,1316899936696016896,NCAA BIG 10,7,460518714907815936,linkoftime1,CLE,Cleveland Browns,DEF,CLE
2026,1316899936696016896,NCAA BIG 10,7,460518714907815936,linkoftime1,11577,Will Shipley,RB,PHI
2026,1316899936696016896,NCAA BIG 10,7,460518714907815936,linkoftime1,12496,Tai Felton,WR,MIN
2026,1316899936696016896,NCAA BIG 10,7,460518714907815936,linkoftime1,8408,Jordan Mason,RB,MIN
2026,1316899936696016896,NCAA BIG 10,7,460518714907815936,linkoftime1,DAL,Dallas Cowboys,DEF,DAL
2026,1316899936696016896,NCAA BIG 10,7,460518714907815936,linkoftime1,11651,Isaac Guerendo,RB,SF
2026,1316899936696016896,NCAA BIG 10,7,460518714907815936,linkoftime1,8145,Jeremy Ruckert,TE,NYJ
2026,1316899936696016896,NCAA BIG 10,7,460518714907815936,linkoftime1,2133,Davante Adams,WR,LAR
2026,1316899936696016896,NCAA BIG 10,7,460518714907815936,linkoftime1,11618,Jalen McMillan,WR,TB
2026,1316899936696016896,NCAA BIG 10,7,460518714907815936,linkoftime1,7564,Ja'Marr Chase,WR,CIN
2026,1316899936696016896,NCAA BIG 10,7,460518714907815936,linkoftime1,7496,,,
2026,1316899936696016896,NCAA BIG 10,7,460518714907815936,linkoftime1,6083,,,
2026,1316899936696016896,NCAA BIG 10,7,460518714907815936,linkoftime1,6820,,,
2026,1316899936696016896,NCAA BIG 10,7,460518714907815936,linkoftime1,11439,Jaleel McLaughlin,RB,DEN
2026,1316899936696016896,NCAA BIG 10,7,460518714907815936,linkoftime1,9487,Parker Washington,WR,JAX
2026,1316899936696016896,NCAA BIG 10,8,1224029555879055360,sirlukedude,MIN,Minnesota Vikings,DEF,MIN
2026,1316899936696016896,NCAA BIG 10,8,1224029555879055360,sirlukedude,6819,Michael Pittman,WR,IND
2026,1316899936696016896,NCAA BIG 10,8,1224029555879055360,sirlukedude,2460,,,
2026,1316899936696016896,NCAA BIG 10,8,1224029555879055360,sirlukedude,1433,Brandon McManus,K,GB
2026,1316899936696016896,NCAA BIG 10,8,1224029555879055360,sirlukedude,503,Graham Gano,K,NYG
2026,1316899936696016896,NCAA BIG 10,8,1224029555879055360,sirlukedude,7559,Ihmir Smith-Marsette,WR,ARI
2026,1316899936696016896,NCAA BIG 10,8,1224029555879055360,sirlukedude,3200,Sterling Shepard,WR,TB
2026,1316899936696016896,NCAA BIG 10,8,1224029555879055360,sirlukedude,12521,Elijah Arroyo,TE,SEA
2026,1316899936696016896,NCAA BIG 10,8,1224029555879055360,sirlukedude,7554,,,
2026,1316899936696016896,NCAA BIG 10,8,1224029555879055360,sirlukedude,5892,David Montgomery,RB,DET
2026,1316899936696016896,NCAA BIG 10,8,1224029555879055360,sirlukedude,5189,Eddy Pineiro,K,SF
2026,1316899936696016896,NCAA BIG 10,8,1224029555879055360,sirlukedude,7543,Travis Etienne,RB,JAX
2026,1316899936696016896,NCAA BIG 10,8,1224029555879055360,sirlukedude,11786,Cam Little,K,JAX
2026,1316899936696016896,NCAA BIG 10,8,1224029555879055360,sirlukedude,10234,Derius Davis,WR,LAC
2026,1316899936696016896,NCAA BIG 10,8,1224029555879055360,sirlukedude,2749,Raheem Mostert,RB,LV
2026,1316899936696016896,NCAA BIG 10,8,1224029555879055360,sirlukedude,1689,,,
2026,1316899936696016896,NCAA BIG 10,8,1224029555879055360,sirlukedude,4983,DJ Moore,WR,CHI
2026,1316899936696016896,NCAA BIG 10,8,1224029555879055360,sirlukedude,6945,Antonio Gibson,RB,NE
2026,1316899936696016896,NCAA BIG 10,8,1224029555879055360,sirlukedude,3164,,,
2026,1316899936696016896,NCAA BIG 10,8,1224029555879055360,sirlukedude,7523,Trevor Lawrence,QB,JAX
2026,1316899936696016896,NCAA BIG 10,8,1224029555879055360,sirlukedude,2410,,,
2026,1316899936696016896,NCAA BIG 10,8,1224029555879055360,sirlukedude,4351,Tim Patrick,WR,JAX
2026,1316899936696016896,NCAA BIG 10,8,1224029555879055360,sirlukedude,8254,Julius Chestnut,RB,TEN
2026,1316899936696016896,NCAA BIG 10,8,1224029555879055360,sirlukedude,LAC,Los Angeles Chargers,DEF,LAC
2026,1316899936696016896,NCAA BIG 10,8,1224029555879055360,sirlukedude,3321,,,
2026,1316899936696016896,NCAA BIG 10,8,1224029555879055360,sirlukedude,12514,Emeka Egbuka,WR,TB
2026,1316899936696016896,NCAA BIG 10,8,1224029555879055360,sirlukedude,3271,Tyler Higbee,TE,LAR
2026,1316899936696016896,NCAA BIG 10,8,1224029555879055360,sirlukedude,4892,Baker Mayfield,QB,TB
2026,1316899936696016896,NCAA BIG 10,8,1224029555879055360,sirlukedude,12524,Shedeur Sanders,QB,CLE
2026,1316899936696016896,NCAA BIG 10,8,1224029555879055360,sirlukedude,ARI,Arizona Cardinals,DEF,ARI
2026,1316899936696016896,NCAA BIG 10,8,1224029555879055360,sirlukedude,7812,Simi Fehoko,WR,ARI
2026,1316899936696016896,NCAA BIG 10,8,1224029555879055360,sirlukedude,7583,Sam Ehlinger,QB,DEN
2026,1316899936696016896,NCAA BIG 10,8,1224029555879055360,sirlukedude,8154,Brian Robinson,RB,SF
2026,1316899936696016896,NCAA BIG 10,8,1224029555879055360,sirlukedude,1373,Geno Smith,QB,LV
2026,1316899936696016896,NCAA BIG 10,8,1224029555879055360,sirlukedude,2197,Brandin Cooks,WR,BUF
2026,1316899936696016896,NCAA BIG 10,8,1224029555879055360,sirlukedude,7526,Jaylen Waddle,WR,MIA
2026,1316899936696016896,NCAA BIG 10,8,1224029555879055360,sirlukedude,11629,Devontez Walker,WR,BAL
2026,1316899936696016896,NCAA BIG 10,8,1224029555879055360,sirlukedude,5038,,,
2026,1316899936696016896,NCAA BIG 10,9,559208653427675136,Klashified,12485,Tez Johnson,WR,TB
2026,1316899936696016896,NCAA BIG 10,9,559208653427675136,Klashified,6960,Tyler Johnson,WR,NYJ
2026,1316899936696016896,NCAA BIG 10,9,559208653427675136,Klashified,12658,Jackson Hawes,TE,BUF
2026,1316899936696016896,NCAA BIG 10,9,559208653427675136,Klashified,5001,Dalton Schultz,TE,HOU
2026,1316899936696016896,NCAA BIG 10,9,559208653427675136,Klashified,12015,Harrison Mevis,K,LAR
2026,1316899936696016896,NCAA BIG 10,9,559208653427675136,Klashified,5850,Josh Jacobs,RB,GB
2026,1316899936696016896,NCAA BIG 10,9,559208653427675136,Klashified,1426,DeAndre Hopkins,WR,BAL
2026,1316899936696016896,NCAA BIG 10,9,559208653427675136,Klashified,5096,,,
2026,1316899936696016896,NCAA BIG 10,9,559208653427675136,Klashified,11789,Joshua Karty,K,ARI
2026,1316899936696016896,NCAA BIG 10,9,559208653427675136,Klashified,6803,Brandon Aiyuk,WR,SF
2026,1316899936696016896,NCAA BIG 10,9,559208653427675136,Klashified,TEN,Tennessee Titans,DEF,TEN
2026,1316899936696016896,NCAA BIG 10,9,559208653427675136,Klashified,5857,Noah Fant,TE,CIN
2026,1316899936696016896,NCAA BIG 10,9,559208653427675136,Klashified,8121,Romeo Doubs,WR,GB
2026,1316899936696016896,NCAA BIG 10,9,559208653427675136,Klashified,8150,Kyren Williams,RB,LAR
2026,1316899936696016896,NCAA BIG 10,9,559208653427675136,Klashified,11623,Jordan Whittington,WR,LAR
2026,1316899936696016896,NCAA BIG 10,9,559208653427675136,Klashified,4454,Kendrick Bourne,WR,SF
2026,1316899936696016896,NCAA BIG 10,9,559208653427675136,Klashified,2449,Stefon Diggs,WR,NE
2026,1316899936696016896,NCAA BIG 10,9,559208653427675136,Klashified,6943,Gabe Davis,WR,BUF
2026,1316899936696016896,NCAA BIG 10,9,559208653427675136,Klashified,9481,Luke Musgrave,TE,GB
2026,1316899936696016896,NCAA BIG 10,9,559208653427675136,Klashified,8183,Brock Purdy,QB,SF
2026,1316899936696016896,NCAA BIG 10,9,559208653427675136,Klashified,11595,Jared Wiley,TE,KC
2026,1316899936696016896,NCAA BIG 10,9,559208653427675136,Klashified,11299,Zavier Scott,RB,MIN
2026,1316899936696016896,NCAA BIG 10,9,559208653427675136,Klashified,11994,Kameron Johnson,WR,TB
2026,1316899936696016896,NCAA BIG 10,9,559208653427675136,Klashified,4177,Mack Hollins,WR,NE
2026,1316899936696016896,NCAA BIG 10,9,559208653427675136,Klashified,5955,,,
2026,1316899936696016896,NCAA BIG 10,9,559208653427675136,Klashified,8917,KaVontae Turpin,WR,DAL
2026,1316899936696016896,NCAA BIG 10,9,559208653427675136,Klashified,8130,Trey McBride,TE,ARI
2026,1316899936696016896,NCAA BIG 10,9,559208653427675136,Klashified,9479,Darnell Washington,TE,PIT
2026,1316899936696016896,NCAA BIG 10,9,559208653427675136,Klashified,8160,Kenny Pickett,QB,LV
2026,1316899936696016896,NCAA BIG 10,9,559208653427675136,Klashified,TB,Tampa Bay Buccaneers,DEF,TB
2026,1316899936696016896,NCAA BIG 10,9,559208653427675136,Klashified,3198,Derrick Henry,RB,BAL
2026,1316899936696016896,NCAA BIG 10,9,559208653427675136,Klashified,12482,Savion Williams,WR,GB
2026,1316899936696016896,NCAA BIG 10,9,559208653427675136,Klashified,5938,Lil'Jordan Humphrey,WR,DEN
2026,1316899936696016896,NCAA BIG 10,9,559208653427675136,Klashified,8225,Daniel Bellinger,TE,NYG
2026,1316899936696016896,NCAA BIG 10,9,559208653427675136,Klashified,7021,Rico Dowdle,RB,CAR
2026,1316899936696016896,NCAA BIG 10,9,559208653427675136,Klashified,827,Tyrod Taylor,QB,NYJ
2026,1316899936696016896,NCAA BIG 10,9,559208653427675136,Klashified,8180,Jalen Nailor,WR,MIN
2026,1316899936696016896,NCAA BIG 10,9,559208653427675136,Klashified,4046,Patrick Mahomes,QB,KC
2026,1316899936696016896,NCAA BIG 10,9,559208653427675136,Klashified,4037,Chris Godwin,WR,TB
2026,1316899936696016896,NCAA BIG 10,9,559208653427675136,Klashified,10955,Chad Ryland,K,ARI
2026,1316899936696016896,NCAA BIG 10,9,559208653427675136,Klashified,5870,Daniel Jones,QB,IND
2026,1316899936696016896,NCAA BIG 10,9,559208653427675136,Klashified,19,Joe Flacco,QB,CIN
2026,1316899936696016896,NCAA BIG 10,9,559208653427675136,Klashified,11533,Brandon Aubrey,K,DAL
2026,1316899936696016896,NCAA BIG 10,10,459225788735025152,richardson98,7922,Riley Patterson,K,MIA
2026,1316899936696016896,NCAA BIG 10,10,459225788735025152,richardson98,7588,Javonte Williams,RB,DAL
2026,1316899936696016896,NCAA BIG 10,10,459225788735025152,richardson98,6806,J.K. Dobbins,RB,DEN
2026,1316899936696016896,NCAA BIG 10,10,459225788735025152,richardson98,6427,Ashton Dulin,WR,IND
2026,1316899936696016896,NCAA BIG 10,10,459225788735025152,richardson98,11575,Ray Davis,RB,BUF
2026,1316899936696016896,NCAA BIG 10,10,459225788735025152,richardson98,11566,Jayden Daniels,QB,WAS
2026,1316899936696016896,NCAA BIG 10,10,459225788735025152,richardson98,11604,Brock Bowers,TE,LV
2026,1316899936696016896,NCAA BIG 10,10,459225788735025152,richardson98,9499,Bryce Ford-Wheaton,WR,NYG
2026,1316899936696016896,NCAA BIG 10,10,459225788735025152,richardson98,6798,,,
2026,1316899936696016896,NCAA BIG 10,10,459225788735025152,richardson98,10235,Roschon Johnson,RB,CHI
2026,1316899936696016896,NCAA BIG 10,10,459225788735025152,richardson98,9482,Michael Mayer,TE,LV
2026,1316899936696016896,NCAA BIG 10,10,459225788735025152,richardson98,4718,Dare Ogunbowale,RB,HOU
2026,1316899936696016896,NCAA BIG 10,10,459225788735025152,richardson98,9492,Trey Palmer,WR,NO
2026,1316899936696016896,NCAA BIG 10,10,459225788735025152,richardson98,8126,Wan'Dale Robinson,WR,NYG
2026,1316899936696016896,NCAA BIG 10,10,459225788735025152,richardson98,NYG,New York Giants,DEF,NYG
2026,1316899936696016896,NCAA BIG 10,10,459225788735025152,richardson98,12520,Xavier Restrepo,WR,TEN
2026,1316899936696016896,NCAA BIG 10,10,459225788735025152,richardson98,8230,Ty Chandler,RB,MIN
2026,1316899936696016896,NCAA BIG 10,10,459225788735025152,richardson98,3161,Carson Wentz,QB,MIN
2026,1316899936696016896,NCAA BIG 10,10,459225788735025152,richardson98,11583,Jonathon Brooks,RB,CAR
2026,1316899936696016896,NCAA BIG 10,10,459225788735025152,richardson98,12492,Pat Bryant,WR,DEN
2026,1316899936696016896,NCAA BIG 10,10,459225788735025152,richardson98,11581,MarShawn Lloyd,RB,GB
2026,1316899936696016896,NCAA BIG 10,10,459225788735025152,richardson98,12512,Quinshon Judkins,RB,CLE
2026,1316899936696016896,NCAA BIG 10,10,459225788735025152,richardson98,7612,Dee Eskridge,WR,MIA
2026,1316899936696016896,NCAA BIG 10,10,459225788735025152,richardson98,8118,,,
2026,1316899936696016896,NCAA BIG 10,10,459225788735025152,richardson98,12476,Devin Neal,RB,NO
2026,1316899936696016896,NCAA BIG 10,10,459225788735025152,richardson98,6271,Olamide Zaccheaus,WR,CHI
2026,1316899936696016896,NCAA BIG 10,10,459225788735025152,richardson98,17,Matt Prater,K,BUF
2026,1316899936696016896,NCAA BIG 10,10,459225788735025152,richardson98,4981,Calvin Ridley,WR,TEN
2026,1316899936696016896,NCAA BIG 10,10,459225788735025152,richardson98,8143,Jerome Ford,RB,CLE
2026,1316899936696016896,NCAA BIG 10,10,459225788735025152,richardson98,11596,Ben Sinnott,TE,WAS
2026,1316899936696016896,NCAA BIG 10,10,459225788735025152,richardson98,12509,Tre' Harris,WR,LAC
2026,1316899936696016896,NCAA BIG 10,10,459225788735025152,richardson98,11261,Andre Szmyt,K,CLE
2026,1316899936696016896,NCAA BIG 10,10,459225788735025152,richardson98,12518,Tyler Warren,TE,IND
2026,1316899936696016896,NCAA BIG 10,10,459225788735025152,richardson98,12519,Luther Burden,WR,CHI
2026,1316899936696016896,NCAA BIG 10,10,459225788735025152,richardson98,8117,Jalen Tolbert,WR,DAL
2026,1316899936696016896,NCAA BIG 10,10,459225788735025152,richardson98,LV,Las Vegas Raiders,DEF,LV
2026,1316899936696016896,NCAA BIG 10,10,459225788735025152,richardson98,5906,Dawson Knox,TE,BUF
2026,1316899936696016896,NCAA BIG 10,10,459225788735025152,richardson98,6804,Jordan Love,QB,GB
2026,1316899936696016896,NCAA BIG 10,10,459225788735025152,richardson98,11620,Rome Odunze,WR,CHI
2026,1316899936696016896,NCAA BIG 10,10,459225788735025152,richardson98,7601,Rondale Moore,WR,MIN
2026,1316899936696016896,NCAA BIG 10,10,459225788735025152,richardson98,9488,Jaxon Smith-Njigba,WR,SEA
2026,1316899936696016896,NCAA BIG 10,10,459225788735025152,richardson98,7049,Jauan Jennings,WR,SF
2026,1316899936696016896,NCAA BIG 10,10,459225788735025152,richardson98,7828,Noah Gray,TE,KC
2026,1316899936696016896,NCAA BIG 10,11,471056290550902784,Schuflakka,12505,Jalen Royals,WR,KC
2026,1316899936696016896,NCAA BIG 10,11,471056290550902784,Schuflakka,8188,Tyquan Thornton,WR,KC
2026,1316899936696016896,NCAA BIG 10,11,471056290550902784,Schuflakka,5846,DK Metcalf,WR,PIT
2026,1316899936696016896,NCAA BIG 10,11,471056290550902784,Schuflakka,12738,Phil Mafah,RB,DAL
2026,1316899936696016896,NCAA BIG 10,11,471056290550902784,Schuflakka,12185,Spencer Shrader,K,IND
2026,1316899936696016896,NCAA BIG 10,11,471056290550902784,Schuflakka,6151,Miles Sanders,RB,DAL
2026,1316899936696016896,NCAA BIG 10,11,471056290550902784,Schuflakka,2505,Darren Waller,TE,MIA
2026,1316899936696016896,NCAA BIG 10,11,471056290550902784,Schuflakka,DEN,Denver Broncos,DEF,DEN
2026,1316899936696016896,NCAA BIG 10,11,471056290550902784,Schuflakka,9758,C.J. Stroud,QB,HOU
2026,1316899936696016896,NCAA BIG 10,11,471056290550902784,Schuflakka,5230,,,
2026,1316899936696016896,NCAA BIG 10,11,471056290550902784,Schuflakka,3451,Ka'imi Fairbairn,K,HOU
2026,1316899936696016896,NCAA BIG 10,11,471056290550902784,Schuflakka,11748,Bub Means,WR,NO
2026,1316899936696016896,NCAA BIG 10,11,471056290550902784,Schuflakka,7594,Chuba Hubbard,RB,CAR
2026,1316899936696016896,NCAA BIG 10,11,471056290550902784,Schuflakka,5045,Courtland Sutton,WR,DEN
2026,1316899936696016896,NCAA BIG 10,11,471056290550902784,Schuflakka,12506,Harold Fannin,TE,CLE
2026,1316899936696016896,NCAA BIG 10,11,471056290550902784,Schuflakka,650,Nick Folk,K,NYJ
2026,1316899936696016896,NCAA BIG 10,11,471056290550902784,Schuflakka,12503,Isaiah Bond,WR,CLE
2026,1316899936696016896,NCAA BIG 10,11,471056290550902784,Schuflakka,12713,Andy Borregales,K,NE
2026,1316899936696016896,NCAA BIG 10,11,471056290550902784,Schuflakka,7670,Joshua Palmer,WR,BUF
2026,1316899936696016896,NCAA BIG 10,11,471056290550902784,Schuflakka,5927,Terry McLaurin,WR,WAS
2026,1316899936696016896,NCAA BIG 10,11,471056290550902784,Schuflakka,12469,Dylan Sampson,RB,CLE
2026,1316899936696016896,NCAA BIG 10,11,471056290550902784,Schuflakka,11631,Brian Thomas,WR,JAX
2026,1316899936696016896,NCAA BIG 10,11,471056290550902784,Schuflakka,12526,Tetairoa McMillan,WR,CAR
2026,1316899936696016896,NCAA BIG 10,11,471056290550902784,Schuflakka,1479,Keenan Allen,WR,LAC
2026,1316899936696016896,NCAA BIG 10,11,471056290550902784,Schuflakka,10866,Aidan O'Connell,QB,LV
2026,1316899936696016896,NCAA BIG 10,11,471056290550902784,Schuflakka,4179,Joshua Dobbs,QB,NE
2026,1316899936696016896,NCAA BIG 10,11,471056290550902784,Schuflakka,6770,Joe Burrow,QB,CIN
2026,1316899936696016896,NCAA BIG 10,11,471056290550902784,Schuflakka,12457,Jaydon Blue,RB,DAL
2026,1316899936696016896,NCAA BIG 10,11,471056290550902784,Schuflakka,12478,Nick Nash,WR,WAS
2026,1316899936696016896,NCAA BIG 10,11,471056290550902784,Schuflakka,9509,Bijan Robinson,RB,ATL
2026,1316899936696016896,NCAA BIG 10,11,471056290550902784,Schuflakka,12495,Ollie Gordon,RB,MIA
2026,1316899936696016896,NCAA BIG 10,11,471056290550902784,Schuflakka,12527,Ashton Jeanty,RB,LV
2026,1316899936696016896,NCAA BIG 10,11,471056290550902784,Schuflakka,4171,Josh Reynolds,WR,NYJ
2026,1316899936696016896,NCAA BIG 10,11,471056290550902784,Schuflakka,12504,Kaleb Johnson,RB,PIT
2026,1316899936696016896,NCAA BIG 10,11,471056290550902784,Schuflakka,9484,Tucker Kraft,TE,GB
2026,1316899936696016896,NCAA BIG 10,11,471056290550902784,Schuflakka,8932,Lucas Havrisik,K,GB
2026,1316899936696016896,NCAA BIG 10,11,471056290550902784,Schuflakka,9486,Dontayvion Wicks,WR,GB
2026,1316899936696016896,NCAA BIG 10,11,471056290550902784,Schuflakka,6801,Tee Higgins,WR,CIN
2026,1316899936696016896,NCAA BIG 10,11,471056290550902784,Schuflakka,3286,Demarcus Robinson,WR,SF
2026,1316899936696016896,NCAA BIG 10,11,471056290550902784,Schuflakka,8131,Isaiah Likely,TE,BAL
2026,1316899936696016896,NCAA BIG 10,11,471056290550902784,Schuflakka,IND,Indianapolis Colts,DEF,IND
2026,1316899936696016896,NCAA BIG 10,11,471056290550902784,Schuflakka,11610,Malik Washington,WR,MIA
2026,1316899936696016896,NCAA BIG 10,11,471056290550902784,Schuflakka,421,Matthew Stafford,QB,LAR
2026,1316899936696016896,NCAA BIG 10,11,471056290550902784,Schuflakka,7553,Kyle Pitts,TE,ATL
2026,1316899936696016896,NCAA BIG 10,11,471056290550902784,Schuflakka,11584,Bucky Irving,RB,TB
2026,1316899936696016896,NCAA BIG 10,12,443870183853912064,chrispychicken,4234,Noah Brown,WR,WAS
2026,1316899936696016896,NCAA BIG 10,12,443870183853912064,chrispychicken,12515,Donovan Edwards,RB,MIA
2026,1316899936696016896,NCAA BIG 10,12,443870183853912064,chrispychicken,2747,Jason Myers,K,SEA
2026,1316899936696016896,NCAA BIG 10,12,443870183853912064,chrispychicken,11783,Ryan Flournoy,WR,DAL
2026,1316899936696016896,NCAA BIG 10,12,443870183853912064,chrispychicken,2020,Cairo Santos,K,CHI
2026,1316899936696016896,NCAA BIG 10,12,443870183853912064,chrispychicken,11834,Devaughn Vele,WR,NO
2026,1316899936696016896,NCAA BIG 10,12,443870183853912064,chrispychicken,5010,Will Dissly,TE,LAC
2026,1316899936696016896,NCAA BIG 10,12,443870183853912064,chrispychicken,12467,Jordan James,RB,SF
2026,1316899936696016896,NCAA BIG 10,12,443870183853912064,chrispychicken,11625,Adonai Mitchell,WR,NYJ
2026,1316899936696016896,NCAA BIG 10,12,443870183853912064,chrispychicken,6011,Gardner Minshew,QB,KC
2026,1316899936696016896,NCAA BIG 10,12,443870183853912064,chrispychicken,8228,Jaylen Warren,RB,PIT
2026,1316899936696016896,NCAA BIG 10,12,443870183853912064,chrispychicken,11645,,,
2026,1316899936696016896,NCAA BIG 10,12,443870183853912064,chrispychicken,4950,Christian Kirk,WR,HOU
2026,1316899936696016896,NCAA BIG 10,12,443870183853912064,chrispychicken,11563,Bo Nix,QB,DEN
2026,1316899936696016896,NCAA BIG 10,12,443870183853912064,chrispychicken,12536,Jaylin Noel,WR,HOU
2026,1316899936696016896,NCAA BIG 10,12,443870183853912064,chrispychicken,8151,Kenneth Walker,RB,SEA
2026,1316899936696016896,NCAA BIG 10,12,443870183853912064,chrispychicken,4217,George Kittle,TE,SF
2026,1316899936696016896,NCAA BIG 10,12,443870183853912064,chrispychicken,8148,Jameson Williams,WR,DET
2026,1316899936696016896,NCAA BIG 10,12,443870183853912064,chrispychicken,JAX,Jacksonville Jaguars,DEF,JAX
2026,1316899936696016896,NCAA BIG 10,12,443870183853912064,chrispychicken,8676,Rashid Shaheed,WR,SEA
2026,1316899936696016896,NCAA BIG 10,12,443870183853912064,chrispychicken,12533,Jacory Croskey-Merritt,RB,WAS
2026,1316899936696016896,NCAA BIG 10,12,443870183853912064,chrispychicken,4066,Evan Engram,TE,DEN
2026,1316899936696016896,NCAA BIG 10,12,443870183853912064,chrispychicken,8142,Alec Pierce,WR,IND
2026,1316899936696016896,NCAA BIG 10,12,443870183853912064,chrispychicken,10213,Tre Tucker,WR,LV
2026,1316899936696016896,NCAA BIG 10,12,443870183853912064,chrispychicken,12489,RJ Harvey,RB,DEN
2026,1316899936696016896,NCAA BIG 10,12,443870183853912064,chrispychicken,12523,Jimmy Horn,WR,CAR
2026,1316899936696016896,NCAA BIG 10,12,443870183853912064,chrispychicken,8146,Garrett Wilson,WR,NYJ
2026,1316899936696016896,NCAA BIG 10,12,443870183853912064,chrispychicken,8137,George Pickens,WR,DAL
2026,1316899936696016896,NCAA BIG 10,12,443870183853912064,chrispychicken,12487,Terrance Ferguson,TE,LAR
2026,1316899936696016896,NCAA BIG 10,12,443870183853912064,chrispychicken,7569,Nico Collins,WR,HOU
2026,1316899936696016896,NCAA BIG 10,12,443870183853912064,chrispychicken,10937,Jake Moody,K,WAS
2026,1316899936696016896,NCAA BIG 10,12,443870183853912064,chrispychicken,12455,Brashard Smith,RB,KC
2026,1316899936696016896,NCAA BIG 10,12,443870183853912064,chrispychicken,8125,Calvin Austin,WR,PIT
2026,1316899936696016896,NCAA BIG 10,12,443870183853912064,chrispychicken,4082,Curtis Samuel,WR,BUF
2026,1316899936696016896,NCAA BIG 10,12,443870183853912064,chrispychicken,12961,Ryan Fitzgerald,K,CAR
2026,1316899936696016896,NCAA BIG 10,12,443870183853912064,chrispychicken,11647,Kimani Vidal,RB,LAC
2026,1316899936696016896,NCAA BIG 10,12,443870183853912064,chrispychicken,4943,Sam Darnold,QB,SEA
2026,1316899936696016896,NCAA BIG 10,12,443870183853912064,chrispychicken,8138,James Cook,RB,BUF
2026,1316899936696016896,NCAA BIG 10,12,443870183853912064,chrispychicken,NE,New England Patriots,DEF,NE
2026,1316899936696016896,NCAA BIG 10,12,443870183853912064,chrispychicken,8134,Khalil Shakir,WR,BUF
2026,1316899936696016896,NCAA BIG 10,12,443870183853912064,chrispychicken,7585,Davis Mills,QB,HOU
2026,1316899756005412864,NCAA BIG SKY,1,456258200757334016,WillyP15,MIN,Minnesota Vikings,DEF,MIN
2026,1316899756005412864,NCAA BIG SKY,1,456258200757334016,WillyP15,11643,Jaylen Wright,RB,MIA
2026,1316899756005412864,NCAA BIG SKY,1,456258200757334016,WillyP15,9753,Zach Charbonnet,RB,SEA
2026,1316899756005412864,NCAA BIG SKY,1,456258200757334016,WillyP15,4017,Deshaun Watson,QB,CLE
2026,1316899756005412864,NCAA BIG SKY,1,456258200757334016,WillyP15,11435,Emanuel Wilson,RB,GB
2026,1316899756005412864,NCAA BIG SKY,1,456258200757334016,WillyP15,11783,Ryan Flournoy,WR,DAL
2026,1316899756005412864,NCAA BIG SKY,1,456258200757334016,WillyP15,11569,Jarquez Hunter,RB,LAR
2026,1316899756005412864,NCAA BIG SKY,1,456258200757334016,WillyP15,11789,Joshua Karty,K,ARI
2026,1316899756005412864,NCAA BIG SKY,1,456258200757334016,WillyP15,6528,Joey Slye,K,TEN
2026,1316899756005412864,NCAA BIG SKY,1,456258200757334016,WillyP15,9500,Josh Downs,WR,IND
2026,1316899756005412864,NCAA BIG SKY,1,456258200757334016,WillyP15,9754,Quentin Johnston,WR,LAC
2026,1316899756005412864,NCAA BIG SKY,1,456258200757334016,WillyP15,12713,Andy Borregales,K,NE
2026,1316899756005412864,NCAA BIG SKY,1,456258200757334016,WillyP15,12484,Jayden Higgins,WR,HOU
2026,1316899756005412864,NCAA BIG SKY,1,456258200757334016,WillyP15,11199,Emari Demercado,RB,ARI
2026,1316899756005412864,NCAA BIG SKY,1,456258200757334016,WillyP15,12547,Kyle Williams,WR,NE
2026,1316899756005412864,NCAA BIG SKY,1,456258200757334016,WillyP15,BUF,Buffalo Bills,DEF,BUF
2026,1316899756005412864,NCAA BIG SKY,1,456258200757334016,WillyP15,10218,Xavier Hutchinson,WR,HOU
2026,1316899756005412864,NCAA BIG SKY,1,456258200757334016,WillyP15,12526,Tetairoa McMillan,WR,CAR
2026,1316899756005412864,NCAA BIG SKY,1,456258200757334016,WillyP15,7547,Amon-Ra St. Brown,WR,DET
2026,1316899756005412864,NCAA BIG SKY,1,456258200757334016,WillyP15,12462,Damien Martinez,RB,GB
2026,1316899756005412864,NCAA BIG SKY,1,456258200757334016,WillyP15,10236,Dalton Kincaid,TE,BUF
2026,1316899756005412864,NCAA BIG SKY,1,456258200757334016,WillyP15,12483,Jack Bech,WR,LV
2026,1316899756005412864,NCAA BIG SKY,1,456258200757334016,WillyP15,11624,Xavier Worthy,WR,KC
2026,1316899756005412864,NCAA BIG SKY,1,456258200757334016,WillyP15,11632,Malik Nabers,WR,NYG
2026,1316899756005412864,NCAA BIG SKY,1,456258200757334016,WillyP15,9494,Marvin Mims,WR,DEN
2026,1316899756005412864,NCAA BIG SKY,1,456258200757334016,WillyP15,10219,Chris Rodriguez,RB,WAS
2026,1316899756005412864,NCAA BIG SKY,1,456258200757334016,WillyP15,12508,Jaxson Dart,QB,NYG
2026,1316899756005412864,NCAA BIG SKY,1,456258200757334016,WillyP15,10213,Tre Tucker,WR,LV
2026,1316899756005412864,NCAA BIG SKY,1,456258200757334016,WillyP15,11596,Ben Sinnott,TE,WAS
2026,1316899756005412864,NCAA BIG SKY,1,456258200757334016,WillyP15,9511,Keaton Mitchell,RB,BAL
2026,1316899756005412864,NCAA BIG SKY,1,456258200757334016,WillyP15,9228,Bryce Young,QB,CAR
2026,1316899756005412864,NCAA BIG SKY,1,456258200757334016,WillyP15,12518,Tyler Warren,TE,IND
2026,1316899756005412864,NCAA BIG SKY,1,456258200757334016,WillyP15,8125,Calvin Austin,WR,PIT
2026,1316899756005412864,NCAA BIG SKY,1,456258200757334016,WillyP15,11589,Trey Benson,RB,ARI
2026,1316899756005412864,NCAA BIG SKY,1,456258200757334016,WillyP15,12535,Isaac TeSlaa,WR,DET
2026,1316899756005412864,NCAA BIG SKY,1,456258200757334016,WillyP15,12529,TreVeyon Henderson,RB,NE
2026,1316899756005412864,NCAA BIG SKY,1,456258200757334016,WillyP15,7526,Jaylen Waddle,WR,MIA
2026,1316899756005412864,NCAA BIG SKY,1,456258200757334016,WillyP15,8111,Cade Otton,TE,TB
2026,1316899756005412864,NCAA BIG SKY,1,456258200757334016,WillyP15,11610,Malik Washington,WR,MIA
2026,1316899756005412864,NCAA BIG SKY,1,456258200757334016,WillyP15,NE,New England Patriots,DEF,NE
2026,1316899756005412864,NCAA BIG SKY,1,456258200757334016,WillyP15,7828,Noah Gray,TE,KC
2026,1316899756005412864,NCAA BIG SKY,1,456258200757334016,WillyP15,8698,Jake Tonges,TE,SF
2026,1316899756005412864,NCAA BIG SKY,1,456258200757334016,WillyP15,12507,Omarion Hampton,RB,LAC
2026,1316899756005412864,NCAA BIG SKY,2,439255136309604352,PapaCrowther,5409,Tanner Hudson,TE,CIN
2026,1316899756005412864,NCAA BIG SKY,2,439255136309604352,PapaCrowther,5849,Kyler Murray,QB,ARI
2026,1316899756005412864,NCAA BIG SKY,2,439255136309604352,PapaCrowther,9756,Jordan Addison,WR,MIN
2026,1316899756005412864,NCAA BIG SKY,2,439255136309604352,PapaCrowther,12015,Harrison Mevis,K,LAR
2026,1316899756005412864,NCAA BIG SKY,2,439255136309604352,PapaCrowther,11566,Jayden Daniels,QB,WAS
2026,1316899756005412864,NCAA BIG SKY,2,439255136309604352,PapaCrowther,7527,Mac Jones,QB,SF
2026,1316899756005412864,NCAA BIG SKY,2,439255136309604352,PapaCrowther,1426,DeAndre Hopkins,WR,BAL
2026,1316899756005412864,NCAA BIG SKY,2,439255136309604352,PapaCrowther,2307,Marcus Mariota,QB,WAS
2026,1316899756005412864,NCAA BIG SKY,2,439255136309604352,PapaCrowther,503,Graham Gano,K,NYG
2026,1316899756005412864,NCAA BIG SKY,2,439255136309604352,PapaCrowther,7528,Najee Harris,RB,LAC
2026,1316899756005412864,NCAA BIG SKY,2,439255136309604352,PapaCrowther,3200,Sterling Shepard,WR,TB
2026,1316899756005412864,NCAA BIG SKY,2,439255136309604352,PapaCrowther,CHI,Chicago Bears,DEF,CHI
2026,1316899756005412864,NCAA BIG SKY,2,439255136309604352,PapaCrowther,8670,,,
2026,1316899756005412864,NCAA BIG SKY,2,439255136309604352,PapaCrowther,8126,Wan'Dale Robinson,WR,NYG
2026,1316899756005412864,NCAA BIG SKY,2,439255136309604352,PapaCrowther,9997,Zay Flowers,WR,BAL
2026,1316899756005412864,NCAA BIG SKY,2,439255136309604352,PapaCrowther,8228,Jaylen Warren,RB,PIT
2026,1316899756005412864,NCAA BIG SKY,2,439255136309604352,PapaCrowther,11583,Jonathon Brooks,RB,CAR
2026,1316899756005412864,NCAA BIG SKY,2,439255136309604352,PapaCrowther,5189,Eddy Pineiro,K,SF
2026,1316899756005412864,NCAA BIG SKY,2,439255136309604352,PapaCrowther,6943,Gabe Davis,WR,BUF
2026,1316899756005412864,NCAA BIG SKY,2,439255136309604352,PapaCrowther,4080,Zay Jones,WR,ARI
2026,1316899756005412864,NCAA BIG SKY,2,439255136309604352,PapaCrowther,5272,,,
2026,1316899756005412864,NCAA BIG SKY,2,439255136309604352,PapaCrowther,1234,Russell Wilson,QB,NYG
2026,1316899756005412864,NCAA BIG SKY,2,439255136309604352,PapaCrowther,1479,Keenan Allen,WR,LAC
2026,1316899756005412864,NCAA BIG SKY,2,439255136309604352,PapaCrowther,5848,Marquise Brown,WR,KC
2026,1316899756005412864,NCAA BIG SKY,2,439255136309604352,PapaCrowther,12457,Jaydon Blue,RB,DAL
2026,1316899756005412864,NCAA BIG SKY,2,439255136309604352,PapaCrowther,12509,Tre' Harris,WR,LAC
2026,1316899756005412864,NCAA BIG SKY,2,439255136309604352,PapaCrowther,7607,Michael Carter,RB,ARI
2026,1316899756005412864,NCAA BIG SKY,2,439255136309604352,PapaCrowther,4137,James Conner,RB,ARI
2026,1316899756005412864,NCAA BIG SKY,2,439255136309604352,PapaCrowther,11618,Jalen McMillan,WR,TB
2026,1316899756005412864,NCAA BIG SKY,2,439255136309604352,PapaCrowther,1339,Zach Ertz,TE,WAS
2026,1316899756005412864,NCAA BIG SKY,2,439255136309604352,PapaCrowther,8205,Isiah Pacheco,RB,KC
2026,1316899756005412864,NCAA BIG SKY,2,439255136309604352,PapaCrowther,4037,Chris Godwin,WR,TB
2026,1316899756005412864,NCAA BIG SKY,2,439255136309604352,PapaCrowther,PIT,Pittsburgh Steelers,DEF,PIT
2026,1316899756005412864,NCAA BIG SKY,2,439255136309604352,PapaCrowther,7561,Elijah Mitchell,RB,NE
2026,1316899756005412864,NCAA BIG SKY,2,439255136309604352,PapaCrowther,6790,D'Andre Swift,RB,CHI
2026,1316899756005412864,NCAA BIG SKY,2,439255136309604352,PapaCrowther,5844,T.J. Hockenson,TE,MIN
2026,1316899756005412864,NCAA BIG SKY,2,439255136309604352,PapaCrowther,829,Andy Dalton,QB,CAR
2026,1316899756005412864,NCAA BIG SKY,3,449327253101211648,Beastchewy15,12670,KeAndre Lambert-Smith,WR,LAC
2026,1316899756005412864,NCAA BIG SKY,3,449327253101211648,Beastchewy15,6149,Darius Slayton,WR,NYG
2026,1316899756005412864,NCAA BIG SKY,3,449327253101211648,Beastchewy15,11539,Jake Bates,K,DET
2026,1316899756005412864,NCAA BIG SKY,3,449327253101211648,Beastchewy15,7594,Chuba Hubbard,RB,CAR
2026,1316899756005412864,NCAA BIG SKY,3,449327253101211648,Beastchewy15,5045,Courtland Sutton,WR,DEN
2026,1316899756005412864,NCAA BIG SKY,3,449327253101211648,Beastchewy15,6789,,,
2026,1316899756005412864,NCAA BIG SKY,3,449327253101211648,Beastchewy15,12506,Harold Fannin,TE,CLE
2026,1316899756005412864,NCAA BIG SKY,3,449327253101211648,Beastchewy15,12467,Jordan James,RB,SF
2026,1316899756005412864,NCAA BIG SKY,3,449327253101211648,Beastchewy15,7537,Jaret Patterson,RB,LAC
2026,1316899756005412864,NCAA BIG SKY,3,449327253101211648,Beastchewy15,5857,Noah Fant,TE,CIN
2026,1316899756005412864,NCAA BIG SKY,3,449327253101211648,Beastchewy15,12481,Cam Skattebo,RB,NYG
2026,1316899756005412864,NCAA BIG SKY,3,449327253101211648,Beastchewy15,4199,Aaron Jones,RB,MIN
2026,1316899756005412864,NCAA BIG SKY,3,449327253101211648,Beastchewy15,11631,Brian Thomas,WR,JAX
2026,1316899756005412864,NCAA BIG SKY,3,449327253101211648,Beastchewy15,12534,Kyle Monangai,RB,CHI
2026,1316899756005412864,NCAA BIG SKY,3,449327253101211648,Beastchewy15,6826,Cole Kmet,TE,CHI
2026,1316899756005412864,NCAA BIG SKY,3,449327253101211648,Beastchewy15,8129,Dameon Pierce,RB,KC
2026,1316899756005412864,NCAA BIG SKY,3,449327253101211648,Beastchewy15,12512,Quinshon Judkins,RB,CLE
2026,1316899756005412864,NCAA BIG SKY,3,449327253101211648,Beastchewy15,7891,Brock Wright,TE,DET
2026,1316899756005412864,NCAA BIG SKY,3,449327253101211648,Beastchewy15,10444,Cedric Tillman,WR,CLE
2026,1316899756005412864,NCAA BIG SKY,3,449327253101211648,Beastchewy15,3163,Jared Goff,QB,DET
2026,1316899756005412864,NCAA BIG SKY,3,449327253101211648,Beastchewy15,9221,Jahmyr Gibbs,RB,DET
2026,1316899756005412864,NCAA BIG SKY,3,449327253101211648,Beastchewy15,11994,Kameron Johnson,WR,TB
2026,1316899756005412864,NCAA BIG SKY,3,449327253101211648,Beastchewy15,6770,Joe Burrow,QB,CIN
2026,1316899756005412864,NCAA BIG SKY,3,449327253101211648,Beastchewy15,2749,Raheem Mostert,RB,LV
2026,1316899756005412864,NCAA BIG SKY,3,449327253101211648,Beastchewy15,12511,Will Howard,QB,PIT
2026,1316899756005412864,NCAA BIG SKY,3,449327253101211648,Beastchewy15,7525,DeVonta Smith,WR,PHI
2026,1316899756005412864,NCAA BIG SKY,3,449327253101211648,Beastchewy15,5955,,,
2026,1316899756005412864,NCAA BIG SKY,3,449327253101211648,Beastchewy15,4993,Mike Gesicki,TE,CIN
2026,1316899756005412864,NCAA BIG SKY,3,449327253101211648,Beastchewy15,12533,Jacory Croskey-Merritt,RB,WAS
2026,1316899756005412864,NCAA BIG SKY,3,449327253101211648,Beastchewy15,12540,Chimere Dike,WR,TEN
2026,1316899756005412864,NCAA BIG SKY,3,449327253101211648,Beastchewy15,4981,Calvin Ridley,WR,TEN
2026,1316899756005412864,NCAA BIG SKY,3,449327253101211648,Beastchewy15,12543,Tahj Brooks,RB,CIN
2026,1316899756005412864,NCAA BIG SKY,3,449327253101211648,Beastchewy15,4195,Jake Elliott,K,PHI
2026,1316899756005412864,NCAA BIG SKY,3,449327253101211648,Beastchewy15,7569,Nico Collins,WR,HOU
2026,1316899756005412864,NCAA BIG SKY,3,449327253101211648,Beastchewy15,5947,Jakobi Meyers,WR,JAX
2026,1316899756005412864,NCAA BIG SKY,3,449327253101211648,Beastchewy15,9506,Sean Tucker,RB,TB
2026,1316899756005412864,NCAA BIG SKY,3,449327253101211648,Beastchewy15,10859,Sam LaPorta,TE,DET
2026,1316899756005412864,NCAA BIG SKY,3,449327253101211648,Beastchewy15,IND,Indianapolis Colts,DEF,IND
2026,1316899756005412864,NCAA BIG SKY,3,449327253101211648,Beastchewy15,6130,Devin Singletary,RB,NYG
2026,1316899756005412864,NCAA BIG SKY,3,449327253101211648,Beastchewy15,5870,Daniel Jones,QB,IND
2026,1316899756005412864,NCAA BIG SKY,3,449327253101211648,Beastchewy15,BAL,Baltimore Ravens,DEF,BAL
2026,1316899756005412864,NCAA BIG SKY,3,449327253101211648,Beastchewy15,9488,Jaxon Smith-Njigba,WR,SEA
2026,1316899756005412864,NCAA BIG SKY,3,449327253101211648,Beastchewy15,4227,Harrison Butker,K,KC
2026,1316899756005412864,NCAA BIG SKY,3,449327253101211648,Beastchewy15,12542,Efton Chism,WR,NE
2026,1316899756005412864,NCAA BIG SKY,4,519439276311531520,Elestial,10216,Kenny McIntosh,RB,SEA
2026,1316899756005412864,NCAA BIG SKY,4,519439276311531520,Elestial,11599,Cade Stover,TE,HOU
2026,1316899756005412864,NCAA BIG SKY,4,519439276311531520,Elestial,12485,Tez Johnson,WR,TB
2026,1316899756005412864,NCAA BIG SKY,4,519439276311531520,Elestial,5970,Greg Dortch,WR,ARI
2026,1316899756005412864,NCAA BIG SKY,4,519439276311531520,Elestial,2747,Jason Myers,K,SEA
2026,1316899756005412864,NCAA BIG SKY,4,519439276311531520,Elestial,6803,Brandon Aiyuk,WR,SF
2026,1316899756005412864,NCAA BIG SKY,4,519439276311531520,Elestial,5010,Will Dissly,TE,LAC
2026,1316899756005412864,NCAA BIG SKY,4,519439276311531520,Elestial,11762,Anthony Gould,WR,IND
2026,1316899756005412864,NCAA BIG SKY,4,519439276311531520,Elestial,11621,Brenden Rice,WR,LV
2026,1316899756005412864,NCAA BIG SKY,4,519439276311531520,Elestial,9230,Tanner McKee,QB,PHI
2026,1316899756005412864,NCAA BIG SKY,4,519439276311531520,Elestial,SF,San Francisco 49ers,DEF,SF
2026,1316899756005412864,NCAA BIG SKY,4,519439276311531520,Elestial,6011,Gardner Minshew,QB,KC
2026,1316899756005412864,NCAA BIG SKY,4,519439276311531520,Elestial,12486,Dillon Gabriel,QB,CLE
2026,1316899756005412864,NCAA BIG SKY,4,519439276311531520,Elestial,8150,Kyren Williams,RB,LAR
2026,1316899756005412864,NCAA BIG SKY,4,519439276311531520,Elestial,11603,AJ Barner,TE,SEA
2026,1316899756005412864,NCAA BIG SKY,4,519439276311531520,Elestial,11563,Bo Nix,QB,DEN
2026,1316899756005412864,NCAA BIG SKY,4,519439276311531520,Elestial,8151,Kenneth Walker,RB,SEA
2026,1316899756005412864,NCAA BIG SKY,4,519439276311531520,Elestial,12541,Dont'e Thornton,WR,LV
2026,1316899756005412864,NCAA BIG SKY,4,519439276311531520,Elestial,8148,Jameson Williams,WR,DET
2026,1316899756005412864,NCAA BIG SKY,4,519439276311531520,Elestial,NO,New Orleans Saints,DEF,NO
2026,1316899756005412864,NCAA BIG SKY,4,519439276311531520,Elestial,4177,Mack Hollins,WR,NE
2026,1316899756005412864,NCAA BIG SKY,4,519439276311531520,Elestial,2028,,,
2026,1316899756005412864,NCAA BIG SKY,4,519439276311531520,Elestial,11627,Troy Franklin,WR,DEN
2026,1316899756005412864,NCAA BIG SKY,4,519439276311531520,Elestial,8917,KaVontae Turpin,WR,DAL
2026,1316899756005412864,NCAA BIG SKY,4,519439276311531520,Elestial,CAR,Carolina Panthers,DEF,CAR
2026,1316899756005412864,NCAA BIG SKY,4,519439276311531520,Elestial,5917,Mecole Hardman,WR,BUF
2026,1316899756005412864,NCAA BIG SKY,4,519439276311531520,Elestial,8130,Trey McBride,TE,ARI
2026,1316899756005412864,NCAA BIG SKY,4,519439276311531520,Elestial,9479,Darnell Washington,TE,PIT
2026,1316899756005412864,NCAA BIG SKY,4,519439276311531520,Elestial,12482,Savion Williams,WR,GB
2026,1316899756005412864,NCAA BIG SKY,4,519439276311531520,Elestial,8132,Tyler Allgeier,RB,ATL
2026,1316899756005412864,NCAA BIG SKY,4,519439276311531520,Elestial,8135,Treylon Burks,WR,WAS
2026,1316899756005412864,NCAA BIG SKY,4,519439276311531520,Elestial,11895,Mason Tipton,WR,NO
2026,1316899756005412864,NCAA BIG SKY,4,519439276311531520,Elestial,6659,Craig Reynolds,RB,NE
2026,1316899756005412864,NCAA BIG SKY,4,519439276311531520,Elestial,96,Aaron Rodgers,QB,PIT
2026,1316899756005412864,NCAA BIG SKY,4,519439276311531520,Elestial,4219,Jeremy McNichols,RB,WAS
2026,1316899756005412864,NCAA BIG SKY,4,519439276311531520,Elestial,8117,Jalen Tolbert,WR,DAL
2026,1316899756005412864,NCAA BIG SKY,4,519439276311531520,Elestial,10867,Jake Bobo,WR,SEA
2026,1316899756005412864,NCAA BIG SKY,4,519439276311531520,Elestial,4082,Curtis Samuel,WR,BUF
2026,1316899756005412864,NCAA BIG SKY,4,519439276311531520,Elestial,4666,,,
2026,1316899756005412864,NCAA BIG SKY,4,519439276311531520,Elestial,11647,Kimani Vidal,RB,LAC
2026,1316899756005412864,NCAA BIG SKY,4,519439276311531520,Elestial,5854,Drew Lock,QB,SEA
2026,1316899756005412864,NCAA BIG SKY,5,465934519652839424,agrakush,11640,,,
2026,1316899756005412864,NCAA BIG SKY,5,465934519652839424,agrakush,5095,Daniel Carlson,K,LV
2026,1316899756005412864,NCAA BIG SKY,5,465934519652839424,agrakush,11588,Jawhar Jordan,RB,HOU
2026,1316899756005412864,NCAA BIG SKY,5,465934519652839424,agrakush,10235,Roschon Johnson,RB,CHI
2026,1316899756005412864,NCAA BIG SKY,5,465934519652839424,agrakush,9482,Michael Mayer,TE,LV
2026,1316899756005412864,NCAA BIG SKY,5,465934519652839424,agrakush,8122,Zonovan Knight,RB,ARI
2026,1316899756005412864,NCAA BIG SKY,5,465934519652839424,agrakush,8172,Greg Dulcich,TE,MIA
2026,1316899756005412864,NCAA BIG SKY,5,465934519652839424,agrakush,12544,LeQuint Allen,RB,JAX
2026,1316899756005412864,NCAA BIG SKY,5,465934519652839424,agrakush,12516,Kalel Mullings,RB,TEN
2026,1316899756005412864,NCAA BIG SKY,5,465934519652839424,agrakush,7670,Joshua Palmer,WR,BUF
2026,1316899756005412864,NCAA BIG SKY,5,465934519652839424,agrakush,11623,Jordan Whittington,WR,LAR
2026,1316899756005412864,NCAA BIG SKY,5,465934519652839424,agrakush,11646,Jalen Coker,WR,CAR
2026,1316899756005412864,NCAA BIG SKY,5,465934519652839424,agrakush,12472,Raheim Sanders,RB,CLE
2026,1316899756005412864,NCAA BIG SKY,5,465934519652839424,agrakush,7571,Rashod Bateman,WR,BAL
2026,1316899756005412864,NCAA BIG SKY,5,465934519652839424,agrakush,12492,Pat Bryant,WR,DEN
2026,1316899756005412864,NCAA BIG SKY,5,465934519652839424,agrakush,12536,Jaylin Noel,WR,HOU
2026,1316899756005412864,NCAA BIG SKY,5,465934519652839424,agrakush,9481,Luke Musgrave,TE,GB
2026,1316899756005412864,NCAA BIG SKY,5,465934519652839424,agrakush,12718,Konata Mumpfield,WR,LAR
2026,1316899756005412864,NCAA BIG SKY,5,465934519652839424,agrakush,12490,Bhayshul Tuten,RB,JAX
2026,1316899756005412864,NCAA BIG SKY,5,465934519652839424,agrakush,11655,Tyrone Tracy,RB,NYG
2026,1316899756005412864,NCAA BIG SKY,5,465934519652839424,agrakush,12527,Ashton Jeanty,RB,LV
2026,1316899756005412864,NCAA BIG SKY,5,465934519652839424,agrakush,8142,Alec Pierce,WR,IND
2026,1316899756005412864,NCAA BIG SKY,5,465934519652839424,agrakush,5119,Jason Sanders,K,MIA
2026,1316899756005412864,NCAA BIG SKY,5,465934519652839424,agrakush,TB,Tampa Bay Buccaneers,DEF,TB
2026,1316899756005412864,NCAA BIG SKY,5,465934519652839424,agrakush,10226,Andrei Iosivas,WR,CIN
2026,1316899756005412864,NCAA BIG SKY,5,465934519652839424,agrakush,12489,RJ Harvey,RB,DEN
2026,1316899756005412864,NCAA BIG SKY,5,465934519652839424,agrakush,12474,Woody Marks,RB,HOU
2026,1316899756005412864,NCAA BIG SKY,5,465934519652839424,agrakush,12504,Kaleb Johnson,RB,PIT
2026,1316899756005412864,NCAA BIG SKY,5,465934519652839424,agrakush,11586,Blake Corum,RB,LAR
2026,1316899756005412864,NCAA BIG SKY,5,465934519652839424,agrakush,WAS,Washington Commanders,DEF,WAS
2026,1316899756005412864,NCAA BIG SKY,5,465934519652839424,agrakush,12487,Terrance Ferguson,TE,LAR
2026,1316899756005412864,NCAA BIG SKY,5,465934519652839424,agrakush,11638,Ricky Pearsall,WR,SF
2026,1316899756005412864,NCAA BIG SKY,5,465934519652839424,agrakush,11651,Isaac Guerendo,RB,SF
2026,1316899756005412864,NCAA BIG SKY,5,465934519652839424,agrakush,11261,Andre Szmyt,K,CLE
2026,1316899756005412864,NCAA BIG SKY,5,465934519652839424,agrakush,9501,DeMario Douglas,WR,NE
2026,1316899756005412864,NCAA BIG SKY,5,465934519652839424,agrakush,6797,Justin Herbert,QB,LAC
2026,1316899756005412864,NCAA BIG SKY,5,465934519652839424,agrakush,ARI,Arizona Cardinals,DEF,ARI
2026,1316899756005412864,NCAA BIG SKY,5,465934519652839424,agrakush,11592,Erick All,TE,CIN
2026,1316899756005412864,NCAA BIG SKY,5,465934519652839424,agrakush,10232,Michael Wilson,WR,ARI
2026,1316899756005412864,NCAA BIG SKY,5,465934519652839424,agrakush,11620,Rome Odunze,WR,CHI
2026,1316899756005412864,NCAA BIG SKY,5,465934519652839424,agrakush,11635,Ladd McConkey,WR,LAC
2026,1316899756005412864,NCAA BIG SKY,5,465934519652839424,agrakush,11571,Isaiah Davis,RB,NYJ
2026,1316899756005412864,NCAA BIG SKY,5,465934519652839424,agrakush,19,Joe Flacco,QB,CIN
2026,1316899756005412864,NCAA BIG SKY,5,465934519652839424,agrakush,12493,Oronde Gadsden,TE,LAC
2026,1316899756005412864,NCAA BIG SKY,5,465934519652839424,agrakush,9487,Parker Washington,WR,JAX
2026,1316899756005412864,NCAA BIG SKY,6,424793511431262208,Elwayluva7,7922,Riley Patterson,K,MIA
2026,1316899756005412864,NCAA BIG SKY,6,424793511431262208,Elwayluva7,7588,Javonte Williams,RB,DAL
2026,1316899756005412864,NCAA BIG SKY,6,424793511431262208,Elwayluva7,5846,DK Metcalf,WR,PIT
2026,1316899756005412864,NCAA BIG SKY,6,424793511431262208,Elwayluva7,11575,Ray Davis,RB,BUF
2026,1316899756005412864,NCAA BIG SKY,6,424793511431262208,Elwayluva7,11568,Blake Watson,RB,TEN
2026,1316899756005412864,NCAA BIG SKY,6,424793511431262208,Elwayluva7,DEN,Denver Broncos,DEF,DEN
2026,1316899756005412864,NCAA BIG SKY,6,424793511431262208,Elwayluva7,9758,C.J. Stroud,QB,HOU
2026,1316899756005412864,NCAA BIG SKY,6,424793511431262208,Elwayluva7,10871,Luke Schoonmaker,TE,DAL
2026,1316899756005412864,NCAA BIG SKY,6,424793511431262208,Elwayluva7,11834,Devaughn Vele,WR,NO
2026,1316899756005412864,NCAA BIG SKY,6,424793511431262208,Elwayluva7,9497,Jalin Hyatt,WR,NYG
2026,1316899756005412864,NCAA BIG SKY,6,424793511431262208,Elwayluva7,8249,Lucas Krull,TE,DEN
2026,1316899756005412864,NCAA BIG SKY,6,424793511431262208,Elwayluva7,12471,DJ Giddens,RB,IND
2026,1316899756005412864,NCAA BIG SKY,6,424793511431262208,Elwayluva7,5012,Mark Andrews,TE,BAL
2026,1316899756005412864,NCAA BIG SKY,6,424793511431262208,Elwayluva7,9224,Chase Brown,RB,CIN
2026,1316899756005412864,NCAA BIG SKY,6,424793511431262208,Elwayluva7,PHI,Philadelphia Eagles,DEF,PHI
2026,1316899756005412864,NCAA BIG SKY,6,424793511431262208,Elwayluva7,12498,Mason Taylor,TE,NYJ
2026,1316899756005412864,NCAA BIG SKY,6,424793511431262208,Elwayluva7,4454,Kendrick Bourne,WR,SF
2026,1316899756005412864,NCAA BIG SKY,6,424793511431262208,Elwayluva7,5892,David Montgomery,RB,DET
2026,1316899756005412864,NCAA BIG SKY,6,424793511431262208,Elwayluva7,11786,Cam Little,K,JAX
2026,1316899756005412864,NCAA BIG SKY,6,424793511431262208,Elwayluva7,10234,Derius Davis,WR,LAC
2026,1316899756005412864,NCAA BIG SKY,6,424793511431262208,Elwayluva7,8112,Drake London,WR,ATL
2026,1316899756005412864,NCAA BIG SKY,6,424793511431262208,Elwayluva7,12476,Devin Neal,RB,NO
2026,1316899756005412864,NCAA BIG SKY,6,424793511431262208,Elwayluva7,9509,Bijan Robinson,RB,ATL
2026,1316899756005412864,NCAA BIG SKY,6,424793511431262208,Elwayluva7,9226,De'Von Achane,RB,MIA
2026,1316899756005412864,NCAA BIG SKY,6,424793511431262208,Elwayluva7,10229,Rashee Rice,WR,KC
2026,1316899756005412864,NCAA BIG SKY,6,424793511431262208,Elwayluva7,2374,Tyler Lockett,WR,LV
2026,1316899756005412864,NCAA BIG SKY,6,424793511431262208,Elwayluva7,ATL,Atlanta Falcons,DEF,ATL
2026,1316899756005412864,NCAA BIG SKY,6,424793511431262208,Elwayluva7,7523,Trevor Lawrence,QB,JAX
2026,1316899756005412864,NCAA BIG SKY,6,424793511431262208,Elwayluva7,3321,,,
2026,1316899756005412864,NCAA BIG SKY,6,424793511431262208,Elwayluva7,5987,Alexander Mattison,RB,MIA
2026,1316899756005412864,NCAA BIG SKY,6,424793511431262208,Elwayluva7,3271,Tyler Higbee,TE,LAR
2026,1316899756005412864,NCAA BIG SKY,6,424793511431262208,Elwayluva7,10937,Jake Moody,K,WAS
2026,1316899756005412864,NCAA BIG SKY,6,424793511431262208,Elwayluva7,4881,Lamar Jackson,QB,BAL
2026,1316899756005412864,NCAA BIG SKY,6,424793511431262208,Elwayluva7,LV,Las Vegas Raiders,DEF,LV
2026,1316899756005412864,NCAA BIG SKY,6,424793511431262208,Elwayluva7,7496,,,
2026,1316899756005412864,NCAA BIG SKY,6,424793511431262208,Elwayluva7,6804,Jordan Love,QB,GB
2026,1316899756005412864,NCAA BIG SKY,6,424793511431262208,Elwayluva7,12961,Ryan Fitzgerald,K,CAR
2026,1316899756005412864,NCAA BIG SKY,6,424793511431262208,Elwayluva7,8138,James Cook,RB,BUF
2026,1316899756005412864,NCAA BIG SKY,6,424793511431262208,Elwayluva7,12517,Colston Loveland,TE,CHI
2026,1316899756005412864,NCAA BIG SKY,6,424793511431262208,Elwayluva7,11579,Audric Estime,RB,NO
2026,1316899756005412864,NCAA BIG SKY,6,424793511431262208,Elwayluva7,11439,Jaleel McLaughlin,RB,DEN
2026,1316899756005412864,NCAA BIG SKY,6,424793511431262208,Elwayluva7,11584,Bucky Irving,RB,TB
2026,1316899756005412864,NCAA BIG SKY,7,78892531970359296,fballfreek80,12501,Matthew Golden,WR,GB
2026,1316899756005412864,NCAA BIG SKY,7,78892531970359296,fballfreek80,KC,Kansas City Chiefs,DEF,KC
2026,1316899756005412864,NCAA BIG SKY,7,78892531970359296,fballfreek80,8210,Chig Okonkwo,TE,TEN
2026,1316899756005412864,NCAA BIG SKY,7,78892531970359296,fballfreek80,12510,Jalen Milroe,QB,SEA
2026,1316899756005412864,NCAA BIG SKY,7,78892531970359296,fballfreek80,9502,Tank Dell,WR,HOU
2026,1316899756005412864,NCAA BIG SKY,7,78892531970359296,fballfreek80,3257,Jacoby Brissett,QB,ARI
2026,1316899756005412864,NCAA BIG SKY,7,78892531970359296,fballfreek80,4035,Alvin Kamara,RB,NO
2026,1316899756005412864,NCAA BIG SKY,7,78892531970359296,fballfreek80,4144,Jonnu Smith,TE,PIT
2026,1316899756005412864,NCAA BIG SKY,7,78892531970359296,fballfreek80,TEN,Tennessee Titans,DEF,TEN
2026,1316899756005412864,NCAA BIG SKY,7,78892531970359296,fballfreek80,12520,Xavier Restrepo,WR,TEN
2026,1316899756005412864,NCAA BIG SKY,7,78892531970359296,fballfreek80,12500,Quinn Ewers,QB,MIA
2026,1316899756005412864,NCAA BIG SKY,7,78892531970359296,fballfreek80,12817,Jake Briningstool,TE,KC
2026,1316899756005412864,NCAA BIG SKY,7,78892531970359296,fballfreek80,11637,Keon Coleman,WR,BUF
2026,1316899756005412864,NCAA BIG SKY,7,78892531970359296,fballfreek80,11562,Spencer Rattler,QB,NO
2026,1316899756005412864,NCAA BIG SKY,7,78892531970359296,fballfreek80,8123,Hassan Haskins,RB,LAC
2026,1316899756005412864,NCAA BIG SKY,7,78892531970359296,fballfreek80,8121,Romeo Doubs,WR,GB
2026,1316899756005412864,NCAA BIG SKY,7,78892531970359296,fballfreek80,5927,Terry McLaurin,WR,WAS
2026,1316899756005412864,NCAA BIG SKY,7,78892531970359296,fballfreek80,12497,Tory Horton,WR,SEA
2026,1316899756005412864,NCAA BIG SKY,7,78892531970359296,fballfreek80,9508,Tyjae Spears,RB,TEN
2026,1316899756005412864,NCAA BIG SKY,7,78892531970359296,fballfreek80,7567,Kenneth Gainwell,RB,PIT
2026,1316899756005412864,NCAA BIG SKY,7,78892531970359296,fballfreek80,11581,MarShawn Lloyd,RB,GB
2026,1316899756005412864,NCAA BIG SKY,7,78892531970359296,fballfreek80,5133,Tyler Conklin,TE,LAC
2026,1316899756005412864,NCAA BIG SKY,7,78892531970359296,fballfreek80,17,Matt Prater,K,BUF
2026,1316899756005412864,NCAA BIG SKY,7,78892531970359296,fballfreek80,4866,Saquon Barkley,RB,PHI
2026,1316899756005412864,NCAA BIG SKY,7,78892531970359296,fballfreek80,5937,,,
2026,1316899756005412864,NCAA BIG SKY,7,78892531970359296,fballfreek80,CLE,Cleveland Browns,DEF,CLE
2026,1316899756005412864,NCAA BIG SKY,7,78892531970359296,fballfreek80,9493,Puka Nacua,WR,LAR
2026,1316899756005412864,NCAA BIG SKY,7,78892531970359296,fballfreek80,12496,Tai Felton,WR,MIN
2026,1316899756005412864,NCAA BIG SKY,7,78892531970359296,fballfreek80,12523,Jimmy Horn,WR,CAR
2026,1316899756005412864,NCAA BIG SKY,7,78892531970359296,fballfreek80,2216,Mike Evans,WR,TB
2026,1316899756005412864,NCAA BIG SKY,7,78892531970359296,fballfreek80,4233,Zane Gonzalez,K,ATL
2026,1316899756005412864,NCAA BIG SKY,7,78892531970359296,fballfreek80,11597,Theo Johnson,TE,NYG
2026,1316899756005412864,NCAA BIG SKY,7,78892531970359296,fballfreek80,11650,Luke McCaffrey,WR,WAS
2026,1316899756005412864,NCAA BIG SKY,7,78892531970359296,fballfreek80,8408,Jordan Mason,RB,MIN
2026,1316899756005412864,NCAA BIG SKY,7,78892531970359296,fballfreek80,6650,Chase McLaughlin,K,TB
2026,1316899756005412864,NCAA BIG SKY,7,78892531970359296,fballfreek80,827,Tyrod Taylor,QB,NYJ
2026,1316899756005412864,NCAA BIG SKY,7,78892531970359296,fballfreek80,5872,Deebo Samuel,WR,WAS
2026,1316899756005412864,NCAA BIG SKY,7,78892531970359296,fballfreek80,9486,Dontayvion Wicks,WR,GB
2026,1316899756005412864,NCAA BIG SKY,7,78892531970359296,fballfreek80,8110,Jake Ferguson,TE,DAL
2026,1316899756005412864,NCAA BIG SKY,7,78892531970359296,fballfreek80,8154,Brian Robinson,RB,SF
2026,1316899756005412864,NCAA BIG SKY,7,78892531970359296,fballfreek80,6904,Jalen Hurts,QB,PHI
2026,1316899756005412864,NCAA BIG SKY,7,78892531970359296,fballfreek80,10955,Chad Ryland,K,ARI
2026,1316899756005412864,NCAA BIG SKY,7,78892531970359296,fballfreek80,5995,Justice Hill,RB,BAL
2026,1316899756005412864,NCAA BIG SKY,8,437413803001376768,Vitus,12515,Donovan Edwards,RB,MIA
2026,1316899756005412864,NCAA BIG SKY,8,437413803001376768,Vitus,6865,Colby Parkinson,TE,LAR
2026,1316899756005412864,NCAA BIG SKY,8,437413803001376768,Vitus,8188,Tyquan Thornton,WR,KC
2026,1316899756005412864,NCAA BIG SKY,8,437413803001376768,Vitus,6813,Jonathan Taylor,RB,IND
2026,1316899756005412864,NCAA BIG SKY,8,437413803001376768,Vitus,6806,J.K. Dobbins,RB,DEN
2026,1316899756005412864,NCAA BIG SKY,8,437413803001376768,Vitus,8155,Breece Hall,RB,NYJ
2026,1316899756005412864,NCAA BIG SKY,8,437413803001376768,Vitus,12738,Phil Mafah,RB,DAL
2026,1316899756005412864,NCAA BIG SKY,8,437413803001376768,Vitus,11619,Ja'Lynn Polk,WR,NO
2026,1316899756005412864,NCAA BIG SKY,8,437413803001376768,Vitus,1466,Travis Kelce,TE,KC
2026,1316899756005412864,NCAA BIG SKY,8,437413803001376768,Vitus,8800,Malik Davis,RB,DAL
2026,1316899756005412864,NCAA BIG SKY,8,437413803001376768,Vitus,CIN,Cincinnati Bengals,DEF,CIN
2026,1316899756005412864,NCAA BIG SKY,8,437413803001376768,Vitus,9492,Trey Palmer,WR,NO
2026,1316899756005412864,NCAA BIG SKY,8,437413803001376768,Vitus,4984,Josh Allen,QB,BUF
2026,1316899756005412864,NCAA BIG SKY,8,437413803001376768,Vitus,8144,Chris Olave,WR,NO
2026,1316899756005412864,NCAA BIG SKY,8,437413803001376768,Vitus,8161,Malik Willis,QB,GB
2026,1316899756005412864,NCAA BIG SKY,8,437413803001376768,Vitus,9757,Kendre Miller,RB,NO
2026,1316899756005412864,NCAA BIG SKY,8,437413803001376768,Vitus,7543,Travis Etienne,RB,JAX
2026,1316899756005412864,NCAA BIG SKY,8,437413803001376768,Vitus,2449,Stefon Diggs,WR,NE
2026,1316899756005412864,NCAA BIG SKY,8,437413803001376768,Vitus,GB,Green Bay Packers,DEF,GB
2026,1316899756005412864,NCAA BIG SKY,8,437413803001376768,Vitus,7610,Trey Lance,QB,LAC
2026,1316899756005412864,NCAA BIG SKY,8,437413803001376768,Vitus,12499,Elic Ayomanor,WR,TEN
2026,1316899756005412864,NCAA BIG SKY,8,437413803001376768,Vitus,12715,Thomas Fidone,TE,NYG
2026,1316899756005412864,NCAA BIG SKY,8,437413803001376768,Vitus,12478,Nick Nash,WR,WAS
2026,1316899756005412864,NCAA BIG SKY,8,437413803001376768,Vitus,JAX,Jacksonville Jaguars,DEF,JAX
2026,1316899756005412864,NCAA BIG SKY,8,437413803001376768,Vitus,4983,DJ Moore,WR,CHI
2026,1316899756005412864,NCAA BIG SKY,8,437413803001376768,Vitus,11792,Will Reichard,K,MIN
2026,1316899756005412864,NCAA BIG SKY,8,437413803001376768,Vitus,6945,Antonio Gibson,RB,NE
2026,1316899756005412864,NCAA BIG SKY,8,437413803001376768,Vitus,12641,Jaylin Lane,WR,WAS
2026,1316899756005412864,NCAA BIG SKY,8,437413803001376768,Vitus,4034,Christian McCaffrey,RB,SF
2026,1316899756005412864,NCAA BIG SKY,8,437413803001376768,Vitus,5859,A.J. Brown,WR,PHI
2026,1316899756005412864,NCAA BIG SKY,8,437413803001376768,Vitus,11617,Malachi Corley,WR,CLE
2026,1316899756005412864,NCAA BIG SKY,8,437413803001376768,Vitus,8146,Garrett Wilson,WR,NYJ
2026,1316899756005412864,NCAA BIG SKY,8,437413803001376768,Vitus,9484,Tucker Kraft,TE,GB
2026,1316899756005412864,NCAA BIG SKY,8,437413803001376768,Vitus,8137,George Pickens,WR,DAL
2026,1316899756005412864,NCAA BIG SKY,8,437413803001376768,Vitus,8167,Christian Watson,WR,GB
2026,1316899756005412864,NCAA BIG SKY,8,437413803001376768,Vitus,2133,Davante Adams,WR,LAR
2026,1316899756005412864,NCAA BIG SKY,8,437413803001376768,Vitus,12455,Brashard Smith,RB,KC
2026,1316899756005412864,NCAA BIG SKY,8,437413803001376768,Vitus,4046,Patrick Mahomes,QB,KC
2026,1316899756005412864,NCAA BIG SKY,8,437413803001376768,Vitus,8131,Isaiah Likely,TE,BAL
2026,1316899756005412864,NCAA BIG SKY,8,437413803001376768,Vitus,7049,Jauan Jennings,WR,SF
2026,1316899756005412864,NCAA BIG SKY,8,437413803001376768,Vitus,11557,Joe Milton,QB,DAL
2026,1316899756005412864,NCAA BIG SKY,8,437413803001376768,Vitus,7553,Kyle Pitts,TE,ATL
2026,1316899756005412864,NCAA BIG SKY,8,437413803001376768,Vitus,9504,Kayshon Boutte,WR,NE
2026,1316899756005412864,NCAA BIG SKY,8,437413803001376768,Vitus,6783,Jerry Jeudy,WR,CLE
2026,1316899756005412864,NCAA BIG SKY,8,437413803001376768,Vitus,11533,Brandon Aubrey,K,DAL
2026,1316899756005412864,NCAA BIG SKY,9,448641292377780224,Pinky7373,12505,Jalen Royals,WR,KC
2026,1316899756005412864,NCAA BIG SKY,9,448641292377780224,Pinky7373,4033,David Njoku,TE,CLE
2026,1316899756005412864,NCAA BIG SKY,9,448641292377780224,Pinky7373,5850,Josh Jacobs,RB,GB
2026,1316899756005412864,NCAA BIG SKY,9,448641292377780224,Pinky7373,6798,,,
2026,1316899756005412864,NCAA BIG SKY,9,448641292377780224,Pinky7373,9490,Tyler Scott,WR,LAR
2026,1316899756005412864,NCAA BIG SKY,9,448641292377780224,Pinky7373,2671,,,
2026,1316899756005412864,NCAA BIG SKY,9,448641292377780224,Pinky7373,4098,Kareem Hunt,RB,KC
2026,1316899756005412864,NCAA BIG SKY,9,448641292377780224,Pinky7373,2331,,,
2026,1316899756005412864,NCAA BIG SKY,9,448641292377780224,Pinky7373,650,Nick Folk,K,NYJ
2026,1316899756005412864,NCAA BIG SKY,9,448641292377780224,Pinky7373,2431,,,
2026,1316899756005412864,NCAA BIG SKY,9,448641292377780224,Pinky7373,NYG,New York Giants,DEF,NYG
2026,1316899756005412864,NCAA BIG SKY,9,448641292377780224,Pinky7373,8202,,,
2026,1316899756005412864,NCAA BIG SKY,9,448641292377780224,Pinky7373,3202,Austin Hooper,TE,NE
2026,1316899756005412864,NCAA BIG SKY,9,448641292377780224,Pinky7373,4950,Christian Kirk,WR,HOU
2026,1316899756005412864,NCAA BIG SKY,9,448641292377780224,Pinky7373,MIA,Miami Dolphins,DEF,MIA
2026,1316899756005412864,NCAA BIG SKY,9,448641292377780224,Pinky7373,6845,,,
2026,1316899756005412864,NCAA BIG SKY,9,448641292377780224,Pinky7373,12469,Dylan Sampson,RB,CLE
2026,1316899756005412864,NCAA BIG SKY,9,448641292377780224,Pinky7373,4147,Samaje Perine,RB,CIN
2026,1316899756005412864,NCAA BIG SKY,9,448641292377780224,Pinky7373,2078,,,
2026,1316899756005412864,NCAA BIG SKY,9,448641292377780224,Pinky7373,11628,Marvin Harrison,WR,ARI
2026,1316899756005412864,NCAA BIG SKY,9,448641292377780224,Pinky7373,4039,Cooper Kupp,WR,SEA
2026,1316899756005412864,NCAA BIG SKY,9,448641292377780224,Pinky7373,9229,Anthony Richardson,QB,IND
2026,1316899756005412864,NCAA BIG SKY,9,448641292377780224,Pinky7373,1945,Chris Boswell,K,PIT
2026,1316899756005412864,NCAA BIG SKY,9,448641292377780224,Pinky7373,5248,,,
2026,1316899756005412864,NCAA BIG SKY,9,448641292377780224,Pinky7373,LAR,Los Angeles Rams,DEF,LAR
2026,1316899756005412864,NCAA BIG SKY,9,448641292377780224,Pinky7373,11565,J.J. McCarthy,QB,MIN
2026,1316899756005412864,NCAA BIG SKY,9,448641292377780224,Pinky7373,3214,Hunter Henry,TE,NE
2026,1316899756005412864,NCAA BIG SKY,9,448641292377780224,Pinky7373,8258,,,
2026,1316899756005412864,NCAA BIG SKY,9,448641292377780224,Pinky7373,4171,Josh Reynolds,WR,NYJ
2026,1316899756005412864,NCAA BIG SKY,9,448641292377780224,Pinky7373,8143,Jerome Ford,RB,CLE
2026,1316899756005412864,NCAA BIG SKY,9,448641292377780224,Pinky7373,2410,,,
2026,1316899756005412864,NCAA BIG SKY,9,448641292377780224,Pinky7373,11576,Braelon Allen,RB,NYJ
2026,1316899756005412864,NCAA BIG SKY,9,448641292377780224,Pinky7373,4988,Nick Chubb,RB,HOU
2026,1316899756005412864,NCAA BIG SKY,9,448641292377780224,Pinky7373,4892,Baker Mayfield,QB,TB
2026,1316899756005412864,NCAA BIG SKY,9,448641292377780224,Pinky7373,11633,Jamari Thrash,WR,CLE
2026,1316899756005412864,NCAA BIG SKY,9,448641292377780224,Pinky7373,12524,Shedeur Sanders,QB,CLE
2026,1316899756005412864,NCAA BIG SKY,9,448641292377780224,Pinky7373,2315,,,
2026,1316899756005412864,NCAA BIG SKY,9,448641292377780224,Pinky7373,1166,Kirk Cousins,QB,ATL
2026,1316899756005412864,NCAA BIG SKY,9,448641292377780224,Pinky7373,7608,Khalil Herbert,RB,NYJ
2026,1316899756005412864,NCAA BIG SKY,9,448641292377780224,Pinky7373,10222,Jayden Reed,WR,GB
2026,1316899756005412864,NCAA BIG SKY,9,448641292377780224,Pinky7373,4943,Sam Darnold,QB,SEA
2026,1316899756005412864,NCAA BIG SKY,10,334014945886748672,thejockytype,6819,Michael Pittman,WR,IND
2026,1316899756005412864,NCAA BIG SKY,10,334014945886748672,thejockytype,4029,,,
2026,1316899756005412864,NCAA BIG SKY,10,334014945886748672,thejockytype,11604,Brock Bowers,TE,LV
2026,1316899756005412864,NCAA BIG SKY,10,334014945886748672,thejockytype,6151,Miles Sanders,RB,DAL
2026,1316899756005412864,NCAA BIG SKY,10,334014945886748672,thejockytype,5230,,,
2026,1316899756005412864,NCAA BIG SKY,10,334014945886748672,thejockytype,7042,Tyler Bass,K,BUF
2026,1316899756005412864,NCAA BIG SKY,10,334014945886748672,thejockytype,12711,Tyler Loop,K,BAL
2026,1316899756005412864,NCAA BIG SKY,10,334014945886748672,thejockytype,6850,Harrison Bryant,TE,HOU
2026,1316899756005412864,NCAA BIG SKY,10,334014945886748672,thejockytype,7602,Kylen Granson,TE,PHI
2026,1316899756005412864,NCAA BIG SKY,10,334014945886748672,thejockytype,11625,Adonai Mitchell,WR,NYJ
2026,1316899756005412864,NCAA BIG SKY,10,334014945886748672,thejockytype,11600,Ja'Tavion Sanders,TE,CAR
2026,1316899756005412864,NCAA BIG SKY,10,334014945886748672,thejockytype,11626,Xavier Legette,WR,CAR
2026,1316899756005412864,NCAA BIG SKY,10,334014945886748672,thejockytype,8230,Ty Chandler,RB,MIN
2026,1316899756005412864,NCAA BIG SKY,10,334014945886748672,thejockytype,7600,Pat Freiermuth,TE,PIT
2026,1316899756005412864,NCAA BIG SKY,10,334014945886748672,thejockytype,12502,Gunnar Helm,TE,TEN
2026,1316899756005412864,NCAA BIG SKY,10,334014945886748672,thejockytype,6824,,,
2026,1316899756005412864,NCAA BIG SKY,10,334014945886748672,thejockytype,7565,Terrace Marshall,WR,MIA
2026,1316899756005412864,NCAA BIG SKY,10,334014945886748672,thejockytype,8183,Brock Purdy,QB,SF
2026,1316899756005412864,NCAA BIG SKY,10,334014945886748672,thejockytype,12539,Arian Smith,WR,NYJ
2026,1316899756005412864,NCAA BIG SKY,10,334014945886748672,thejockytype,4381,Taysom Hill,TE,NO
2026,1316899756005412864,NCAA BIG SKY,10,334014945886748672,thejockytype,7090,Darnell Mooney,WR,ATL
2026,1316899756005412864,NCAA BIG SKY,10,334014945886748672,thejockytype,12530,Travis Hunter,WR,JAX
2026,1316899756005412864,NCAA BIG SKY,10,334014945886748672,thejockytype,11559,Michael Penix,QB,ATL
2026,1316899756005412864,NCAA BIG SKY,10,334014945886748672,thejockytype,4973,,,
2026,1316899756005412864,NCAA BIG SKY,10,334014945886748672,thejockytype,12495,Ollie Gordon,RB,MIA
2026,1316899756005412864,NCAA BIG SKY,10,334014945886748672,thejockytype,3164,,,
2026,1316899756005412864,NCAA BIG SKY,10,334014945886748672,thejockytype,2309,,,
2026,1316899756005412864,NCAA BIG SKY,10,334014945886748672,thejockytype,LAC,Los Angeles Chargers,DEF,LAC
2026,1316899756005412864,NCAA BIG SKY,10,334014945886748672,thejockytype,12514,Emeka Egbuka,WR,TB
2026,1316899756005412864,NCAA BIG SKY,10,334014945886748672,thejockytype,12545,Tyler Shough,QB,NO
2026,1316899756005412864,NCAA BIG SKY,10,334014945886748672,thejockytype,167,,,
2026,1316899756005412864,NCAA BIG SKY,10,334014945886748672,thejockytype,NYJ,New York Jets,DEF,NYJ
2026,1316899756005412864,NCAA BIG SKY,10,334014945886748672,thejockytype,1049,,,
2026,1316899756005412864,NCAA BIG SKY,10,334014945886748672,thejockytype,8147,John Metchie,WR,NYJ
2026,1316899756005412864,NCAA BIG SKY,10,334014945886748672,thejockytype,7794,,,
2026,1316899756005412864,NCAA BIG SKY,10,334014945886748672,thejockytype,11636,Johnny Wilson,WR,PHI
2026,1316899756005412864,NCAA BIG SKY,10,334014945886748672,thejockytype,7585,Davis Mills,QB,HOU
2026,1316899756005412864,NCAA BIG SKY,10,334014945886748672,thejockytype,5038,,,
2026,1316899756005412864,NCAA BIG SKY,11,604388962898866176,mgrant55,6828,A.J. Dillon,RB,PHI
2026,1316899756005412864,NCAA BIG SKY,11,604388962898866176,mgrant55,11564,Drake Maye,QB,NE
2026,1316899756005412864,NCAA BIG SKY,11,604388962898866176,mgrant55,5001,Dalton Schultz,TE,HOU
2026,1316899756005412864,NCAA BIG SKY,11,604388962898866176,mgrant55,12185,Spencer Shrader,K,IND
2026,1316899756005412864,NCAA BIG SKY,11,604388962898866176,mgrant55,1433,Brandon McManus,K,GB
2026,1316899756005412864,NCAA BIG SKY,11,604388962898866176,mgrant55,2505,Darren Waller,TE,MIA
2026,1316899756005412864,NCAA BIG SKY,11,604388962898866176,mgrant55,3199,,,
2026,1316899756005412864,NCAA BIG SKY,11,604388962898866176,mgrant55,11560,Caleb Williams,QB,CHI
2026,1316899756005412864,NCAA BIG SKY,11,604388962898866176,mgrant55,3451,Ka'imi Fairbairn,K,HOU
2026,1316899756005412864,NCAA BIG SKY,11,604388962898866176,mgrant55,12521,Elijah Arroyo,TE,SEA
2026,1316899756005412864,NCAA BIG SKY,11,604388962898866176,mgrant55,DET,Detroit Lions,DEF,DET
2026,1316899756005412864,NCAA BIG SKY,11,604388962898866176,mgrant55,1352,,,
2026,1316899756005412864,NCAA BIG SKY,11,604388962898866176,mgrant55,12531,Trevor Etienne,RB,CAR
2026,1316899756005412864,NCAA BIG SKY,11,604388962898866176,mgrant55,2306,Jameis Winston,QB,NYG
2026,1316899756005412864,NCAA BIG SKY,11,604388962898866176,mgrant55,11299,Zavier Scott,RB,MIN
2026,1316899756005412864,NCAA BIG SKY,11,604388962898866176,mgrant55,8207,Tyler Goodson,RB,IND
2026,1316899756005412864,NCAA BIG SKY,11,604388962898866176,mgrant55,1689,,,
2026,1316899756005412864,NCAA BIG SKY,11,604388962898866176,mgrant55,5022,Dallas Goedert,TE,PHI
2026,1316899756005412864,NCAA BIG SKY,11,604388962898866176,mgrant55,6920,Isaiah Hodgins,WR,NYG
2026,1316899756005412864,NCAA BIG SKY,11,604388962898866176,mgrant55,6271,Olamide Zaccheaus,WR,CHI
2026,1316899756005412864,NCAA BIG SKY,11,604388962898866176,mgrant55,8676,Rashid Shaheed,WR,SEA
2026,1316899756005412864,NCAA BIG SKY,11,604388962898866176,mgrant55,8220,,,
2026,1316899756005412864,NCAA BIG SKY,11,604388962898866176,mgrant55,5916,,,
2026,1316899756005412864,NCAA BIG SKY,11,604388962898866176,mgrant55,5967,Tony Pollard,RB,TEN
2026,1316899756005412864,NCAA BIG SKY,11,604388962898866176,mgrant55,11577,Will Shipley,RB,PHI
2026,1316899756005412864,NCAA BIG SKY,11,604388962898866176,mgrant55,12522,Cam Ward,QB,TEN
2026,1316899756005412864,NCAA BIG SKY,11,604388962898866176,mgrant55,7535,Hunter Long,TE,JAX
2026,1316899756005412864,NCAA BIG SKY,11,604388962898866176,mgrant55,4040,JuJu Smith-Schuster,WR,KC
2026,1316899756005412864,NCAA BIG SKY,11,604388962898866176,mgrant55,5938,Lil'Jordan Humphrey,WR,DEN
2026,1316899756005412864,NCAA BIG SKY,11,604388962898866176,mgrant55,8208,Tyler Badie,RB,DEN
2026,1316899756005412864,NCAA BIG SKY,11,604388962898866176,mgrant55,4663,Austin Ekeler,RB,WAS
2026,1316899756005412864,NCAA BIG SKY,11,604388962898866176,mgrant55,DAL,Dallas Cowboys,DEF,DAL
2026,1316899756005412864,NCAA BIG SKY,11,604388962898866176,mgrant55,9999,Will Levis,QB,TEN
2026,1316899756005412864,NCAA BIG SKY,11,604388962898866176,mgrant55,9480,Brenton Strange,TE,JAX
2026,1316899756005412864,NCAA BIG SKY,11,604388962898866176,mgrant55,12519,Luther Burden,WR,CHI
2026,1316899756005412864,NCAA BIG SKY,11,604388962898866176,mgrant55,8180,Jalen Nailor,WR,MIN
2026,1316899756005412864,NCAA BIG SKY,11,604388962898866176,mgrant55,3286,Demarcus Robinson,WR,SF
2026,1316899756005412864,NCAA BIG SKY,11,604388962898866176,mgrant55,2197,Brandin Cooks,WR,BUF
2026,1316899756005412864,NCAA BIG SKY,11,604388962898866176,mgrant55,8134,Khalil Shakir,WR,BUF
2026,1316899756005412864,NCAA BIG SKY,11,604388962898866176,mgrant55,3294,Dak Prescott,QB,DAL
2026,1316899756005412864,NCAA BIG SKY,12,519767126595325952,mssullivan2022,4234,Noah Brown,WR,WAS
2026,1316899756005412864,NCAA BIG SKY,12,519767126595325952,mssullivan2022,7002,Juwan Johnson,TE,NO
2026,1316899756005412864,NCAA BIG SKY,12,519767126595325952,mssullivan2022,5086,Marquez Valdes-Scantling,WR,PIT
2026,1316899756005412864,NCAA BIG SKY,12,519767126595325952,mssullivan2022,2020,Cairo Santos,K,CHI
2026,1316899756005412864,NCAA BIG SKY,12,519767126595325952,mssullivan2022,6039,Ty Johnson,RB,BUF
2026,1316899756005412864,NCAA BIG SKY,12,519767126595325952,mssullivan2022,12503,Isaiah Bond,WR,CLE
2026,1316899756005412864,NCAA BIG SKY,12,519767126595325952,mssullivan2022,6794,Justin Jefferson,WR,MIN
2026,1316899756005412864,NCAA BIG SKY,12,519767126595325952,mssullivan2022,7611,Rhamondre Stevenson,RB,NE
2026,1316899756005412864,NCAA BIG SKY,12,519767126595325952,mssullivan2022,4018,Joe Mixon,RB,HOU
2026,1316899756005412864,NCAA BIG SKY,12,519767126595325952,mssullivan2022,9225,Tank Bigsby,RB,PHI
2026,1316899756005412864,NCAA BIG SKY,12,519767126595325952,mssullivan2022,8583,Stone Smartt,TE,NYJ
2026,1316899756005412864,NCAA BIG SKY,12,519767126595325952,mssullivan2022,3678,Wil Lutz,K,DEN
2026,1316899756005412864,NCAA BIG SKY,12,519767126595325952,mssullivan2022,11058,Blake Grupe,K,IND
2026,1316899756005412864,NCAA BIG SKY,12,519767126595325952,mssullivan2022,4217,George Kittle,TE,SF
2026,1316899756005412864,NCAA BIG SKY,12,519767126595325952,mssullivan2022,4066,Evan Engram,TE,DEN
2026,1316899756005412864,NCAA BIG SKY,12,519767126595325952,mssullivan2022,7591,Justin Fields,QB,NYJ
2026,1316899756005412864,NCAA BIG SKY,12,519767126595325952,mssullivan2022,8160,Kenny Pickett,QB,LV
2026,1316899756005412864,NCAA BIG SKY,12,519767126595325952,mssullivan2022,3198,Derrick Henry,RB,BAL
2026,1316899756005412864,NCAA BIG SKY,12,519767126595325952,mssullivan2022,7562,Tutu Atwell,WR,LAR
2026,1316899756005412864,NCAA BIG SKY,12,519767126595325952,mssullivan2022,10215,Jake Haener,QB,KC
2026,1316899756005412864,NCAA BIG SKY,12,519767126595325952,mssullivan2022,11630,Roman Wilson,WR,PIT
2026,1316899756005412864,NCAA BIG SKY,12,519767126595325952,mssullivan2022,7021,Rico Dowdle,RB,CAR
2026,1316899756005412864,NCAA BIG SKY,12,519767126595325952,mssullivan2022,12761,Jordan Moore,WR,CIN
2026,1316899756005412864,NCAA BIG SKY,12,519767126595325952,mssullivan2022,6801,Tee Higgins,WR,CIN
2026,1316899756005412864,NCAA BIG SKY,12,519767126595325952,mssullivan2022,7839,Evan McPherson,K,CIN
2026,1316899756005412864,NCAA BIG SKY,12,519767126595325952,mssullivan2022,7587,Dyami Brown,WR,JAX
2026,1316899756005412864,NCAA BIG SKY,12,519767126595325952,mssullivan2022,7564,Ja'Marr Chase,WR,CIN
2026,1316899756005412864,NCAA BIG SKY,12,519767126595325952,mssullivan2022,SEA,Seattle Seahawks,DEF,SEA
2026,1316899756005412864,NCAA BIG SKY,12,519767126595325952,mssullivan2022,5185,,,
2026,1316899756005412864,NCAA BIG SKY,12,519767126595325952,mssullivan2022,8259,Cameron Dicker,K,LAC
2026,1316899756005412864,NCAA BIG SKY,12,519767126595325952,mssullivan2022,5906,Dawson Knox,TE,BUF
2026,1316899756005412864,NCAA BIG SKY,12,519767126595325952,mssullivan2022,3634,Kalif Raymond,WR,DET
2026,1316899756005412864,NCAA BIG SKY,12,519767126595325952,mssullivan2022,6083,,,
2026,1316899756005412864,NCAA BIG SKY,12,519767126595325952,mssullivan2022,7538,Zach Wilson,QB,MIA
2026,1316899756005412864,NCAA BIG SKY,12,519767126595325952,mssullivan2022,6768,Tua Tagovailoa,QB,MIA
2026,1316899756005412864,NCAA BIG SKY,12,519767126595325952,mssullivan2022,1373,Geno Smith,QB,LV
2026,1316899756005412864,NCAA BIG SKY,12,519767126595325952,mssullivan2022,11370,Chris Brooks,RB,GB
2026,1316899756005412864,NCAA BIG SKY,12,519767126595325952,mssullivan2022,8136,Rachaad White,RB,TB
2026,1316899756005412864,NCAA BIG SKY,12,519767126595325952,mssullivan2022,421,Matthew Stafford,QB,LAR
2026,1316899756005412864,NCAA BIG SKY,12,519767126595325952,mssullivan2022,HOU,Houston Texans,DEF,HOU
2026,1316899756005412864,NCAA BIG SKY,12,519767126595325952,mssullivan2022,6786,CeeDee Lamb,WR,DAL
