LeagueName,RosterID,OwnerID,OwnerName
NCAA ACC,1,571754879825395712,ChrisW21
NCAA ACC,10,1357479935924510720,EerieHush
NCAA ACC,11,458070829909929984,Campbell8
NCAA ACC,12,302575527556825088,dilbennett
NCAA ACC,2,568115266901286912,MattyBent
NCAA ACC,3,870105403659309056,spendawg
NCAA ACC,4,455836851501002752,landonh12
NCAA ACC,5,468618720470626304,Yarby
NCAA ACC,6,463453800313647104,WhiskyScientist
NCAA ACC,7,453658285061435392,fatalbeast
NCAA ACC,8,456168604006608896,eperedetto
NCAA ACC,9,668318967567323136,markandrewsisthegoat
NCAA BIG 10,1,465720627639087104,Mo00
NCAA BIG 10,10,459225788735025152,richardson98
NCAA BIG 10,11,471056290550902784,Schuflakka
NCAA BIG 10,12,443870183853912064,chrispychicken
NCAA BIG 10,2,438178170542223360,EthanH
NCAA BIG 10,3,437465313911500800,kfitch3p
NCAA BIG 10,4,1354967293209083904,EndZoneAllDay1
NCAA BIG 10,5,856759599565475840,Justahippo
NCAA BIG 10,6,460511267564548096,laxbro000
NCAA BIG 10,7,460518714907815936,linkoftime1
NCAA BIG 10,8,998438693570539520,ChAiNSmOkErTk
NCAA BIG 10,9,559208653427675136,Klashified
NCAA BIG 12,1,Orphan,Orphan
NCAA BIG 12,10,989926421084557312,FalconsRULE7
NCAA BIG 12,11,619190004979138560,CousinMose15
NCAA BIG 12,12,820771678849171456,Gangly22
NCAA BIG 12,2,667752373111824384,trev7293
NCAA BIG 12,3,533541056352481280,DavidJimm
NCAA BIG 12,4,425362114291437568,deadheadshane
NCAA BIG 12,5,464117743042424832,robertlouis7
NCAA BIG 12,6,335910160469880832,elianbruger
NCAA BIG 12,7,425386065373691904,Frankeen
NCAA BIG 12,8,543929284962770944,alicho
NCAA BIG 12,9,453711063846744064,rchau56
NCAA BIG EAST & CO.,1,1087519270663258112,sblau24
NCAA BIG EAST & CO.,10,1336086766108549120,MacATac
NCAA BIG EAST & CO.,11,456182244336201728,Ianiners
NCAA BIG EAST & CO.,12,64174089933570048,ryno
NCAA BIG EAST & CO.,2,1171256102760251392,hurlken
NCAA BIG EAST & CO.,3,718415247781732352,averagedude23
NCAA BIG EAST & CO.,4,456129190995947520,vinceA762
NCAA BIG EAST & CO.,5,836025225756934144,NastyS8ntChance
NCAA BIG EAST & CO.,6,443323427143544832,joonbug
NCAA BIG EAST & CO.,7,456159345906806784,CodeKhaos
NCAA BIG EAST & CO.,8,456167283761344512,Claser
NCAA BIG EAST & CO.,9,802480422482206720,JEANTY
NCAA BIG SKY,1,456258200757334016,WillyP15
NCAA BIG SKY,10,334014945886748672,thejockytype
NCAA BIG SKY,11,604388962898866176,mgrant55
NCAA BIG SKY,12,519767126595325952,mssullivan2022
NCAA BIG SKY,2,439255136309604352,PapaCrowther
NCAA BIG SKY,3,449327253101211648,Beastchewy15
NCAA BIG SKY,4,519439276311531520,Elestial
NCAA BIG SKY,5,465934519652839424,agrakush
NCAA BIG SKY,6,424793511431262208,Elwayluva7
NCAA BIG SKY,7,78892531970359296,fballfreek80
NCAA BIG SKY,8,437413803001376768,Vitus
NCAA BIG SKY,9,448641292377780224,Pinky7373
NCAA HISTORICALLY BLACK,1,471427194132885504,PhantomXX
NCAA HISTORICALLY BLACK,10,694233255825719296,bb7661KING
NCAA HISTORICALLY BLACK,11,327614483000217600,Jerryb83
NCAA HISTORICALLY BLACK,12,520088376557371392,scoobydaeaglemahomes
NCAA HISTORICALLY BLACK,2,1240179381624655872,B41Pakman
NCAA HISTORICALLY BLACK,3,640052303377952768,lcummings
NCAA HISTORICALLY BLACK,4,471080793406435328,memphismaniac
NCAA HISTORICALLY BLACK,5,1072700435921838080,DaMagic436
NCAA HISTORICALLY BLACK,6,692168840821411840,DeanFalcon
NCAA HISTORICALLY BLACK,7,519728067978186752,StrikerS091
NCAA HISTORICALLY BLACK,8,467835045181124608,wblack2012
NCAA HISTORICALLY BLACK,9,1260322259726249984,Pookieboom
NCAA IVY,1,470912510262767616,FlynnD
NCAA IVY,10,1142198466060402688,BLACK93BOIZS
NCAA IVY,11,460895027179024384,jtheadrick98
NCAA IVY,12,464595147808567296,cobrapanther99
NCAA IVY,2,730628287012921344,KennethNZ
NCAA IVY,3,480124073456693248,Jrodr71
NCAA IVY,4,570803989783429120,alecgagnon2001
NCAA IVY,5,395321276102627328,ccassidy
NCAA IVY,6,1017588201080369152,Iloveyyounghoes
NCAA IVY,7,1135784589957652480,Hambnr
NCAA IVY,8,461688192555282432,PhilupMynuts
NCAA IVY,9,1402806331622043648,BrynJ9618
NCAA MOUNTAIN WEST,1,596835723861082112,RicochetRay
NCAA MOUNTAIN WEST,10,1374560757252890624,postdeezy
NCAA MOUNTAIN WEST,11,702897403514159104,bdub3
NCAA MOUNTAIN WEST,12,734939566091436032,noahdaboa
NCAA MOUNTAIN WEST,2,463106510101147648,jmdorsey00
NCAA MOUNTAIN WEST,3,560626155833876480,HonoredMexican
NCAA MOUNTAIN WEST,4,1132868015638532096,Biggunnz21
NCAA MOUNTAIN WEST,5,1124191785678430208,Pipedawg21
NCAA MOUNTAIN WEST,6,837430327189295104,KlondikeBar
NCAA MOUNTAIN WEST,7,604155835978944512,Vikes1819
NCAA MOUNTAIN WEST,8,325726913966395392,bkoldham
NCAA MOUNTAIN WEST,9,589001974318403584,Mrhawke19
NCAA OHIO VALLEY,1,571753677428977664,Mistafyer
NCAA OHIO VALLEY,10,594242128851296256,edgeofdefeat
NCAA OHIO VALLEY,11,638193564806897664,Romantryert
NCAA OHIO VALLEY,12,300814106795974656,Firephool
NCAA OHIO VALLEY,2,601198801197260800,LMarkiewicz04
NCAA OHIO VALLEY,3,468944645166985216,srcav
NCAA OHIO VALLEY,4,472879969664495616,ethansherwood22
NCAA OHIO VALLEY,5,474662041341128704,Dreev
NCAA OHIO VALLEY,6,331558449374593024,leathershoe4
NCAA OHIO VALLEY,7,635700695584043008,charlielol
NCAA OHIO VALLEY,8,426756284365160448,mooremc
NCAA OHIO VALLEY,9,997659278062272512,pontes021
NCAA PAC 12,1,917575404431831040,nshox2
NCAA PAC 12,10,534619662650601472,ImagineWiigons
NCAA PAC 12,11,76460245878456320,seniormeow
NCAA PAC 12,12,450806182555152384,lmerkouSaints
NCAA PAC 12,2,709857172258881536,KamaraGOAT41
NCAA PAC 12,3,470320542868566016,Dunebuggy619
NCAA PAC 12,4,477666723663704064,chzhead412
NCAA PAC 12,5,454372407956729856,laynemercer
NCAA PAC 12,6,338823136923381760,samggannon
NCAA PAC 12,7,597246797479469056,wrightc214
NCAA PAC 12,8,460348260653985792,keppin
NCAA PAC 12,9,519390092788297728,ScottyW13
NCAA PIONEER,1,993737529142693888,doseofthestars
NCAA PIONEER,10,315736569111650304,JMullen175
NCAA PIONEER,11,325873712534421504,FatPat1251
NCAA PIONEER,12,739984250304135168,YikesOnBikes
NCAA PIONEER,2,468638573403303936,DownLoMoJo
NCAA PIONEER,3,459110344502013952,MyFingerPoints
NCAA PIONEER,4,439351925129867264,Daphud
NCAA PIONEER,5,432164755709370368,EBurkhart
NCAA PIONEER,6,455753261765357568,BDAVIS309
NCAA PIONEER,7,398884413687001088,Ortizz
NCAA PIONEER,8,339931221767249920,CrownMeKing
NCAA PIONEER,9,602687087556231168,DictatorBerry
NCAA SEC,1,441458152391569408,tedman546
NCAA SEC,10,Orphan,Orphan
NCAA SEC,11,560284880620699648,devbovino
NCAA SEC,12,445468333035220992,JosephMarin07
NCAA SEC,2,508516852143693824,errand
NCAA SEC,3,457957045534978048,ChadLowe
NCAA SEC,4,1289101953728540672,egbdf
NCAA SEC,5,562032371824951296,ryank45
NCAA SEC,6,510556455562792960,thatmansanti
NCAA SEC,7,461680102409760768,kodakjack
NCAA SEC,8,970737030692937728,Stumpy44
NCAA SEC,9,1136057205582667776,Neilsondug
NCAA SUN BELT,1,751973682779508736,bruceble
NCAA SUN BELT,10,441330448283463680,Fr3shBC11
NCAA SUN BELT,11,1235453121577111552,Resolhjk
NCAA SUN BELT,12,465297932204109824,utsa
NCAA SUN BELT,2,873461886535036928,Tommybuckets000
NCAA SUN BELT,3,739765296801390592,claym89
NCAA SUN BELT,4,447283305738399744,lucchityler
NCAA SUN BELT,5,546466738316963840,PackMan1212
NCAA SUN BELT,6,465019661495300096,Raidersforte
NCAA SUN BELT,7,547214728132608000,alphabeasttt
NCAA SUN BELT,8,441362521463451648,yoboihawks
NCAA SUN BELT,9,380128482900062208,denvermanning
NCAA USA,1,389658700735868928,dh671
NCAA USA,10,590358219562455040,Woolley69
NCAA USA,11,460257215329071104,bshouseman
NCAA USA,12,650627977721245696,BroncoZzz
NCAA USA,2,Orphan,Orphan
NCAA USA,3,599286882408394752,Botro
NCAA USA,4,692542511834558464,GRIDIRONGANG81
NCAA USA,5,866509840124641280,JustTouchdown1221
NCAA USA,6,560611777479667712,PatrickT21
NCAA USA,7,81535409754357760,arandrea
NCAA USA,8,605439246030925824,krichknowsbest
NCAA USA,9,787224085817044992,masshole4eva
NCAA WILD,1,457579310098673664,LanceBoneau
NCAA WILD,10,505166677990699008,olddominion2020
NCAA WILD,11,1228783119826423808,TheScorer
NCAA WILD,12,448446449538035712,DBGiants
NCAA WILD,2,545391514915762176,Hart123
NCAA WILD,3,441392312380026880,4thdownTD
NCAA WILD,4,635935003657723904,matthewitz
NCAA WILD,5,642578171354484736,FareedB
NCAA WILD,6,203496917160697856,ThomasHarris
NCAA WILD,7,1213324396148572161,mrflack
NCAA WILD,8,462714981117325312,lmkl
NCAA WILD,9,603083535368134656,MrBarryMcCockiner
