Year,LeagueID,LeagueName,RosterID,OwnerID,OwnerName,Division,DivisionName,Wins,Losses,PointsFor,PointsAgainst
2021,652823294856224768,NCAA PAC 12,1,4.374653139115008e+17,kfitch630,2,SOUTH,7,11,2129,2249
2021,652823294856224768,NCAA PAC 12,2,7.098571722588815e+17,KamaraGOAT41,2,SOUTH,10,8,2125,2136
2021,652823294856224768,NCAA PAC 12,3,4.70320542868566e+17,Dunebuggy619,1,NORTH,6,12,1845,2205
2021,652823294856224768,NCAA PAC 12,4,4.7766672366370406e+17,chzhead412,1,NORTH,8,10,2377,2325
2021,652823294856224768,NCAA PAC 12,5,6.199635702973522e+17,cooperthach,1,NORTH,11,7,2250,2100
2021,652823294856224768,NCAA PAC 12,6,3.3882313692338176e+17,samggannon,1,NORTH,11,7,2337,2172
2021,652823294856224768,NCAA PAC 12,7,5.97246797479469e+17,wrightc214,2,SOUTH,12,6,2567,2243
2021,652823294856224768,NCAA PAC 12,8,4.4931790609894195e+17,gerad,2,SOUTH,5,13,1751,2225
2021,652823294856224768,NCAA PAC 12,9,5.193900927882977e+17,ScottyW13,1,NORTH,7,11,2182,2377
2021,652823294856224768,NCAA PAC 12,10,5.346196626506015e+17,ImagineWiigons,1,NORTH,11,7,2344,2050
2021,652823294856224768,NCAA PAC 12,11,7.646024587845632e+16,seniormeow,2,SOUTH,11,7,2425,2219
2021,652823294856224768,NCAA PAC 12,12,4.508061825551524e+17,lmerkouSaints,2,SOUTH,9,9,2252,2284
2021,652823058658209792,NCAA ACC,1,5.717548798253957e+17,ChrisW21,2,COASTAL,6,12,1945,2503
2021,652823058658209792,NCAA ACC,2,5.681152669012869e+17,MattyBent,2,COASTAL,12,6,2558,2218
2021,652823058658209792,NCAA ACC,3,5.1966450859618714e+17,NewGOAT15,2,COASTAL,5,13,2149,2381
2021,652823058658209792,NCAA ACC,4,4.5583685150100275e+17,landonh12,2,COASTAL,16,2,2889,2037
2021,652823058658209792,NCAA ACC,5,4.686187204706263e+17,Yarby,1,ATLANTIC,7,11,2143,2284
2021,652823058658209792,NCAA ACC,6,4.634538003136471e+17,WhiskyScientist,1,ATLANTIC,7,11,2249,2342
2021,652823058658209792,NCAA ACC,7,4.536582850614354e+17,fatalbeast,2,COASTAL,11,7,2264,2295
2021,652823058658209792,NCAA ACC,8,4.561686040066089e+17,eperedetto,1,ATLANTIC,8,10,2071,2331
2021,652823058658209792,NCAA ACC,9,4.12321968218452e+17,B1GNate35,2,COASTAL,9,9,2040,2151
2021,652823058658209792,NCAA ACC,10,6.257179557071176e+17,superman14,1,ATLANTIC,9,9,2231,2271
2021,652823058658209792,NCAA ACC,11,4.5807082990993e+17,Campbell8,1,ATLANTIC,8,10,2297,2235
2021,652823058658209792,NCAA ACC,12,3.025755275568251e+17,dilbennett,1,ATLANTIC,10,8,2493,2279
2021,652822938654937088,NCAA BIG SKY,1,5.162661875716301e+17,PedroCal,2,Colonies,12,6,2414,2302
2021,652822938654937088,NCAA BIG SKY,2,4.3925513630960435e+17,PapaCrowther,2,Colonies,15,3,2665,2050
2021,652822938654937088,NCAA BIG SKY,3,4.4932725310121165e+17,Beastchewy15,2,Colonies,6,12,2052,2313
2021,652822938654937088,NCAA BIG SKY,4,5.194392763115315e+17,Elestial,1,Frontier,7,11,2154,2393
2021,652822938654937088,NCAA BIG SKY,5,4.612735167595766e+17,Julian1993,2,Colonies,11,7,2635,2482
2021,652822938654937088,NCAA BIG SKY,6,4.247935114312622e+17,Elwayluva7,1,Frontier,9,9,2406,2332
2021,652822938654937088,NCAA BIG SKY,7,7.88925319703593e+16,fballfreek80,2,Colonies,9,9,2508,2526
2021,652822938654937088,NCAA BIG SKY,8,4.374138030013768e+17,Vitus,1,Frontier,3,15,2019,2457
2021,652822938654937088,NCAA BIG SKY,9,4.486412923777802e+17,Pinky7373,1,Frontier,6,12,2098,2436
2021,652822938654937088,NCAA BIG SKY,10,4.5002300445844685e+17,DaLegend,2,Colonies,11,7,2443,2398
2021,652822938654937088,NCAA BIG SKY,11,6.043889628988662e+17,mgrant55,1,Frontier,8,10,2292,2314
2021,652822938654937088,NCAA BIG SKY,12,5.1976712659532595e+17,mssullivan2022,1,Frontier,11,7,2593,2277
2021,652822871495749632,NCAA BIG 12,1,4.4653048690323866e+17,BigSexy3422,1,HEAT,4,14,1825,2443
2021,652822871495749632,NCAA BIG 12,2,6.677523731118244e+17,trev7293,2,WIND,10,7,2200,2247
2021,652822871495749632,NCAA BIG 12,3,4.685015247214305e+17,agupta03,2,WIND,10,7,2261,2185
2021,652822871495749632,NCAA BIG 12,4,4.253621142914376e+17,deadheadshane,1,HEAT,12,6,2751,2214
2021,652822871495749632,NCAA BIG 12,5,4.641177430424248e+17,robertlouis7,1,HEAT,13,5,2621,2314
2021,652822871495749632,NCAA BIG 12,6,3.359101604698808e+17,elianbruger,1,HEAT,10,8,2325,2267
2021,652822871495749632,NCAA BIG 12,7,4.253860653736919e+17,Frankeen,2,WIND,2,16,1431,2162
2021,652822871495749632,NCAA BIG 12,8,5.4392928496277094e+17,alicho,1,HEAT,11,7,2672,2402
2021,652822871495749632,NCAA BIG 12,9,4.5371106384674406e+17,rchau56,2,WIND,14,4,2973,2303
2021,652822871495749632,NCAA BIG 12,10,4.6051871490781594e+17,linkoftime1,2,WIND,2,16,1704,2373
2021,652822871495749632,NCAA BIG 12,11,6.191900049791386e+17,CousinMose15,1,HEAT,8,10,2219,2327
2021,652822871495749632,NCAA BIG 12,12,4.46397791615316e+17,FancyLlama,2,WIND,11,7,2319,2065
2021,652822788075229184,NCAA USA,1,3.896587007358689e+17,dh671,2,TWISTER,7,11,2243,2317
2021,652822788075229184,NCAA USA,2,4.646258361929523e+17,brooksy33,1,GULF,7,11,2362,2447
2021,652822788075229184,NCAA USA,3,8.952807019710054e+16,DapperDave89,2,TWISTER,9,9,2357,2302
2021,652822788075229184,NCAA USA,4,3.326015962339287e+17,cschaller20,1,GULF,8,10,2129,2245
2021,652822788075229184,NCAA USA,5,6.512130882588836e+17,choov323,2,TWISTER,6,12,1918,2210
2021,652822788075229184,NCAA USA,6,5.606117774796677e+17,PatrickT21,2,TWISTER,6,12,2384,2461
2021,652822788075229184,NCAA USA,7,6.518573226452419e+17,ridinroundinarover,2,TWISTER,7,11,2030,2247
2021,652822788075229184,NCAA USA,8,6.054392460309258e+17,krichknowsbest,2,TWISTER,13,5,2466,2176
2021,652822788075229184,NCAA USA,9,6.453156080738058e+17,CantguardTW,1,GULF,13,5,2692,2343
2021,652822788075229184,NCAA USA,10,5.90358219562455e+17,woolba,1,GULF,13,5,2917,2500
2021,652822788075229184,NCAA USA,11,7.327639888484106e+17,ajisgoated,1,GULF,13,5,2464,2459
2021,652822788075229184,NCAA USA,12,6.506279777212457e+17,BroncoZzz,1,GULF,6,12,2150,2405
2021,652822724795764736,NCAA BIG EAST & CO.,1,6.062879744596009e+17,NoOneInSite,2,NORTHEAST,11,7,2340,2276
2021,652822724795764736,NCAA BIG EAST & CO.,2,3.8965608548664934e+17,UrTrash,2,NORTHEAST,9,9,2337,2314
2021,652822724795764736,NCAA BIG EAST & CO.,3,3.330052574098473e+17,ikemendel,1,MIDEAST,11,7,2321,2269
2021,652822724795764736,NCAA BIG EAST & CO.,4,4.561291909959475e+17,vinceA762,1,MIDEAST,12,6,2575,2266
2021,652822724795764736,NCAA BIG EAST & CO.,5,5.269754886486016e+17,Potts15,2,NORTHEAST,3,15,1804,2387
2021,652822724795764736,NCAA BIG EAST & CO.,6,4.433234271435448e+17,joonbug,1,MIDEAST,8,10,2145,2289
2021,652822724795764736,NCAA BIG EAST & CO.,7,4.561593459068068e+17,CodeKhaos,2,NORTHEAST,11,7,2612,2075
2021,652822724795764736,NCAA BIG EAST & CO.,8,4.561672837613445e+17,Claser,2,NORTHEAST,15,3,2633,2007
2021,652822724795764736,NCAA BIG EAST & CO.,9,7.069549727843246e+17,TylerJudd1,1,MIDEAST,6,12,1889,2138
2021,652822724795764736,NCAA BIG EAST & CO.,10,3.388586843586232e+17,Psyclone,1,MIDEAST,7,11,2015,2173
2021,652822724795764736,NCAA BIG EAST & CO.,11,4.561822443362017e+17,Ianiners,2,NORTHEAST,9,9,2305,2317
2021,652822724795764736,NCAA BIG EAST & CO.,12,6.417408993357005e+16,ryno,1,MIDEAST,6,12,1961,2426
2021,652822666251710464,NCAA IVY,1,4.709125102627676e+17,FlynnD,1,RICH,13,5,2520,2167
2021,652822666251710464,NCAA IVY,2,,Unknown,2,SMART,11,7,2388,2274
2021,652822666251710464,NCAA IVY,3,4.8012407345669325e+17,Jrodr71,1,RICH,11,7,2393,2254
2021,652822666251710464,NCAA IVY,4,5.708039897834291e+17,alecgagnon2001,2,SMART,2,16,1639,2386
2021,652822666251710464,NCAA IVY,5,3.953212761026273e+17,ccassidy,1,RICH,4,14,2053,2450
2021,652822666251710464,NCAA IVY,6,5.0841525262135706e+17,ryanmchugh,2,SMART,11,7,2489,2244
2021,652822666251710464,NCAA IVY,7,4.639444499200696e+17,Spence24,1,RICH,6,12,2224,2235
2021,652822666251710464,NCAA IVY,8,4.616881925552824e+17,PhilupMynuts,2,SMART,9,9,2187,2221
2021,652822666251710464,NCAA IVY,9,4.6051871490781594e+17,linkoftime1,1,RICH,16,2,2828,2074
2021,652822666251710464,NCAA IVY,10,,Unknown,2,SMART,2,16,1395,2465
2021,652822666251710464,NCAA IVY,11,4.608950271790244e+17,jtheadrick98,1,RICH,12,6,2631,2180
2021,652822666251710464,NCAA IVY,12,4.645951478085673e+17,cobrapanther99,2,SMART,11,7,2322,2117
2021,652822592985579520,NCAA PIONEER,1,5.3336398648643584e+17,MattJB87,2,FREEDOM,15,3,2720,2165
2021,652822592985579520,NCAA PIONEER,2,6.047559177156076e+17,plazzmarc,1,PATRIOT,1,17,1692,2469
2021,652822592985579520,NCAA PIONEER,3,4.5911034450201395e+17,MyFingerPoints,1,PATRIOT,7,11,2245,2304
2021,652822592985579520,NCAA PIONEER,4,5.194603024162038e+17,AccusedRanger97,2,FREEDOM,3,15,1788,2450
2021,652822592985579520,NCAA PIONEER,5,5.6168425389571686e+17,fwen,1,PATRIOT,10,8,1896,2001
2021,652822592985579520,NCAA PIONEER,6,4.557532617653576e+17,BDAVIS309,1,PATRIOT,9,9,2364,2407
2021,652822592985579520,NCAA PIONEER,7,4.753916373426463e+17,rgroban,2,FREEDOM,9,9,2229,2262
2021,652822592985579520,NCAA PIONEER,8,3.399312217672499e+17,CrownMeKing,2,FREEDOM,11,7,2579,2195
2021,652822592985579520,NCAA PIONEER,9,6.982068403281347e+17,ishaansethi,1,PATRIOT,8,10,2193,2133
2021,652822592985579520,NCAA PIONEER,10,4.6051871490781594e+17,linkoftime1,2,FREEDOM,10,8,2247,1995
2021,652822592985579520,NCAA PIONEER,11,5.201083772868936e+17,HPTexans,1,PATRIOT,8,10,1945,2211
2021,652822592985579520,NCAA PIONEER,12,5.196752978387804e+17,willsingle05,2,FREEDOM,17,1,2760,2065
2021,652822508415823872,NCAA WILD,1,4.5757931009867366e+17,LanceBoneau,1,PLAINS,16,2,2740,2020
2021,652822508415823872,NCAA WILD,2,6.356868511176704e+17,WillAllen,2,VALLEY,8,10,2274,2314
2021,652822508415823872,NCAA WILD,3,4.413923123800269e+17,4thdownTD,1,PLAINS,13,5,2799,2337
2021,652822508415823872,NCAA WILD,4,6.359350036577239e+17,matthewitz,2,VALLEY,13,5,2441,2093
2021,652822508415823872,NCAA WILD,5,6.425781713544847e+17,FareedB,1,PLAINS,6,12,1989,2442
2021,652822508415823872,NCAA WILD,6,2.0349691716069786e+17,ThomasHarris,2,VALLEY,1,17,1684,2369
2021,652822508415823872,NCAA WILD,7,5.616742552160461e+17,SlatonDa3rd,1,PLAINS,3,15,1431,2229
2021,652822508415823872,NCAA WILD,8,4.627149811173253e+17,Buckeyefan5184,2,VALLEY,11,7,2619,2245
2021,652822508415823872,NCAA WILD,9,6.030835353681347e+17,MrBarryMcCockiner,1,PLAINS,6,12,2082,2299
2021,652822508415823872,NCAA WILD,10,5.05166677990699e+17,olddominion2020,2,VALLEY,11,7,2336,2259
2021,652822508415823872,NCAA WILD,11,4.3474039397259264e+17,Squinto,1,PLAINS,10,8,2281,2244
2021,652822508415823872,NCAA WILD,12,4.6051871490781594e+17,linkoftime1,2,VALLEY,10,8,2359,2185
2021,652822437578215424,NCAA SUN BELT,1,4.297338106119496e+17,Piglet10,2,REBEL,10,8,2011,2163
2021,652822437578215424,NCAA SUN BELT,2,4.5865090474101555e+17,CRicks3,2,REBEL,15,3,2533,2136
2021,652822437578215424,NCAA SUN BELT,3,4.819570456673608e+17,Prestongee17,1,BIBLE,11,7,2787,2231
2021,652822437578215424,NCAA SUN BELT,4,4.4728330573839974e+17,Lucchityler,2,REBEL,10,8,2291,2086
2021,652822437578215424,NCAA SUN BELT,5,5.4646673831696384e+17,PackMan1212,1,BIBLE,6,12,1663,2256
2021,652822437578215424,NCAA SUN BELT,6,4.650196614953001e+17,Raidersforte,2,REBEL,7,11,2130,2239
2021,652822437578215424,NCAA SUN BELT,7,5.47214728132608e+17,ericdas12,1,BIBLE,8,10,2058,2235
2021,652822437578215424,NCAA SUN BELT,8,4.4136252146345165e+17,yoboihawks,2,REBEL,10,8,2449,2168
2021,652822437578215424,NCAA SUN BELT,9,4.6051871490781594e+17,linkoftime1,1,BIBLE,4,14,1698,2340
2021,652822437578215424,NCAA SUN BELT,10,4.413304482834637e+17,Fr3shBC11,1,BIBLE,13,5,2502,2174
2021,652822437578215424,NCAA SUN BELT,11,4.6168132986024346e+17,ryanfried2,1,BIBLE,10,8,2223,2020
2021,652822437578215424,NCAA SUN BELT,12,4.652979322041098e+17,utsa,2,REBEL,4,14,1884,2182
2021,652822356867264512,NCAA SEC,1,4.414581523915694e+17,andcousinsissacked,1,EAST,10,8,2166,2119
2021,652822356867264512,NCAA SEC,2,4.3775217174052454e+17,menacesober,2,WEST,10,8,2211,2222
2021,652822356867264512,NCAA SEC,3,4.5795704553497805e+17,ChadLowe,1,EAST,5,13,1955,2239
2021,652822356867264512,NCAA SEC,4,4.4652453581081395e+17,ahhchainsaw,2,WEST,11,7,2389,2369
2021,652822356867264512,NCAA SEC,5,5.620323718249513e+17,ryank45,2,WEST,11,7,2470,2224
2021,652822356867264512,NCAA SEC,6,5.1055645556279296e+17,thatmansanti,2,WEST,10,8,2573,2186
2021,652822356867264512,NCAA SEC,7,4.616801024097608e+17,kodakjack,1,EAST,7,11,1918,2055
2021,652822356867264512,NCAA SEC,8,7.497079091428024e+17,BeefTrapeze,1,EAST,9,9,2192,2330
2021,652822356867264512,NCAA SEC,9,5.0363984536980275e+17,gregorybly,1,EAST,10,8,2140,2223
2021,652822356867264512,NCAA SEC,10,6.416956347720253e+17,TimothyMartinFF,1,EAST,13,5,2399,1977
2021,652822356867264512,NCAA SEC,11,5.6028488062069965e+17,devbovino,2,WEST,4,14,1872,2288
2021,652822356867264512,NCAA SEC,12,4.45468333035221e+17,JosephMarin07,2,WEST,8,10,2231,2283
2021,652822293206081536,NCAA MOUNTAIN WEST,1,6.2659698234513e+17,dukiev99,1,SAINT,11,7,2271,2020
2021,652822293206081536,NCAA MOUNTAIN WEST,2,4.6310651010114765e+17,bucketmikal14,2,SIN,7,11,2096,2315
2021,652822293206081536,NCAA MOUNTAIN WEST,3,4.630575200893624e+17,ryanl17,1,SAINT,6,12,1998,2281
2021,652822293206081536,NCAA MOUNTAIN WEST,4,5.717674107089019e+17,Kyvend01,2,SIN,9,9,2017,2026
2021,652822293206081536,NCAA MOUNTAIN WEST,5,6.096054146858598e+17,KingWapo,1,SAINT,11,7,2198,1947
2021,652822293206081536,NCAA MOUNTAIN WEST,6,4.8244868402642534e+17,Avery33,2,SIN,7,11,1861,2158
2021,652822293206081536,NCAA MOUNTAIN WEST,7,5.194603024162038e+17,AccusedRanger97,1,SAINT,3,15,1663,2078
2021,652822293206081536,NCAA MOUNTAIN WEST,8,3.257269139663954e+17,bkoldham,2,SIN,14,4,2252,1909
2021,652822293206081536,NCAA MOUNTAIN WEST,9,4.6051871490781594e+17,linkoftime1,1,SAINT,10,8,2294,2192
2021,652822293206081536,NCAA MOUNTAIN WEST,10,4.6177232611180134e+17,Chang,2,SIN,10,8,2309,2192
2021,652822293206081536,NCAA MOUNTAIN WEST,11,4.6811681300414054e+17,ZMATH11,1,SAINT,11,7,2193,2017
2021,652822293206081536,NCAA MOUNTAIN WEST,12,3.222052963090514e+17,TBLowery58,2,SIN,9,9,2373,2391
2021,652822152327815168,NCAA HISTORICALLY BLACK,1,4.714271941328855e+17,PhantomXX,2,Hurricane,6,12,1897,2316
2021,652822152327815168,NCAA HISTORICALLY BLACK,2,3.032813795530588e+17,ImRickJames,1,Mississippi River,4,14,1842,2179
2021,652822152327815168,NCAA HISTORICALLY BLACK,3,6.400523033779528e+17,lcummings,2,Hurricane,6,12,2196,2319
2021,652822152327815168,NCAA HISTORICALLY BLACK,4,6.400864138612941e+17,csmith1222,1,Mississippi River,10,8,2430,2437
2021,652822152327815168,NCAA HISTORICALLY BLACK,5,5.196569084287918e+17,tpearson2222,2,Hurricane,7,11,1877,2012
2021,652822152327815168,NCAA HISTORICALLY BLACK,6,6.921688408214118e+17,DeanFalcon,2,Hurricane,11,7,2256,2260
2021,652822152327815168,NCAA HISTORICALLY BLACK,7,5.1972806797818675e+17,StrikerS091,1,Mississippi River,9,9,2152,2136
2021,652822152327815168,NCAA HISTORICALLY BLACK,8,4.678350451811246e+17,wblack2012,1,Mississippi River,8,10,2055,2275
2021,652822152327815168,NCAA HISTORICALLY BLACK,9,6.318939341838828e+17,aaronlaw,2,Hurricane,12,6,2659,2212
2021,652822152327815168,NCAA HISTORICALLY BLACK,10,6.942332558257193e+17,bb7661KING,2,Hurricane,15,3,2714,2107
2021,652822152327815168,NCAA HISTORICALLY BLACK,11,3.276144830002176e+17,Jerryb83,1,Mississippi River,7,11,2217,2279
2021,652822152327815168,NCAA HISTORICALLY BLACK,12,4.6051871490781594e+17,linkoftime1,1,Mississippi River,13,5,2344,2107
2021,652821876346810368,NCAA BIG 10,1,3.406000269569065e+17,CanadaGoose0505,1,EAST,11,7,2804,2335
2021,652821876346810368,NCAA BIG 10,2,4.3817817054222336e+17,EthanH,2,WEST,11,7,2437,2268
2021,652821876346810368,NCAA BIG 10,3,4.565503913754583e+17,Clamonte,2,WEST,5,13,2164,2246
2021,652821876346810368,NCAA BIG 10,4,5.193893800474583e+17,URTOASTS,1,EAST,5,13,1814,2266
2021,652821876346810368,NCAA BIG 10,5,4.591904617062687e+17,jreilly,1,EAST,13,5,2737,2397
2021,652821876346810368,NCAA BIG 10,6,4.605112675645481e+17,laxbro000,2,WEST,13,5,2561,2249
2021,652821876346810368,NCAA BIG 10,7,4.6051871490781594e+17,linkoftime1,2,WEST,11,7,2549,2409
2021,652821876346810368,NCAA BIG 10,8,5.1969466654600806e+17,eseromo760,1,EAST,10,8,2157,2151
2021,652821876346810368,NCAA BIG 10,9,5.5920865342767514e+17,DavidAshley,1,EAST,11,7,2380,2182
2021,652821876346810368,NCAA BIG 10,10,4.5922578873502515e+17,richardson98,2,WEST,6,12,1998,2446
2021,652821876346810368,NCAA BIG 10,11,3.889196212452106e+17,SpinachAssasin,2,WEST,11,7,2647,2190
2021,652821876346810368,NCAA BIG 10,12,4.4387018385391206e+17,chrispychicken,1,EAST,1,17,1261,2371
2021,644097339790827520,NCAA OHIO VALLEY,1,5.7175367742897766e+17,Mistafyer,2,Southern,8,10,2136,2192
2021,644097339790827520,NCAA OHIO VALLEY,2,6.011988011972608e+17,LMarkiewicz04,2,Southern,6,12,1968,2246
2021,644097339790827520,NCAA OHIO VALLEY,3,4.689446451669852e+17,srcav,2,Southern,13,5,2836,2225
2021,644097339790827520,NCAA OHIO VALLEY,4,4.728799696644956e+17,ethansherwood22,2,Southern,13,5,2627,2361
2021,644097339790827520,NCAA OHIO VALLEY,5,4.746620413411287e+17,Dreev,1,Yankee,8,10,2417,2228
2021,644097339790827520,NCAA OHIO VALLEY,6,3.31558449374593e+17,leathershoe4,2,Southern,8,10,2141,2358
2021,644097339790827520,NCAA OHIO VALLEY,7,6.35700695584043e+17,charlielol,1,Yankee,8,10,2350,2412
2021,644097339790827520,NCAA OHIO VALLEY,8,6.976881376351027e+16,ThongBonerstorm,1,Yankee,7,11,2197,2471
2021,644097339790827520,NCAA OHIO VALLEY,9,3.476834643987497e+17,ducttapeit,1,Yankee,12,6,2213,2088
2021,644097339790827520,NCAA OHIO VALLEY,10,5.942421288512963e+17,kevinedge,1,Yankee,5,13,2119,2610
2021,644097339790827520,NCAA OHIO VALLEY,11,6.381935648068977e+17,Romantryert,1,Yankee,13,5,2615,2416
2021,644097339790827520,NCAA OHIO VALLEY,12,3.276893649161462e+17,McNaga,2,Southern,7,11,2208,2218
2022,787469647648763904,NCAA MOUNTAIN WEST,1,5.968357238610821e+17,RicochetRay,1,SAINT,14,4,2770,2323
2022,787469647648763904,NCAA MOUNTAIN WEST,2,4.6310651010114765e+17,jmdorsey00,2,SIN,10,8,2418,2098
2022,787469647648763904,NCAA MOUNTAIN WEST,3,5.606261558338765e+17,HonoredMexican,1,SAINT,14,4,2606,2089
2022,787469647648763904,NCAA MOUNTAIN WEST,4,5.717674107089019e+17,Kyvend01,2,SIN,10,8,2567,2329
2022,787469647648763904,NCAA MOUNTAIN WEST,5,7.573507713008804e+17,Thomash2442,1,SAINT,11,7,2275,2242
2022,787469647648763904,NCAA MOUNTAIN WEST,6,4.8244868402642534e+17,Avery33,2,SIN,2,16,1633,2289
2022,787469647648763904,NCAA MOUNTAIN WEST,7,4.67489585379668e+17,loganhall17,1,SAINT,3,15,1632,2359
2022,787469647648763904,NCAA MOUNTAIN WEST,8,3.257269139663954e+17,bkoldham,2,SIN,11,7,2309,2200
2022,787469647648763904,NCAA MOUNTAIN WEST,9,5.890019743184036e+17,Mrhawke19,1,SAINT,10,8,2393,2320
2022,787469647648763904,NCAA MOUNTAIN WEST,10,8.14354227357909e+17,Twistedmentat,2,SIN,6,12,1969,2218
2022,787469647648763904,NCAA MOUNTAIN WEST,11,,Unknown,1,SAINT,8,10,2012,2140
2022,787469647648763904,NCAA MOUNTAIN WEST,12,4.445900650462536e+17,reedymang,2,SIN,9,9,2276,2252
2022,787469620847190016,NCAA BIG EAST & CO.,1,7.465533778188411e+17,DELETED-boW6VP286Lk3,2,NORTHEAST,10,8,2216,2191
2022,787469620847190016,NCAA BIG EAST & CO.,2,3.8965608548664934e+17,UrTrash,2,NORTHEAST,9,9,2206,2178
2022,787469620847190016,NCAA BIG EAST & CO.,3,3.330052574098473e+17,ikemendel,1,MIDEAST,7,11,2029,2324
2022,787469620847190016,NCAA BIG EAST & CO.,4,4.561291909959475e+17,vinceA762,1,MIDEAST,6,12,1987,2228
2022,787469620847190016,NCAA BIG EAST & CO.,5,8.360252257569341e+17,ngregg38,2,NORTHEAST,0,18,1627,2245
2022,787469620847190016,NCAA BIG EAST & CO.,6,4.433234271435448e+17,joonbug,1,MIDEAST,10,8,2318,2168
2022,787469620847190016,NCAA BIG EAST & CO.,7,4.561593459068068e+17,CodeKhaos,2,NORTHEAST,12,6,2652,2340
2022,787469620847190016,NCAA BIG EAST & CO.,8,4.561672837613445e+17,Claser,2,NORTHEAST,14,4,2716,2198
2022,787469620847190016,NCAA BIG EAST & CO.,9,8.024804224822067e+17,POLOONTOP,1,MIDEAST,7,11,1962,2165
2022,787469620847190016,NCAA BIG EAST & CO.,10,3.388586843586232e+17,Psyclone,1,MIDEAST,9,9,2241,2286
2022,787469620847190016,NCAA BIG EAST & CO.,11,4.561822443362017e+17,Ianiners,2,NORTHEAST,13,5,2519,2270
2022,787469620847190016,NCAA BIG EAST & CO.,12,6.417408993357005e+16,ryno,1,MIDEAST,11,7,2326,2206
2022,787469585417945088,NCAA OHIO VALLEY,1,5.7175367742897766e+17,Mistafyer,2,Southern,8,10,2068,2377
2022,787469585417945088,NCAA OHIO VALLEY,2,6.011988011972608e+17,LMarkiewicz04,2,Southern,14,4,2838,2122
2022,787469585417945088,NCAA OHIO VALLEY,3,4.689446451669852e+17,srcav,2,Southern,10,8,2536,2289
2022,787469585417945088,NCAA OHIO VALLEY,4,4.728799696644956e+17,ethansherwood22,2,Southern,7,11,1993,2163
2022,787469585417945088,NCAA OHIO VALLEY,5,4.746620413411287e+17,Dreev,1,Yankee,9,9,2053,1990
2022,787469585417945088,NCAA OHIO VALLEY,6,3.31558449374593e+17,leathershoe4,2,Southern,15,3,2800,2097
2022,787469585417945088,NCAA OHIO VALLEY,7,6.35700695584043e+17,charlielol,1,Yankee,9,9,2213,2150
2022,787469585417945088,NCAA OHIO VALLEY,8,6.976881376351027e+16,ThongBonerstorm,1,Yankee,10,8,2208,2330
2022,787469585417945088,NCAA OHIO VALLEY,9,3.476834643987497e+17,AlabamaBobbyCue,1,Yankee,5,13,1869,2349
2022,787469585417945088,NCAA OHIO VALLEY,10,5.942421288512963e+17,kevinedge,1,Yankee,9,9,2187,2181
2022,787469585417945088,NCAA OHIO VALLEY,11,6.381935648068977e+17,Romantryert,1,Yankee,10,8,2438,2354
2022,787469585417945088,NCAA OHIO VALLEY,12,3.276893649161462e+17,McNaga,2,Southern,2,16,1572,2375
2022,787469538403921920,NCAA HISTORICALLY BLACK,1,4.714271941328855e+17,PhantomXX,2,Hurricane,9,9,1943,2049
2022,787469538403921920,NCAA HISTORICALLY BLACK,2,,Unknown,1,Mississippi River,5,13,1739,2157
2022,787469538403921920,NCAA HISTORICALLY BLACK,3,6.400523033779528e+17,lcummings,2,Hurricane,11,7,2293,2010
2022,787469538403921920,NCAA HISTORICALLY BLACK,4,6.400864138612941e+17,csmith1222,1,Mississippi River,10,8,2365,2290
2022,787469538403921920,NCAA HISTORICALLY BLACK,5,5.196569084287918e+17,tpearson2222,2,Hurricane,10,8,2160,2410
2022,787469538403921920,NCAA HISTORICALLY BLACK,6,6.921688408214118e+17,DeanFalcon,2,Hurricane,10,8,2293,2111
2022,787469538403921920,NCAA HISTORICALLY BLACK,7,5.1972806797818675e+17,StrikerS091,1,Mississippi River,4,14,1697,2253
2022,787469538403921920,NCAA HISTORICALLY BLACK,8,4.678350451811246e+17,wblack2012,1,Mississippi River,10,8,2179,2055
2022,787469538403921920,NCAA HISTORICALLY BLACK,9,6.318939341838828e+17,aaronlaw,2,Hurricane,5,13,1927,2215
2022,787469538403921920,NCAA HISTORICALLY BLACK,10,6.942332558257193e+17,bb7661KING,2,Hurricane,13,5,2665,2161
2022,787469538403921920,NCAA HISTORICALLY BLACK,11,3.276144830002176e+17,Jerryb83,1,Mississippi River,11,7,2318,2107
2022,787469538403921920,NCAA HISTORICALLY BLACK,12,5.200883765573714e+17,scoobydaeaglemahomes,1,Mississippi River,10,8,2320,2082
2022,787469508792152064,NCAA WILD,1,4.5757931009867366e+17,LanceBoneau,1,PLAINS,11,7,2620,2256
2022,787469508792152064,NCAA WILD,2,6.356868511176704e+17,WillAllen,2,VALLEY,5,13,1932,2298
2022,787469508792152064,NCAA WILD,3,4.413923123800269e+17,4thdownTD,1,PLAINS,16,2,2776,2136
2022,787469508792152064,NCAA WILD,4,6.359350036577239e+17,matthewitz,2,VALLEY,13,5,2457,2261
2022,787469508792152064,NCAA WILD,5,6.425781713544847e+17,FareedB,1,PLAINS,7,11,2239,2266
2022,787469508792152064,NCAA WILD,6,2.0349691716069786e+17,ThomasHarris,2,VALLEY,2,16,1763,2336
2022,787469508792152064,NCAA WILD,7,6.034608012898632e+17,lumosityfan,1,PLAINS,7,11,1981,2348
2022,787469508792152064,NCAA WILD,8,4.627149811173253e+17,Buckeyefan5184,2,VALLEY,12,6,2469,2180
2022,787469508792152064,NCAA WILD,9,6.030835353681347e+17,MrBarryMcCockiner,1,PLAINS,9,9,1977,2070
2022,787469508792152064,NCAA WILD,10,5.05166677990699e+17,olddominion2020,2,VALLEY,12,6,2539,2255
2022,787469508792152064,NCAA WILD,11,4.3474039397259264e+17,Squinto,1,PLAINS,6,12,1806,2183
2022,787469508792152064,NCAA WILD,12,4.484464495380357e+17,DBGiants,2,VALLEY,8,10,2351,2322
2022,787469482338717696,NCAA PIONEER,1,5.3336398648643584e+17,MattJB87,2,FREEDOM,12,6,2568,2351
2022,787469482338717696,NCAA PIONEER,2,4.6863857340330394e+17,DownLoMoJo,1,PATRIOT,7,11,2097,2282
2022,787469482338717696,NCAA PIONEER,3,4.5911034450201395e+17,MyFingerPoints,1,PATRIOT,5,13,1975,2280
2022,787469482338717696,NCAA PIONEER,4,4.3935192512986726e+17,Daphud,2,FREEDOM,3,15,1482,2118
2022,787469482338717696,NCAA PIONEER,5,4.321647557093704e+17,EBurkhart,1,PATRIOT,13,5,2319,2273
2022,787469482338717696,NCAA PIONEER,6,4.557532617653576e+17,BDAVIS309,1,PATRIOT,9,9,2189,2305
2022,787469482338717696,NCAA PIONEER,7,3.988844136870011e+17,OrtizTheGod,2,FREEDOM,9,9,2304,2200
2022,787469482338717696,NCAA PIONEER,8,3.399312217672499e+17,CrownMeKing,2,FREEDOM,14,4,2590,2169
2022,787469482338717696,NCAA PIONEER,9,6.026870875562312e+17,DictatorBerry,1,PATRIOT,8,10,2117,2067
2022,787469482338717696,NCAA PIONEER,10,4.753857516855583e+17,Shemann20,2,FREEDOM,5,13,1875,2184
2022,787469482338717696,NCAA PIONEER,11,4.370420466335048e+17,TheDrapFather,1,PATRIOT,9,9,2410,2220
2022,787469482338717696,NCAA PIONEER,12,5.196752978387804e+17,willsingle05,2,FREEDOM,14,4,2654,2128
2022,787469399828365312,NCAA IVY,1,4.709125102627676e+17,FlynnD,1,RICH,12,6,2572,2254
2022,787469399828365312,NCAA IVY,2,4.6321270840203264e+17,Matthew12,2,SMART,6,12,2097,2265
2022,787469399828365312,NCAA IVY,3,4.8012407345669325e+17,Jrodr71,1,RICH,3,15,1945,2518
2022,787469399828365312,NCAA IVY,4,5.708039897834291e+17,alecgagnon2001,2,SMART,3,15,1813,2265
2022,787469399828365312,NCAA IVY,5,3.953212761026273e+17,ccassidy,1,RICH,12,6,2218,2131
2022,787469399828365312,NCAA IVY,6,5.0841525262135706e+17,ryanmchugh,2,SMART,14,4,2219,2035
2022,787469399828365312,NCAA IVY,7,8.265712922401096e+17,KamaraMinute,1,RICH,9,9,2316,2371
2022,787469399828365312,NCAA IVY,8,4.616881925552824e+17,PhilupMynuts,2,SMART,7,11,2149,2146
2022,787469399828365312,NCAA IVY,9,4.465194311960453e+17,MarBra24,1,RICH,11,7,2404,2146
2022,787469399828365312,NCAA IVY,10,5.878677015951196e+17,BlackBOI93,2,SMART,9,9,2046,2023
2022,787469399828365312,NCAA IVY,11,4.608950271790244e+17,jtheadrick98,1,RICH,9,9,2419,2275
2022,787469399828365312,NCAA IVY,12,4.645951478085673e+17,cobrapanther99,2,SMART,13,5,2436,2205
2022,787469368543035392,NCAA USA,1,3.896587007358689e+17,dh671,2,TWISTER,9,9,2165,2296
2022,787469368543035392,NCAA USA,2,4.646258361929523e+17,brooksy33,1,GULF,12,6,2310,2199
2022,787469368543035392,NCAA USA,3,8.952807019710054e+16,DapperDave89,2,TWISTER,6,12,2178,2363
2022,787469368543035392,NCAA USA,4,6.925425118345585e+17,GRIDIRONGANG81,1,GULF,7,11,1924,2053
2022,787469368543035392,NCAA USA,5,7.201076531870474e+17,averageffplayer,2,TWISTER,2,16,1467,1989
2022,787469368543035392,NCAA USA,6,5.606117774796677e+17,PatrickT21,2,TWISTER,11,7,2328,2099
2022,787469368543035392,NCAA USA,7,6.518573226452419e+17,ridinroundinarover,2,TWISTER,7,11,1804,2150
2022,787469368543035392,NCAA USA,8,6.054392460309258e+17,krichknowsbest,2,TWISTER,11,7,2432,2233
2022,787469368543035392,NCAA USA,9,8.269002172940943e+17,JacksonGardner5,1,GULF,11,7,2357,2151
2022,787469368543035392,NCAA USA,10,5.90358219562455e+17,Woolley69,1,GULF,15,3,2746,2072
2022,787469368543035392,NCAA USA,11,7.25895632845357e+17,T0rey,1,GULF,8,10,2185,2253
2022,787469368543035392,NCAA USA,12,6.506279777212457e+17,BroncoZzz,1,GULF,9,9,2147,2186
2022,787428947523657728,NCAA BIG SKY,1,8.914254888774943e+17,AJ2319,2,Colonies,2,16,1460,2197
2022,787428947523657728,NCAA BIG SKY,2,4.3925513630960435e+17,PapaCrowther,2,Colonies,11,7,2164,2209
2022,787428947523657728,NCAA BIG SKY,3,4.4932725310121165e+17,Beastchewy15,2,Colonies,8,10,2211,2237
2022,787428947523657728,NCAA BIG SKY,4,5.194392763115315e+17,Elestial,1,Frontier,10,8,2630,2395
2022,787428947523657728,NCAA BIG SKY,5,4.659345196528394e+17,agrakush,2,Colonies,9,9,2182,2258
2022,787428947523657728,NCAA BIG SKY,6,4.247935114312622e+17,Elwayluva7,1,Frontier,10,8,2497,2225
2022,787428947523657728,NCAA BIG SKY,7,7.88925319703593e+16,fballfreek80,2,Colonies,13,5,2334,2131
2022,787428947523657728,NCAA BIG SKY,8,4.374138030013768e+17,Vitus,1,Frontier,13,5,2459,2098
2022,787428947523657728,NCAA BIG SKY,9,4.486412923777802e+17,Pinky7373,1,Frontier,5,13,1894,2306
2022,787428947523657728,NCAA BIG SKY,10,4.5002300445844685e+17,DaLegend,2,Colonies,6,12,2248,2359
2022,787428947523657728,NCAA BIG SKY,11,6.043889628988662e+17,mgrant55,1,Frontier,9,9,2195,2308
2022,787428947523657728,NCAA BIG SKY,12,5.1976712659532595e+17,mssullivan2022,1,Frontier,12,6,2626,2178
2022,787428905404465152,NCAA SUN BELT,1,4.297338106119496e+17,Piglet10,2,REBEL,2,16,1585,2149
2022,787428905404465152,NCAA SUN BELT,2,4.5865090474101555e+17,CRicks3,2,REBEL,12,6,2474,2348
2022,787428905404465152,NCAA SUN BELT,3,4.819570456673608e+17,Prestongee17,1,BIBLE,14,4,2550,2236
2022,787428905404465152,NCAA SUN BELT,4,4.4728330573839974e+17,Lucchityler,2,REBEL,7,11,2318,2211
2022,787428905404465152,NCAA SUN BELT,5,5.4646673831696384e+17,PackMan1212,1,BIBLE,3,15,1686,2385
2022,787428905404465152,NCAA SUN BELT,6,4.650196614953001e+17,Raidersforte,2,REBEL,7,11,2190,2252
2022,787428905404465152,NCAA SUN BELT,7,5.47214728132608e+17,alphabeasttt,1,BIBLE,13,5,2463,2189
2022,787428905404465152,NCAA SUN BELT,8,4.4136252146345165e+17,yoboihawks,2,REBEL,14,4,2773,2011
2022,787428905404465152,NCAA SUN BELT,9,3.801284829000622e+17,denvermanning,1,BIBLE,3,15,1607,2319
2022,787428905404465152,NCAA SUN BELT,10,4.413304482834637e+17,Fr3shBC11,1,BIBLE,13,5,2640,2162
2022,787428905404465152,NCAA SUN BELT,11,4.6168132986024346e+17,ryanfried2,1,BIBLE,11,7,2212,2068
2022,787428905404465152,NCAA SUN BELT,12,4.652979322041098e+17,utsa,2,REBEL,9,9,2027,2194
2022,787428859766263808,NCAA SEC,1,4.414581523915694e+17,andcousinsissacked,1,EAST,8,10,2020,2150
2022,787428859766263808,NCAA SEC,2,6.920386790776504e+17,Dillydilly02,2,WEST,10,8,2269,2294
2022,787428859766263808,NCAA SEC,3,4.5795704553497805e+17,ChadLowe,1,EAST,7,11,1996,2221
2022,787428859766263808,NCAA SEC,4,4.4652453581081395e+17,ahhchainsaw,2,WEST,13,5,2839,2164
2022,787428859766263808,NCAA SEC,5,5.620323718249513e+17,ryank45,2,WEST,14,4,2628,2108
2022,787428859766263808,NCAA SEC,6,5.1055645556279296e+17,thatmansanti,2,WEST,11,7,2437,2085
2022,787428859766263808,NCAA SEC,7,4.616801024097608e+17,kodakjack,1,EAST,8,10,1978,2128
2022,787428859766263808,NCAA SEC,8,7.497079091428024e+17,BeefTrapeze,1,EAST,5,13,1799,2080
2022,787428859766263808,NCAA SEC,9,5.0363984536980275e+17,gregorybly,1,EAST,11,7,2359,2172
2022,787428859766263808,NCAA SEC,10,5.1048300078401536e+17,Christian4,1,EAST,6,12,1900,2161
2022,787428859766263808,NCAA SEC,11,5.6028488062069965e+17,devbovino,2,WEST,10,8,1922,2112
2022,787428859766263808,NCAA SEC,12,4.45468333035221e+17,JosephMarin07,2,WEST,5,13,1726,2199
2022,787428826962571264,NCAA BIG 12,1,4.4653048690323866e+17,BigSexy3422,1,HEAT,14,4,2488,2289
2022,787428826962571264,NCAA BIG 12,2,6.677523731118244e+17,trev7293,2,WIND,13,5,2559,2131
2022,787428826962571264,NCAA BIG 12,3,5.335410563524813e+17,DavidJimm,2,WIND,6,12,2005,2270
2022,787428826962571264,NCAA BIG 12,4,4.253621142914376e+17,deadheadshane,1,HEAT,11,7,2496,2215
2022,787428826962571264,NCAA BIG 12,5,4.641177430424248e+17,robertlouis7,1,HEAT,7,11,2230,2353
2022,787428826962571264,NCAA BIG 12,6,3.359101604698808e+17,elianbruger,1,HEAT,12,6,2426,2047
2022,787428826962571264,NCAA BIG 12,7,4.253860653736919e+17,Frankeen,2,WIND,7,11,2103,2219
2022,787428826962571264,NCAA BIG 12,8,5.4392928496277094e+17,alicho,1,HEAT,9,9,2554,2329
2022,787428826962571264,NCAA BIG 12,9,4.5371106384674406e+17,rchau56,2,WIND,12,6,2254,2128
2022,787428826962571264,NCAA BIG 12,10,4.532300061815562e+17,Samara,2,WIND,4,14,1646,2231
2022,787428826962571264,NCAA BIG 12,11,6.191900049791386e+17,CousinMose15,1,HEAT,10,8,2366,2315
2022,787428826962571264,NCAA BIG 12,12,4.46397791615316e+17,FancyLlama,2,WIND,3,15,1601,2202
2022,787122703772614656,NCAA ACC,1,5.717548798253957e+17,ChrisW21,2,COASTAL,5,13,1850,2303
2022,787122703772614656,NCAA ACC,2,5.681152669012869e+17,MattyBent,2,COASTAL,13,5,2244,1993
2022,787122703772614656,NCAA ACC,3,4.686276409457336e+17,tylerjreese,2,COASTAL,8,10,2126,2313
2022,787122703772614656,NCAA ACC,4,4.5583685150100275e+17,landonh12,2,COASTAL,8,10,2384,2335
2022,787122703772614656,NCAA ACC,5,4.686187204706263e+17,Yarby,1,ATLANTIC,10,8,2224,2195
2022,787122703772614656,NCAA ACC,6,4.634538003136471e+17,WhiskyScientist,1,ATLANTIC,12,6,2221,2049
2022,787122703772614656,NCAA ACC,7,4.536582850614354e+17,fatalbeast,2,COASTAL,9,9,2339,2230
2022,787122703772614656,NCAA ACC,8,4.561686040066089e+17,eperedetto,1,ATLANTIC,8,10,2266,2354
2022,787122703772614656,NCAA ACC,9,4.12321968218452e+17,B1GNate35,2,COASTAL,5,13,1991,2106
2022,787122703772614656,NCAA ACC,10,7.131896766090035e+17,LetsGooooo365,1,ATLANTIC,4,14,1633,2295
2022,787122703772614656,NCAA ACC,11,4.5807082990993e+17,Campbell8,1,ATLANTIC,11,7,2380,2223
2022,787122703772614656,NCAA ACC,12,3.025755275568251e+17,dilbennett,1,ATLANTIC,15,3,2992,2254
2022,787122632301649920,NCAA PAC 12,1,4.374653139115008e+17,kfitch630,2,SOUTH,4,14,1424,2382
2022,787122632301649920,NCAA PAC 12,2,7.098571722588815e+17,KamaraGOAT41,2,SOUTH,14,4,2560,2100
2022,787122632301649920,NCAA PAC 12,3,4.70320542868566e+17,Dunebuggy619,1,NORTH,8,10,1974,2175
2022,787122632301649920,NCAA PAC 12,4,4.7766672366370406e+17,chzhead412,1,NORTH,7,11,2148,2110
2022,787122632301649920,NCAA PAC 12,5,6.199635702973522e+17,cooperthach,1,NORTH,9,9,1902,2181
2022,787122632301649920,NCAA PAC 12,6,3.3882313692338176e+17,samggannon,1,NORTH,6,12,2040,2332
2022,787122632301649920,NCAA PAC 12,7,5.97246797479469e+17,wrightc214,2,SOUTH,15,3,3079,2133
2022,787122632301649920,NCAA PAC 12,8,6.119684101794243e+17,OlHorndog,2,SOUTH,3,15,1648,2197
2022,787122632301649920,NCAA PAC 12,9,5.193900927882977e+17,ScottyW13,1,NORTH,7,11,2030,2295
2022,787122632301649920,NCAA PAC 12,10,5.346196626506015e+17,ImagineWiigons,1,NORTH,12,6,2599,2189
2022,787122632301649920,NCAA PAC 12,11,7.646024587845632e+16,seniormeow,2,SOUTH,13,5,2601,1979
2022,787122632301649920,NCAA PAC 12,12,4.508061825551524e+17,lmerkouSaints,2,SOUTH,10,8,2318,2251
2022,787122556279885824,NCAA BIG 10,1,3.406000269569065e+17,Mation05,1,EAST,16,2,2847,2031
2022,787122556279885824,NCAA BIG 10,2,4.3817817054222336e+17,EthanH,2,WEST,6,12,1529,2157
2022,787122556279885824,NCAA BIG 10,3,4.565503913754583e+17,Clamonte,2,WEST,7,11,2091,2230
2022,787122556279885824,NCAA BIG 10,4,7.34978696263381e+17,SausageKing27,1,EAST,4,14,1608,2158
2022,787122556279885824,NCAA BIG 10,5,4.591904617062687e+17,jreilly,1,EAST,9,9,2293,2192
2022,787122556279885824,NCAA BIG 10,6,4.605112675645481e+17,laxbro000,2,WEST,10,8,2381,2338
2022,787122556279885824,NCAA BIG 10,7,4.6051871490781594e+17,linkoftime1,2,WEST,14,4,2503,2165
2022,787122556279885824,NCAA BIG 10,8,5.1969466654600806e+17,eseromo760,1,EAST,9,9,2173,2200
2022,787122556279885824,NCAA BIG 10,9,5.5920865342767514e+17,Klashified,1,EAST,7,11,2293,2265
2022,787122556279885824,NCAA BIG 10,10,4.5922578873502515e+17,richardson98,2,WEST,2,16,1605,2374
2022,787122556279885824,NCAA BIG 10,11,3.889196212452106e+17,SpinachAssasin,2,WEST,12,6,2802,2201
2022,787122556279885824,NCAA BIG 10,12,4.4387018385391206e+17,chrispychicken,1,EAST,12,6,2228,2041
2023,921152489498468352,NCAA MOUNTAIN WEST,1,5.968357238610821e+17,RicochetRay,1,SAINT,14,4,2900,2282
2023,921152489498468352,NCAA MOUNTAIN WEST,2,4.6310651010114765e+17,jmdorsey00,2,SIN,12,6,2407,2120
2023,921152489498468352,NCAA MOUNTAIN WEST,3,5.606261558338765e+17,HonoredMexican,1,SAINT,7,11,2395,2502
2023,921152489498468352,NCAA MOUNTAIN WEST,4,5.717674107089019e+17,Kyvend01,2,SIN,12,6,2320,2166
2023,921152489498468352,NCAA MOUNTAIN WEST,5,8.382388936723497e+17,SleazeMcNair,1,SAINT,2,16,1497,2475
2023,921152489498468352,NCAA MOUNTAIN WEST,6,4.8244868402642534e+17,Avery33,2,SIN,6,12,1958,2113
2023,921152489498468352,NCAA MOUNTAIN WEST,7,4.67489585379668e+17,loganhall17,1,SAINT,10,8,2412,2247
2023,921152489498468352,NCAA MOUNTAIN WEST,8,3.257269139663954e+17,bkoldham,2,SIN,8,10,2203,2432
2023,921152489498468352,NCAA MOUNTAIN WEST,9,5.890019743184036e+17,Mrhawke19,1,SAINT,12,6,2435,2164
2023,921152489498468352,NCAA MOUNTAIN WEST,10,8.14354227357909e+17,Twistedmentat,2,SIN,9,9,2039,2256
2023,921152489498468352,NCAA MOUNTAIN WEST,11,7.028974035141591e+17,bdub3,1,SAINT,11,7,2597,2138
2023,921152489498468352,NCAA MOUNTAIN WEST,12,4.445900650462536e+17,reedymang,2,SIN,5,13,2039,2306
2023,921152450353090560,NCAA OHIO VALLEY,1,5.7175367742897766e+17,Mistafyer,2,Southern,8,10,2259,2260
2023,921152450353090560,NCAA OHIO VALLEY,2,6.011988011972608e+17,LMarkiewicz04,2,Southern,14,4,2734,2259
2023,921152450353090560,NCAA OHIO VALLEY,3,4.689446451669852e+17,srcav,2,Southern,15,3,2611,2191
2023,921152450353090560,NCAA OHIO VALLEY,4,4.728799696644956e+17,ethansherwood22,2,Southern,7,11,2079,2459
2023,921152450353090560,NCAA OHIO VALLEY,5,4.746620413411287e+17,Dreev,1,Yankee,7,11,2122,2357
2023,921152450353090560,NCAA OHIO VALLEY,6,3.31558449374593e+17,leathershoe4,2,Southern,12,6,2916,2423
2023,921152450353090560,NCAA OHIO VALLEY,7,6.35700695584043e+17,charlielol,1,Yankee,11,7,2395,2132
2023,921152450353090560,NCAA OHIO VALLEY,8,6.976881376351027e+16,ThongBonerstorm,1,Yankee,5,13,1489,2219
2023,921152450353090560,NCAA OHIO VALLEY,9,3.476834643987497e+17,BobbyH95,1,Yankee,1,17,1484,2328
2023,921152450353090560,NCAA OHIO VALLEY,10,5.942421288512963e+17,kevinedge,1,Yankee,6,12,2115,2232
2023,921152450353090560,NCAA OHIO VALLEY,11,6.381935648068977e+17,Romantryert,1,Yankee,12,6,2397,2002
2023,921152450353090560,NCAA OHIO VALLEY,12,3.0081410679597466e+17,Firephool,2,Southern,10,8,2500,2238
2023,921152417742311424,NCAA HISTORICALLY BLACK,1,4.714271941328855e+17,PhantomXX,2,Hurricane,3,15,1415,2048
2023,921152417742311424,NCAA HISTORICALLY BLACK,2,7.26970553457537e+17,IndyFantasyGod,1,Mississippi River,8,10,1963,2219
2023,921152417742311424,NCAA HISTORICALLY BLACK,3,6.400523033779528e+17,lcummings,2,Hurricane,12,6,2298,2084
2023,921152417742311424,NCAA HISTORICALLY BLACK,4,4.710807934064353e+17,memphismaniac,1,Mississippi River,10,8,2506,2268
2023,921152417742311424,NCAA HISTORICALLY BLACK,5,5.196569084287918e+17,tpearson2222,2,Hurricane,6,12,2114,2260
2023,921152417742311424,NCAA HISTORICALLY BLACK,6,6.921688408214118e+17,DeanFalcon,2,Hurricane,5,13,1759,2236
2023,921152417742311424,NCAA HISTORICALLY BLACK,7,5.1972806797818675e+17,StrikerS091,1,Mississippi River,8,10,2166,2194
2023,921152417742311424,NCAA HISTORICALLY BLACK,8,4.678350451811246e+17,wblack2012,1,Mississippi River,13,5,2211,2047
2023,921152417742311424,NCAA HISTORICALLY BLACK,9,4.4536051934848205e+17,PHINIX,2,Hurricane,11,7,2316,2123
2023,921152417742311424,NCAA HISTORICALLY BLACK,10,6.942332558257193e+17,bb7661KING,2,Hurricane,13,5,2605,2105
2023,921152417742311424,NCAA HISTORICALLY BLACK,11,3.276144830002176e+17,Jerryb83,1,Mississippi River,10,8,2265,2117
2023,921152417742311424,NCAA HISTORICALLY BLACK,12,5.200883765573714e+17,scoobydaeaglemahomes,1,Mississippi River,9,9,2238,2155
2023,921152384695357440,NCAA USA,1,3.896587007358689e+17,dh671,2,TWISTER,6,12,2192,2381
2023,921152384695357440,NCAA USA,2,4.646258361929523e+17,brooksy33,1,GULF,8,10,2253,2276
2023,921152384695357440,NCAA USA,3,5.992868824083948e+17,Botro,2,TWISTER,11,7,2574,2315
2023,921152384695357440,NCAA USA,4,6.925425118345585e+17,GRIDIRONGANG81,1,GULF,4,14,2148,2281
2023,921152384695357440,NCAA USA,5,8.665098401246413e+17,JustTouchdown1221,2,TWISTER,8,10,2037,2318
2023,921152384695357440,NCAA USA,6,5.606117774796677e+17,PatrickT21,2,TWISTER,12,6,2427,2119
2023,921152384695357440,NCAA USA,7,6.518573226452419e+17,ridinroundinarover,2,TWISTER,12,6,2490,2226
2023,921152384695357440,NCAA USA,8,6.054392460309258e+17,krichknowsbest,2,TWISTER,10,8,2213,2441
2023,921152384695357440,NCAA USA,9,7.87224085817045e+17,masshole4eva,1,GULF,7,11,2251,2576
2023,921152384695357440,NCAA USA,10,5.90358219562455e+17,Woolley69,1,GULF,12,6,2482,2154
2023,921152384695357440,NCAA USA,11,4.602572153290711e+17,bshouseman,1,GULF,5,13,2078,2385
2023,921152384695357440,NCAA USA,12,6.506279777212457e+17,BroncoZzz,1,GULF,13,5,2541,2215
2023,921152355658248192,NCAA IVY,1,4.709125102627676e+17,FlynnD,1,RICH,3,15,1939,2383
2023,921152355658248192,NCAA IVY,2,4.6321270840203264e+17,Matthew12,2,SMART,9,9,2299,2154
2023,921152355658248192,NCAA IVY,3,4.8012407345669325e+17,Jrodr71,1,RICH,9,9,2369,2390
2023,921152355658248192,NCAA IVY,4,5.708039897834291e+17,alecgagnon2001,2,SMART,4,14,2000,2529
2023,921152355658248192,NCAA IVY,5,3.953212761026273e+17,ccassidy,1,RICH,11,7,2460,2414
2023,921152355658248192,NCAA IVY,6,1.0175882010803692e+18,TJWATTDPOY23,2,SMART,13,5,2412,2269
2023,921152355658248192,NCAA IVY,7,8.265712922401096e+17,KamaraMinute,1,RICH,13,5,2538,2359
2023,921152355658248192,NCAA IVY,8,4.616881925552824e+17,PhilupMynuts,2,SMART,6,12,2188,2320
2023,921152355658248192,NCAA IVY,9,8.26963155530711e+16,TheBear1973,1,RICH,12,6,2457,2132
2023,921152355658248192,NCAA IVY,10,5.878677015951196e+17,BlackBOI93,2,SMART,5,13,1818,2169
2023,921152355658248192,NCAA IVY,11,4.608950271790244e+17,jtheadrick98,1,RICH,14,4,2692,2094
2023,921152355658248192,NCAA IVY,12,4.645951478085673e+17,cobrapanther99,2,SMART,9,9,2197,2157
2023,921152324230262784,NCAA WILD,1,4.5757931009867366e+17,LanceBoneau,1,PLAINS,12,6,2559,2211
2023,921152324230262784,NCAA WILD,2,5.453915149157622e+17,Hart123,2,VALLEY,4,14,1902,2499
2023,921152324230262784,NCAA WILD,3,4.413923123800269e+17,4thdownTD,1,PLAINS,15,3,2556,1900
2023,921152324230262784,NCAA WILD,4,6.359350036577239e+17,matthewitz,2,VALLEY,9,9,2177,2188
2023,921152324230262784,NCAA WILD,5,6.425781713544847e+17,FareedB,1,PLAINS,11,7,2366,2106
2023,921152324230262784,NCAA WILD,6,2.0349691716069786e+17,ThomasHarris,2,VALLEY,7,11,1821,2150
2023,921152324230262784,NCAA WILD,7,6.034608012898632e+17,lumosityfan,1,PLAINS,1,17,1206,2259
2023,921152324230262784,NCAA WILD,8,4.627149811173253e+17,Buckeyefan5184,2,VALLEY,12,6,2542,2013
2023,921152324230262784,NCAA WILD,9,6.030835353681347e+17,MrBarryMcCockiner,1,PLAINS,9,9,1952,2208
2023,921152324230262784,NCAA WILD,10,5.05166677990699e+17,olddominion2020,2,VALLEY,15,3,2808,1896
2023,921152324230262784,NCAA WILD,11,4.3474039397259264e+17,Squinto,1,PLAINS,7,11,1986,2113
2023,921152324230262784,NCAA WILD,12,4.484464495380357e+17,DBGiants,2,VALLEY,6,12,1929,2264
2023,921152273420525568,NCAA BIG SKY,1,4.56258200757334e+17,WillyP15,2,Colonies,6,12,1696,2221
2023,921152273420525568,NCAA BIG SKY,2,4.3925513630960435e+17,PapaCrowther,2,Colonies,8,10,2436,2300
2023,921152273420525568,NCAA BIG SKY,3,4.4932725310121165e+17,Beastchewy15,2,Colonies,11,7,2353,2085
2023,921152273420525568,NCAA BIG SKY,4,5.194392763115315e+17,Elestial,1,Frontier,9,9,2316,2204
2023,921152273420525568,NCAA BIG SKY,5,4.659345196528394e+17,agrakush,2,Colonies,4,14,1760,2220
2023,921152273420525568,NCAA BIG SKY,6,4.247935114312622e+17,Elwayluva7,1,Frontier,12,6,2518,2234
2023,921152273420525568,NCAA BIG SKY,7,7.88925319703593e+16,fballfreek80,2,Colonies,12,6,2701,2226
2023,921152273420525568,NCAA BIG SKY,8,4.374138030013768e+17,Vitus,1,Frontier,15,3,2795,2275
2023,921152273420525568,NCAA BIG SKY,9,4.486412923777802e+17,Pinky7373,1,Frontier,5,13,1935,2404
2023,921152273420525568,NCAA BIG SKY,10,4.5002300445844685e+17,DaLegend,2,Colonies,5,13,1775,2195
2023,921152273420525568,NCAA BIG SKY,11,6.043889628988662e+17,mgrant55,1,Frontier,7,11,1951,2379
2023,921152273420525568,NCAA BIG SKY,12,5.1976712659532595e+17,mssullivan2022,1,Frontier,14,4,2784,2279
2023,921152239639564288,NCAA PIONEER,1,5.3336398648643584e+17,MattJB87,2,FREEDOM,13,5,2509,2164
2023,921152239639564288,NCAA PIONEER,2,4.6863857340330394e+17,DownLoMoJo,1,PATRIOT,10,8,2504,2370
2023,921152239639564288,NCAA PIONEER,3,4.5911034450201395e+17,MyFingerPoints,1,PATRIOT,4,14,2002,2340
2023,921152239639564288,NCAA PIONEER,4,4.3935192512986726e+17,Daphud,2,FREEDOM,3,15,1822,2361
2023,921152239639564288,NCAA PIONEER,5,4.321647557093704e+17,EBurkhart,1,PATRIOT,13,5,2182,2113
2023,921152239639564288,NCAA PIONEER,6,4.557532617653576e+17,BDAVIS309,1,PATRIOT,8,10,2264,2419
2023,921152239639564288,NCAA PIONEER,7,3.988844136870011e+17,Ortizz,2,FREEDOM,9,9,2211,2277
2023,921152239639564288,NCAA PIONEER,8,3.399312217672499e+17,CrownMeKing,2,FREEDOM,12,6,2774,2207
2023,921152239639564288,NCAA PIONEER,9,6.026870875562312e+17,DictatorBerry,1,PATRIOT,4,14,2097,2371
2023,921152239639564288,NCAA PIONEER,10,8.049374033190461e+17,hunterffl,2,FREEDOM,4,14,1727,2194
2023,921152239639564288,NCAA PIONEER,11,4.370420466335048e+17,TheDrapFather,1,PATRIOT,12,6,2659,2430
2023,921152239639564288,NCAA PIONEER,12,5.196752978387804e+17,willsingle05,2,FREEDOM,16,2,2733,2240
2023,921152207104335872,NCAA SUN BELT,1,4.297338106119496e+17,Piglet10,2,REBEL,10,8,2412,2399
2023,921152207104335872,NCAA SUN BELT,2,4.5865090474101555e+17,CRicks3,2,REBEL,13,5,2735,2296
2023,921152207104335872,NCAA SUN BELT,3,4.819570456673608e+17,Prestongee17,1,BIBLE,2,16,1500,2300
2023,921152207104335872,NCAA SUN BELT,4,4.4728330573839974e+17,Lucchityler,2,REBEL,7,11,2126,2265
2023,921152207104335872,NCAA SUN BELT,5,5.4646673831696384e+17,PackMan1212,1,BIBLE,6,12,2010,2385
2023,921152207104335872,NCAA SUN BELT,6,4.650196614953001e+17,Raidersforte,2,REBEL,10,8,2630,2220
2023,921152207104335872,NCAA SUN BELT,7,5.47214728132608e+17,alphabeasttt,1,BIBLE,12,6,2753,2302
2023,921152207104335872,NCAA SUN BELT,8,4.4136252146345165e+17,yoboihawks,2,REBEL,14,4,2528,2216
2023,921152207104335872,NCAA SUN BELT,9,3.801284829000622e+17,denvermanning,1,BIBLE,4,14,1727,2292
2023,921152207104335872,NCAA SUN BELT,10,4.413304482834637e+17,Fr3shBC11,1,BIBLE,14,4,2573,2233
2023,921152207104335872,NCAA SUN BELT,11,4.6168132986024346e+17,ryanfried2,1,BIBLE,7,11,2045,2263
2023,921152207104335872,NCAA SUN BELT,12,4.652979322041098e+17,utsa,2,REBEL,9,9,2318,2185
2023,921152169275957248,NCAA BIG EAST & CO.,1,5.964392709615084e+17,TitanUp406,2,NORTHEAST,8,10,2212,2219
2023,921152169275957248,NCAA BIG EAST & CO.,2,3.8965608548664934e+17,UrTrash,2,NORTHEAST,5,13,1805,2218
2023,921152169275957248,NCAA BIG EAST & CO.,3,3.330052574098473e+17,ikemendel,1,MIDEAST,3,15,1619,2131
2023,921152169275957248,NCAA BIG EAST & CO.,4,4.561291909959475e+17,vinceA762,1,MIDEAST,12,6,2397,2077
2023,921152169275957248,NCAA BIG EAST & CO.,5,8.360252257569341e+17,ngregg38,2,NORTHEAST,10,8,2295,2142
2023,921152169275957248,NCAA BIG EAST & CO.,6,4.433234271435448e+17,joonbug,1,MIDEAST,8,10,2383,2298
2023,921152169275957248,NCAA BIG EAST & CO.,7,4.561593459068068e+17,CodeKhaos,2,NORTHEAST,17,1,2795,2157
2023,921152169275957248,NCAA BIG EAST & CO.,8,4.561672837613445e+17,Claser,2,NORTHEAST,15,3,2729,2042
2023,921152169275957248,NCAA BIG EAST & CO.,9,8.024804224822067e+17,POLOCAPALOT,1,MIDEAST,9,9,1903,2049
2023,921152169275957248,NCAA BIG EAST & CO.,10,3.388586843586232e+17,Psyclone,1,MIDEAST,5,13,1653,2200
2023,921152169275957248,NCAA BIG EAST & CO.,11,4.561822443362017e+17,Ianiners,2,NORTHEAST,3,15,1767,2342
2023,921152169275957248,NCAA BIG EAST & CO.,12,6.417408993357005e+16,ryno,1,MIDEAST,13,5,2487,2169
2023,921152118084460544,NCAA SEC,1,4.414581523915694e+17,tedman546,1,EAST,7,11,1905,1998
2023,921152118084460544,NCAA SEC,2,5.085168521436938e+17,TheLegoBatman,2,WEST,15,3,2946,2212
2023,921152118084460544,NCAA SEC,3,4.5795704553497805e+17,ChadLowe,1,EAST,10,8,2250,2153
2023,921152118084460544,NCAA SEC,4,4.4652453581081395e+17,ahhchainsaw,2,WEST,14,4,2554,2086
2023,921152118084460544,NCAA SEC,5,5.620323718249513e+17,ryank45,2,WEST,7,11,2296,2359
2023,921152118084460544,NCAA SEC,6,5.1055645556279296e+17,thatmansanti,2,WEST,14,4,2696,2279
2023,921152118084460544,NCAA SEC,7,4.616801024097608e+17,kodakjack,1,EAST,7,11,2113,2298
2023,921152118084460544,NCAA SEC,8,6.346143683775898e+17,MENDl,1,EAST,13,5,2587,2154
2023,921152118084460544,NCAA SEC,9,5.08521974461227e+17,brickers,1,EAST,1,17,930,2118
2023,921152118084460544,NCAA SEC,10,5.1048300078401536e+17,Christian4,1,EAST,9,9,2152,2213
2023,921152118084460544,NCAA SEC,11,5.6028488062069965e+17,devbovino,2,WEST,6,12,2026,2253
2023,921152118084460544,NCAA SEC,12,4.45468333035221e+17,JosephMarin07,2,WEST,5,13,1810,2143
2023,921152073054457856,NCAA BIG 12,1,4.4653048690323866e+17,BigSexy3422,1,HEAT,9,9,2374,2340
2023,921152073054457856,NCAA BIG 12,2,6.677523731118244e+17,trev7293,2,WIND,12,6,2641,2194
2023,921152073054457856,NCAA BIG 12,3,5.335410563524813e+17,DavidJimm,2,WIND,2,16,1494,2512
2023,921152073054457856,NCAA BIG 12,4,4.253621142914376e+17,deadheadshane,1,HEAT,11,7,2522,2310
2023,921152073054457856,NCAA BIG 12,5,4.641177430424248e+17,robertlouis7,1,HEAT,13,5,2795,2213
2023,921152073054457856,NCAA BIG 12,6,3.359101604698808e+17,elianbruger,1,HEAT,9,9,2183,2394
2023,921152073054457856,NCAA BIG 12,7,4.253860653736919e+17,Frankeen,2,WIND,12,6,2463,2058
2023,921152073054457856,NCAA BIG 12,8,5.4392928496277094e+17,alicho,1,HEAT,11,7,2674,2239
2023,921152073054457856,NCAA BIG 12,9,4.5371106384674406e+17,rchau56,2,WIND,1,17,1238,2202
2023,921152073054457856,NCAA BIG 12,10,9.899264210845573e+17,FalconsRULE7,2,WIND,5,13,1762,2209
2023,921152073054457856,NCAA BIG 12,11,6.191900049791386e+17,CousinMose15,1,HEAT,12,6,2481,2171
2023,921152073054457856,NCAA BIG 12,12,8.207716788491715e+17,Gangly22,2,WIND,11,7,2487,2271
2023,921152041332871168,NCAA ACC,1,5.717548798253957e+17,ChrisW21,2,COASTAL,3,15,2009,2435
2023,921152041332871168,NCAA ACC,2,5.681152669012869e+17,MattyBent,2,COASTAL,11,7,2339,2211
2023,921152041332871168,NCAA ACC,3,8.257968647869645e+17,C4DoubleTap,2,COASTAL,4,14,1863,2122
2023,921152041332871168,NCAA ACC,4,4.5583685150100275e+17,landonh12,2,COASTAL,11,7,2617,2261
2023,921152041332871168,NCAA ACC,5,4.686187204706263e+17,Yarby,1,ATLANTIC,8,10,2137,2237
2023,921152041332871168,NCAA ACC,6,4.634538003136471e+17,WhiskyScientist,1,ATLANTIC,7,11,2126,2181
2023,921152041332871168,NCAA ACC,7,4.536582850614354e+17,fatalbeast,2,COASTAL,8,10,2169,2492
2023,921152041332871168,NCAA ACC,8,4.561686040066089e+17,eperedetto,1,ATLANTIC,12,6,2339,2280
2023,921152041332871168,NCAA ACC,9,6.683189675673231e+17,markandrewsisthegoat,2,COASTAL,7,11,2193,2380
2023,921152041332871168,NCAA ACC,10,7.131896766090035e+17,LetsGooooo365,1,ATLANTIC,13,5,2228,2065
2023,921152041332871168,NCAA ACC,11,4.5807082990993e+17,Campbell8,1,ATLANTIC,8,10,2231,2295
2023,921152041332871168,NCAA ACC,12,3.025755275568251e+17,dilbennett,1,ATLANTIC,16,2,2926,2219
2023,921151976868155392,NCAA PAC 12,1,4.374653139115008e+17,kfitch630,2,SOUTH,7,11,1761,2138
2023,921151976868155392,NCAA PAC 12,2,7.098571722588815e+17,KamaraGOAT41,2,SOUTH,3,15,1650,2303
2023,921151976868155392,NCAA PAC 12,3,4.70320542868566e+17,Dunebuggy619,1,NORTH,7,11,2311,2399
2023,921151976868155392,NCAA PAC 12,4,4.7766672366370406e+17,chzhead412,1,NORTH,7,11,2328,2424
2023,921151976868155392,NCAA PAC 12,5,6.199635702973522e+17,cooperthach,1,NORTH,8,10,2023,2256
2023,921151976868155392,NCAA PAC 12,6,3.3882313692338176e+17,samggannon,1,NORTH,11,7,2344,2132
2023,921151976868155392,NCAA PAC 12,7,5.97246797479469e+17,wrightc214,2,SOUTH,16,2,2978,2183
2023,921151976868155392,NCAA PAC 12,8,6.119684101794243e+17,OlHorndog,2,SOUTH,5,13,1861,2336
2023,921151976868155392,NCAA PAC 12,9,5.193900927882977e+17,ScottyW13,1,NORTH,4,14,1850,2303
2023,921151976868155392,NCAA PAC 12,10,5.346196626506015e+17,ImagineWiigons,1,NORTH,12,6,2698,2342
2023,921151976868155392,NCAA PAC 12,11,7.646024587845632e+16,seniormeow,2,SOUTH,16,2,2764,2016
2023,921151976868155392,NCAA PAC 12,12,4.508061825551524e+17,lmerkouSaints,2,SOUTH,12,6,2356,2092
2023,919305562058285056,NCAA BIG 10,1,3.406000269569065e+17,CanadaGoose05,1,EAST,12,6,2534,2192
2023,919305562058285056,NCAA BIG 10,2,4.3817817054222336e+17,EthanH,2,WEST,9,9,2085,2240
2023,919305562058285056,NCAA BIG 10,3,4.565503913754583e+17,Clamonte,2,WEST,2,16,1528,2268
2023,919305562058285056,NCAA BIG 10,4,7.34978696263381e+17,SausageHoudini,1,EAST,7,11,1975,2406
2023,919305562058285056,NCAA BIG 10,5,8.700643638920602e+17,AdamNicoll17,1,EAST,9,9,2533,2285
2023,919305562058285056,NCAA BIG 10,6,4.605112675645481e+17,laxbro000,2,WEST,15,3,2575,2087
2023,919305562058285056,NCAA BIG 10,7,4.6051871490781594e+17,linkoftime1,2,WEST,17,1,2887,2056
2023,919305562058285056,NCAA BIG 10,8,5.1969466654600806e+17,eseromo760,1,EAST,11,7,2601,2104
2023,919305562058285056,NCAA BIG 10,9,5.5920865342767514e+17,Klashified,1,EAST,8,10,2432,2483
2023,919305562058285056,NCAA BIG 10,10,4.5922578873502515e+17,richardson98,2,WEST,5,13,1844,2126
2023,919305562058285056,NCAA BIG 10,11,3.889196212452106e+17,SpinachAssasin,2,WEST,4,14,1705,2409
2023,919305562058285056,NCAA BIG 10,12,4.4387018385391206e+17,chrispychicken,1,EAST,9,9,2205,2248
2024,1051381777098473472,NCAA PAC 12,1,9.17575404431831e+17,nshox2,2,SOUTH,2,16,1767,2486
2024,1051381777098473472,NCAA PAC 12,2,7.098571722588815e+17,KamaraGOAT41,2,SOUTH,3,15,1734,2310
2024,1051381777098473472,NCAA PAC 12,3,4.70320542868566e+17,Dunebuggy619,1,NORTH,5,13,1842,2315
2024,1051381777098473472,NCAA PAC 12,4,4.7766672366370406e+17,chzhead412,1,NORTH,13,5,2846,2268
2024,1051381777098473472,NCAA PAC 12,5,4.5437240795672986e+17,laynemercer,1,NORTH,12,6,2460,2375
2024,1051381777098473472,NCAA PAC 12,6,3.3882313692338176e+17,samggannon,1,NORTH,9,9,2296,2328
2024,1051381777098473472,NCAA PAC 12,7,5.97246797479469e+17,wrightc214,2,SOUTH,13,5,2654,2122
2024,1051381777098473472,NCAA PAC 12,8,4.603482606539858e+17,keppin,2,SOUTH,8,10,2370,2416
2024,1051381777098473472,NCAA PAC 12,9,5.193900927882977e+17,ScottyW13,1,NORTH,7,11,2276,2348
2024,1051381777098473472,NCAA PAC 12,10,5.346196626506015e+17,ImagineWiigons,1,NORTH,11,7,2430,2310
2024,1051381777098473472,NCAA PAC 12,11,7.646024587845632e+16,seniormeow,2,SOUTH,11,7,2420,2262
2024,1051381777098473472,NCAA PAC 12,12,4.508061825551524e+17,lmerkouSaints,2,SOUTH,14,4,2744,2300
2024,1051381725097500672,NCAA ACC,1,5.717548798253957e+17,ChrisW21,2,COASTAL,9,9,2199,2232
2024,1051381725097500672,NCAA ACC,2,5.681152669012869e+17,MattyBent,2,COASTAL,10,8,2383,2255
2024,1051381725097500672,NCAA ACC,3,1.0516509553573683e+18,BillyMicMac,2,COASTAL,5,13,1934,2398
2024,1051381725097500672,NCAA ACC,4,4.5583685150100275e+17,landonh12,2,COASTAL,8,10,2403,2450
2024,1051381725097500672,NCAA ACC,5,4.686187204706263e+17,Yarby,1,ATLANTIC,5,13,1908,2459
2024,1051381725097500672,NCAA ACC,6,4.634538003136471e+17,WhiskyScientist,1,ATLANTIC,13,5,2475,2139
2024,1051381725097500672,NCAA ACC,7,4.536582850614354e+17,fatalbeast,2,COASTAL,7,11,2327,2290
2024,1051381725097500672,NCAA ACC,8,4.561686040066089e+17,eperedetto,1,ATLANTIC,9,9,2015,2163
2024,1051381725097500672,NCAA ACC,9,6.683189675673231e+17,markandrewsisthegoat,2,COASTAL,6,12,2015,2249
2024,1051381725097500672,NCAA ACC,10,7.131896766090035e+17,LetsGooooo365,1,ATLANTIC,9,9,2305,2321
2024,1051381725097500672,NCAA ACC,11,4.5807082990993e+17,Campbell8,1,ATLANTIC,10,8,2336,2156
2024,1051381725097500672,NCAA ACC,12,3.025755275568251e+17,dilbennett,1,ATLANTIC,17,1,3116,2301
2024,1051381651198078976,NCAA SEC,1,4.414581523915694e+17,tedman546,1,EAST,14,4,2378,2094
2024,1051381651198078976,NCAA SEC,2,5.085168521436938e+17,errand,2,WEST,9,9,2295,2307
2024,1051381651198078976,NCAA SEC,3,4.5795704553497805e+17,ChadLowe,1,EAST,9,9,2333,2168
2024,1051381651198078976,NCAA SEC,4,4.4652453581081395e+17,ahhchainsaw,2,WEST,12,6,2712,2141
2024,1051381651198078976,NCAA SEC,5,5.620323718249513e+17,ryank45,2,WEST,10,8,2234,2133
2024,1051381651198078976,NCAA SEC,6,5.1055645556279296e+17,thatmansanti,2,WEST,12,6,2826,2294
2024,1051381651198078976,NCAA SEC,7,4.616801024097608e+17,kodakjack,1,EAST,11,7,2142,2246
2024,1051381651198078976,NCAA SEC,8,6.346143683775898e+17,MENDl,1,EAST,10,8,2220,2182
2024,1051381651198078976,NCAA SEC,9,1.113534815812309e+18,booogzz,1,EAST,8,10,1757,2029
2024,1051381651198078976,NCAA SEC,10,5.1048300078401536e+17,Christian4,1,EAST,8,10,2226,2313
2024,1051381651198078976,NCAA SEC,11,5.6028488062069965e+17,devbovino,2,WEST,0,18,1315,2315
2024,1051381651198078976,NCAA SEC,12,4.45468333035221e+17,JosephMarin07,2,WEST,5,13,2113,2329
2024,1051381610739847168,NCAA BIG EAST & CO.,1,1.0875192706632581e+18,sblau24,2,NORTHEAST,8,10,2108,2216
2024,1051381610739847168,NCAA BIG EAST & CO.,2,1.1712561027602514e+18,hurlken,2,NORTHEAST,3,15,1744,2357
2024,1051381610739847168,NCAA BIG EAST & CO.,3,6.949347372145828e+17,JiggyK,1,MIDEAST,6,12,1865,2325
2024,1051381610739847168,NCAA BIG EAST & CO.,4,4.561291909959475e+17,vinceA762,1,MIDEAST,11,7,2513,2110
2024,1051381610739847168,NCAA BIG EAST & CO.,5,8.360252257569341e+17,ngregg38,2,NORTHEAST,12,6,2387,2083
2024,1051381610739847168,NCAA BIG EAST & CO.,6,4.433234271435448e+17,joonbug,1,MIDEAST,14,4,2789,2150
2024,1051381610739847168,NCAA BIG EAST & CO.,7,4.561593459068068e+17,CodeKhaos,2,NORTHEAST,15,3,2942,2153
2024,1051381610739847168,NCAA BIG EAST & CO.,8,4.561672837613445e+17,Claser,2,NORTHEAST,10,8,2206,2279
2024,1051381610739847168,NCAA BIG EAST & CO.,9,8.024804224822067e+17,JEANTY,1,MIDEAST,8,10,2073,2179
2024,1051381610739847168,NCAA BIG EAST & CO.,10,5.254764204446884e+17,sleepnonmahomie,1,MIDEAST,6,12,1845,2293
2024,1051381610739847168,NCAA BIG EAST & CO.,11,4.561822443362017e+17,Ianiners,2,NORTHEAST,4,14,1758,2426
2024,1051381610739847168,NCAA BIG EAST & CO.,12,6.417408993357005e+16,ryno,1,MIDEAST,11,7,2538,2198
2024,1051381539596021760,NCAA PIONEER,1,5.3336398648643584e+17,MattJB87,2,FREEDOM,14,4,2593,2137
2024,1051381539596021760,NCAA PIONEER,2,4.6863857340330394e+17,DownLoMoJo,1,PATRIOT,14,4,2497,2230
2024,1051381539596021760,NCAA PIONEER,3,4.5911034450201395e+17,MyFingerPoints,1,PATRIOT,10,8,2393,2109
2024,1051381539596021760,NCAA PIONEER,4,4.3935192512986726e+17,Daphud,2,FREEDOM,9,9,2169,2395
2024,1051381539596021760,NCAA PIONEER,5,4.321647557093704e+17,EBurkhart,1,PATRIOT,9,9,2209,2087
2024,1051381539596021760,NCAA PIONEER,6,4.557532617653576e+17,BDAVIS309,1,PATRIOT,9,9,2320,2084
2024,1051381539596021760,NCAA PIONEER,7,3.988844136870011e+17,Ortizz,2,FREEDOM,2,16,1287,2370
2024,1051381539596021760,NCAA PIONEER,8,3.399312217672499e+17,CrownMeKing,2,FREEDOM,13,5,2788,2239
2024,1051381539596021760,NCAA PIONEER,9,6.026870875562312e+17,DictatorBerry,1,PATRIOT,4,14,1758,2387
2024,1051381539596021760,NCAA PIONEER,10,3.157365691116503e+17,JMullen175,2,FREEDOM,8,10,2328,2299
2024,1051381539596021760,NCAA PIONEER,11,4.370420466335048e+17,TheDrapFather,1,PATRIOT,5,13,2051,2328
2024,1051381539596021760,NCAA PIONEER,12,8.725944652846776e+17,UrMomsFavoriteCoach,2,FREEDOM,11,7,2248,1975
2024,1051381505785810944,NCAA BIG SKY,1,4.56258200757334e+17,WillyP15,2,Colonies,7,11,2005,2461
2024,1051381505785810944,NCAA BIG SKY,2,4.3925513630960435e+17,PapaCrowther,2,Colonies,11,7,2239,2062
2024,1051381505785810944,NCAA BIG SKY,3,4.4932725310121165e+17,Beastchewy15,2,Colonies,9,9,2638,2470
2024,1051381505785810944,NCAA BIG SKY,4,5.194392763115315e+17,Elestial,1,Frontier,9,9,2037,2167
2024,1051381505785810944,NCAA BIG SKY,5,4.659345196528394e+17,agrakush,2,Colonies,5,13,1807,2077
2024,1051381505785810944,NCAA BIG SKY,6,4.247935114312622e+17,Elwayluva7,1,Frontier,16,2,2808,2089
2024,1051381505785810944,NCAA BIG SKY,7,7.88925319703593e+16,fballfreek80,2,Colonies,12,6,2525,2246
2024,1051381505785810944,NCAA BIG SKY,8,4.374138030013768e+17,Vitus,1,Frontier,11,7,2604,2234
2024,1051381505785810944,NCAA BIG SKY,9,4.486412923777802e+17,Pinky7373,1,Frontier,4,14,1705,2317
2024,1051381505785810944,NCAA BIG SKY,10,3.340149458867487e+17,thejockytype,2,Colonies,6,12,1667,2201
2024,1051381505785810944,NCAA BIG SKY,11,6.043889628988662e+17,mgrant55,1,Frontier,2,16,1590,2228
2024,1051381505785810944,NCAA BIG SKY,12,5.1976712659532595e+17,mssullivan2022,1,Frontier,16,2,2994,2068
2024,1051381464723570688,NCAA WILD,1,4.5757931009867366e+17,LanceBoneau,1,PLAINS,15,3,2774,2102
2024,1051381464723570688,NCAA WILD,2,5.453915149157622e+17,Hart123,2,VALLEY,10,8,2168,2188
2024,1051381464723570688,NCAA WILD,3,4.413923123800269e+17,4thdownTD,1,PLAINS,5,13,2196,2389
2024,1051381464723570688,NCAA WILD,4,6.359350036577239e+17,matthewitz,2,VALLEY,9,9,2323,2239
2024,1051381464723570688,NCAA WILD,5,6.425781713544847e+17,FareedB,1,PLAINS,9,9,2165,2030
2024,1051381464723570688,NCAA WILD,6,2.0349691716069786e+17,ThomasHarris,2,VALLEY,10,8,2097,2250
2024,1051381464723570688,NCAA WILD,7,6.034608012898632e+17,lumosityfan,1,PLAINS,1,17,1138,2290
2024,1051381464723570688,NCAA WILD,8,4.627149811173253e+17,mku1tra,2,VALLEY,14,4,2719,2099
2024,1051381464723570688,NCAA WILD,9,6.030835353681347e+17,MrBarryMcCockiner,1,PLAINS,8,10,2097,2447
2024,1051381464723570688,NCAA WILD,10,5.05166677990699e+17,olddominion2020,2,VALLEY,14,4,2820,2282
2024,1051381464723570688,NCAA WILD,11,4.3474039397259264e+17,Squinto,1,PLAINS,7,11,2239,2371
2024,1051381464723570688,NCAA WILD,12,4.484464495380357e+17,DBGiants,2,VALLEY,6,12,2177,2226
2024,1051381408469598208,NCAA IVY,1,4.709125102627676e+17,FlynnD,1,RICH,0,18,1602,2257
2024,1051381408469598208,NCAA IVY,2,4.6321270840203264e+17,Matthew12,2,SMART,6,12,2108,2334
2024,1051381408469598208,NCAA IVY,3,4.8012407345669325e+17,Jrodr71,1,RICH,6,12,1910,2313
2024,1051381408469598208,NCAA IVY,4,5.708039897834291e+17,alecgagnon2001,2,SMART,9,9,2121,2061
2024,1051381408469598208,NCAA IVY,5,3.953212761026273e+17,ccassidy,1,RICH,11,7,2320,2101
2024,1051381408469598208,NCAA IVY,6,1.0175882010803692e+18,TJWATTDPOY24,2,SMART,12,6,2465,2303
2024,1051381408469598208,NCAA IVY,7,8.265712922401096e+17,KamaraMinute,1,RICH,10,8,2426,2330
2024,1051381408469598208,NCAA IVY,8,4.616881925552824e+17,PhilupMynuts,2,SMART,13,5,2443,2197
2024,1051381408469598208,NCAA IVY,9,8.26963155530711e+16,TheBear1973,1,RICH,13,5,2565,2351
2024,1051381408469598208,NCAA IVY,10,1.1421984660604027e+18,BLACK93BOIZS,2,SMART,2,16,1623,2128
2024,1051381408469598208,NCAA IVY,11,4.608950271790244e+17,jtheadrick98,1,RICH,14,4,2673,2207
2024,1051381408469598208,NCAA IVY,12,4.645951478085673e+17,cobrapanther99,2,SMART,12,6,2518,2193
2024,1051381357190053888,NCAA USA,1,3.896587007358689e+17,dh671,2,TWISTER,15,3,2768,2179
2024,1051381357190053888,NCAA USA,2,4.646258361929523e+17,brooksy33,1,GULF,6,12,2173,2262
2024,1051381357190053888,NCAA USA,3,5.992868824083948e+17,Botro,2,TWISTER,9,9,2271,2232
2024,1051381357190053888,NCAA USA,4,6.925425118345585e+17,GRIDIRONGANG81,1,GULF,5,13,1900,2321
2024,1051381357190053888,NCAA USA,5,8.665098401246413e+17,JustTouchdown1221,2,TWISTER,7,11,2336,2518
2024,1051381357190053888,NCAA USA,6,5.606117774796677e+17,PatrickT21,2,TWISTER,13,5,2254,2061
2024,1051381357190053888,NCAA USA,7,6.518573226452419e+17,ridinroundinarover,2,TWISTER,8,10,2274,2227
2024,1051381357190053888,NCAA USA,8,6.054392460309258e+17,krichknowsbest,2,TWISTER,4,14,1934,2412
2024,1051381357190053888,NCAA USA,9,7.87224085817045e+17,masshole4eva,1,GULF,10,8,2210,2089
2024,1051381357190053888,NCAA USA,10,5.90358219562455e+17,Woolley69,1,GULF,14,4,2520,2176
2024,1051381357190053888,NCAA USA,11,4.602572153290711e+17,bshouseman,1,GULF,9,9,2097,2204
2024,1051381357190053888,NCAA USA,12,6.506279777212457e+17,BroncoZzz,1,GULF,8,10,2301,2357
2024,1051381274868289536,NCAA OHIO VALLEY,1,5.7175367742897766e+17,Mistafyer,2,Southern,7,11,2368,2380
2024,1051381274868289536,NCAA OHIO VALLEY,2,6.011988011972608e+17,LMarkiewicz04,2,Southern,11,7,2666,2336
2024,1051381274868289536,NCAA OHIO VALLEY,3,4.689446451669852e+17,srcav,2,Southern,9,9,2425,2493
2024,1051381274868289536,NCAA OHIO VALLEY,4,4.728799696644956e+17,ethansherwood22,2,Southern,12,6,2473,2332
2024,1051381274868289536,NCAA OHIO VALLEY,5,4.746620413411287e+17,Dreev,1,Yankee,12,6,2412,2258
2024,1051381274868289536,NCAA OHIO VALLEY,6,3.31558449374593e+17,leathershoe4,2,Southern,9,9,2361,2282
2024,1051381274868289536,NCAA OHIO VALLEY,7,6.35700695584043e+17,charlielol,1,Yankee,9,9,2245,2218
2024,1051381274868289536,NCAA OHIO VALLEY,8,6.976881376351027e+16,ThongBonerstorm,1,Yankee,5,13,1882,2369
2024,1051381274868289536,NCAA OHIO VALLEY,9,3.476834643987497e+17,BobbyH95,1,Yankee,3,15,1828,2231
2024,1051381274868289536,NCAA OHIO VALLEY,10,5.942421288512963e+17,edgeofdefeat,1,Yankee,8,10,2177,2225
2024,1051381274868289536,NCAA OHIO VALLEY,11,6.381935648068977e+17,Romantryert,1,Yankee,11,7,2459,2200
2024,1051381274868289536,NCAA OHIO VALLEY,12,3.0081410679597466e+17,Firephool,2,Southern,12,6,2407,2378
2024,1051381233009295360,NCAA MOUNTAIN WEST,1,5.968357238610821e+17,RicochetRay,1,SAINT,13,5,3064,2313
2024,1051381233009295360,NCAA MOUNTAIN WEST,2,4.6310651010114765e+17,jmdorsey00,2,SIN,8,10,2159,2189
2024,1051381233009295360,NCAA MOUNTAIN WEST,3,5.606261558338765e+17,HonoredMexican,1,SAINT,11,7,2229,2279
2024,1051381233009295360,NCAA MOUNTAIN WEST,4,5.717674107089019e+17,Kyvend01,2,SIN,8,10,2062,2258
2024,1051381233009295360,NCAA MOUNTAIN WEST,5,8.382388936723497e+17,SleazeMcNair,1,SAINT,6,12,1867,2287
2024,1051381233009295360,NCAA MOUNTAIN WEST,6,8.374303271892951e+17,KlondikeBar,2,SIN,6,12,2155,2515
2024,1051381233009295360,NCAA MOUNTAIN WEST,7,4.67489585379668e+17,loganhall17,1,SAINT,8,10,2213,2383
2024,1051381233009295360,NCAA MOUNTAIN WEST,8,3.257269139663954e+17,bkoldham,2,SIN,9,9,2289,2327
2024,1051381233009295360,NCAA MOUNTAIN WEST,9,5.890019743184036e+17,Mrhawke19,1,SAINT,11,7,2676,2302
2024,1051381233009295360,NCAA MOUNTAIN WEST,10,8.14354227357909e+17,Twistedmentat,2,SIN,12,6,2303,2164
2024,1051381233009295360,NCAA MOUNTAIN WEST,11,7.028974035141591e+17,bdub3,1,SAINT,13,5,2643,2214
2024,1051381233009295360,NCAA MOUNTAIN WEST,12,7.34939566091436e+17,noahdaboa,2,SIN,3,15,1895,2326
2024,1051228339672961024,NCAA BIG 10,1,3.406000269569065e+17,CanadaGoose0505,1,EAST,13,5,2627,2398
2024,1051228339672961024,NCAA BIG 10,2,4.3817817054222336e+17,EthanH,2,WEST,13,5,2709,2208
2024,1051228339672961024,NCAA BIG 10,3,4.565503913754583e+17,Clamonte,2,WEST,6,12,1874,2297
2024,1051228339672961024,NCAA BIG 10,4,5.721158076368077e+17,BigTexas8,1,EAST,6,12,1999,2322
2024,1051228339672961024,NCAA BIG 10,5,3.85118789936812e+17,AngeloCer,1,EAST,5,13,2152,2437
2024,1051228339672961024,NCAA BIG 10,6,4.605112675645481e+17,laxbro000,2,WEST,9,9,2436,2350
2024,1051228339672961024,NCAA BIG 10,7,4.6051871490781594e+17,linkoftime1,2,WEST,14,4,2880,2317
2024,1051228339672961024,NCAA BIG 10,8,5.1969466654600806e+17,eseromo760,1,EAST,4,14,1909,2410
2024,1051228339672961024,NCAA BIG 10,9,5.5920865342767514e+17,Klashified,1,EAST,12,6,2533,2332
2024,1051228339672961024,NCAA BIG 10,10,4.5922578873502515e+17,richardson98,2,WEST,8,10,2078,2214
2024,1051228339672961024,NCAA BIG 10,11,4.710562905509028e+17,Schuflakka,2,WEST,8,10,2369,2339
2024,1051228339672961024,NCAA BIG 10,12,4.4387018385391206e+17,chrispychicken,1,EAST,10,8,2260,2201
2024,1051381689932468224,NCAA BIG 12,1,4.4653048690323866e+17,BigSexy3422,1,HEAT,10,8,2325,2283
2024,1051381689932468224,NCAA BIG 12,2,6.677523731118244e+17,trev7293,2,WIND,5,13,1728,2122
2024,1051381689932468224,NCAA BIG 12,3,5.335410563524813e+17,DavidJimm,2,WIND,6,12,2044,2286
2024,1051381689932468224,NCAA BIG 12,4,4.253621142914376e+17,deadheadshane,1,HEAT,13,5,2796,2382
2024,1051381689932468224,NCAA BIG 12,5,4.641177430424248e+17,robertlouis7,1,HEAT,13,5,2977,2382
2024,1051381689932468224,NCAA BIG 12,6,3.359101604698808e+17,elianbruger,1,HEAT,10,8,2331,2322
2024,1051381689932468224,NCAA BIG 12,7,4.253860653736919e+17,Frankeen,2,WIND,10,8,2277,2320
2024,1051381689932468224,NCAA BIG 12,8,5.4392928496277094e+17,alicho,1,HEAT,7,11,2433,2524
2024,1051381689932468224,NCAA BIG 12,9,4.5371106384674406e+17,rchau56,2,WIND,3,15,1947,2221
2024,1051381689932468224,NCAA BIG 12,10,9.899264210845573e+17,FalconsRULE7,2,WIND,4,14,1707,2290
2024,1051381689932468224,NCAA BIG 12,11,6.191900049791386e+17,CousinMose15,1,HEAT,12,6,2350,2276
2024,1051381689932468224,NCAA BIG 12,12,8.207716788491715e+17,Gangly22,2,WIND,15,3,2554,2061
2024,1051381575037931520,NCAA SUN BELT,1,4.297338106119496e+17,Piglet10,2,REBEL,11,7,2611,2238
2024,1051381575037931520,NCAA SUN BELT,2,8.734618865350369e+17,Tommybuckets000,2,REBEL,15,3,2739,2126
2024,1051381575037931520,NCAA SUN BELT,3,4.819570456673608e+17,Prestongee17,1,BIBLE,8,10,2250,2246
2024,1051381575037931520,NCAA SUN BELT,4,4.4728330573839974e+17,lucchityler,2,REBEL,5,13,1699,2235
2024,1051381575037931520,NCAA SUN BELT,5,5.4646673831696384e+17,PackMan1212,1,BIBLE,2,16,1664,2339
2024,1051381575037931520,NCAA SUN BELT,6,4.650196614953001e+17,Raidersforte,2,REBEL,10,8,2345,2288
2024,1051381575037931520,NCAA SUN BELT,7,5.47214728132608e+17,alphabeasttt,1,BIBLE,12,6,2373,2264
2024,1051381575037931520,NCAA SUN BELT,8,4.4136252146345165e+17,yoboihawks,2,REBEL,13,5,2763,2270
2024,1051381575037931520,NCAA SUN BELT,9,3.801284829000622e+17,denvermanning,1,BIBLE,4,14,1985,2389
2024,1051381575037931520,NCAA SUN BELT,10,4.413304482834637e+17,Fr3shBC11,1,BIBLE,13,5,2504,2173
2024,1051381575037931520,NCAA SUN BELT,11,,Unknown,1,BIBLE,8,10,2029,2149
2024,1051381575037931520,NCAA SUN BELT,12,4.652979322041098e+17,utsa,2,REBEL,7,11,2141,2388
2024,1051381320515002368,NCAA HISTORICALLY BLACK,1,4.714271941328855e+17,PhantomXX,2,Hurricane,9,9,2352,2345
2024,1051381320515002368,NCAA HISTORICALLY BLACK,2,7.26970553457537e+17,IndyFantasyGod,1,Mississippi River,10,8,2065,2018
2024,1051381320515002368,NCAA HISTORICALLY BLACK,3,6.400523033779528e+17,lcummings,2,Hurricane,7,11,2014,2065
2024,1051381320515002368,NCAA HISTORICALLY BLACK,4,4.710807934064353e+17,memphismaniac,1,Mississippi River,12,6,2435,2320
2024,1051381320515002368,NCAA HISTORICALLY BLACK,5,5.196569084287918e+17,tpearson2222,2,Hurricane,2,16,1623,2195
2024,1051381320515002368,NCAA HISTORICALLY BLACK,6,6.921688408214118e+17,DeanFalcon,2,Hurricane,9,9,2365,2182
2024,1051381320515002368,NCAA HISTORICALLY BLACK,7,5.1972806797818675e+17,StrikerS091,1,Mississippi River,10,8,2172,2223
2024,1051381320515002368,NCAA HISTORICALLY BLACK,8,4.678350451811246e+17,wblack2012,1,Mississippi River,13,5,2464,2280
2024,1051381320515002368,NCAA HISTORICALLY BLACK,9,,Unknown,2,Hurricane,5,13,2061,2222
2024,1051381320515002368,NCAA HISTORICALLY BLACK,10,6.942332558257193e+17,bb7661KING,2,Hurricane,10,8,2281,2162
2024,1051381320515002368,NCAA HISTORICALLY BLACK,11,3.276144830002176e+17,Jerryb83,1,Mississippi River,8,10,2285,2322
2024,1051381320515002368,NCAA HISTORICALLY BLACK,12,5.200883765573714e+17,scoobydaeaglemahomes,1,Mississippi River,13,5,2564,2347
2025,1197684159036805120,NCAA OHIO VALLEY,1,5.7175367742897766e+17,Mistafyer,2,Southern,10,8,2390,2285
2025,1197684159036805120,NCAA OHIO VALLEY,2,6.011988011972608e+17,LMarkiewicz04,2,Southern,13,5,2485,2120
2025,1197684159036805120,NCAA OHIO VALLEY,3,4.689446451669852e+17,srcav,2,Southern,7,11,2126,2154
2025,1197684159036805120,NCAA OHIO VALLEY,4,4.728799696644956e+17,ethansherwood22,2,Southern,13,5,2525,2140
2025,1197684159036805120,NCAA OHIO VALLEY,5,4.746620413411287e+17,Dreev,1,Yankee,12,6,2368,2206
2025,1197684159036805120,NCAA OHIO VALLEY,6,3.31558449374593e+17,leathershoe4,2,Southern,10,8,2137,2124
2025,1197684159036805120,NCAA OHIO VALLEY,7,6.35700695584043e+17,charlielol,1,Yankee,7,11,2306,2292
2025,1197684159036805120,NCAA OHIO VALLEY,8,4.2675628436516045e+17,mooremc,1,Yankee,3,15,1789,2316
2025,1197684159036805120,NCAA OHIO VALLEY,9,,Unknown,1,Yankee,5,13,1885,2443
2025,1197684159036805120,NCAA OHIO VALLEY,10,5.942421288512963e+17,edgeofdefeat,1,Yankee,8,10,2065,2260
2025,1197684159036805120,NCAA OHIO VALLEY,11,6.381935648068977e+17,Romantryert,1,Yankee,10,8,2519,2405
2025,1197684159036805120,NCAA OHIO VALLEY,12,3.0081410679597466e+17,Firephool,2,Southern,10,8,2496,2347
2025,1197683891784134656,NCAA MOUNTAIN WEST,1,5.968357238610821e+17,RicochetRay,1,SAINT,11,7,2799,2394
2025,1197683891784134656,NCAA MOUNTAIN WEST,2,4.6310651010114765e+17,jmdorsey00,2,SIN,8,10,2221,2412
2025,1197683891784134656,NCAA MOUNTAIN WEST,3,5.606261558338765e+17,HonoredMexican,1,SAINT,11,7,2344,2227
2025,1197683891784134656,NCAA MOUNTAIN WEST,4,5.717674107089019e+17,Kyvend01,2,SIN,1,17,1505,2282
2025,1197683891784134656,NCAA MOUNTAIN WEST,5,4.0598678133540864e+17,RyGuy95,1,SAINT,7,11,1855,2243
2025,1197683891784134656,NCAA MOUNTAIN WEST,6,8.374303271892951e+17,KlondikeBar,2,SIN,10,8,2377,2163
2025,1197683891784134656,NCAA MOUNTAIN WEST,7,6.041558359789445e+17,Vikes1819,1,SAINT,7,11,2243,2290
2025,1197683891784134656,NCAA MOUNTAIN WEST,8,3.257269139663954e+17,bkoldham,2,SIN,11,7,2215,2149
2025,1197683891784134656,NCAA MOUNTAIN WEST,9,5.890019743184036e+17,Mrhawke19,1,SAINT,10,8,2403,2239
2025,1197683891784134656,NCAA MOUNTAIN WEST,10,8.14354227357909e+17,Twistedmentat,2,SIN,13,5,2348,2063
2025,1197683891784134656,NCAA MOUNTAIN WEST,11,7.028974035141591e+17,bdub3,1,SAINT,10,8,2442,2315
2025,1197683891784134656,NCAA MOUNTAIN WEST,12,7.34939566091436e+17,noahdaboa,2,SIN,9,9,2289,2262
2025,1197683812742483968,NCAA HISTORICALLY BLACK,1,4.714271941328855e+17,PhantomXX,2,Hurricane,14,4,2532,2063
2025,1197683812742483968,NCAA HISTORICALLY BLACK,2,7.26970553457537e+17,IndyFantasyGod,1,Mississippi River,2,16,1305,2186
2025,1197683812742483968,NCAA HISTORICALLY BLACK,3,6.400523033779528e+17,lcummings,2,Hurricane,10,8,2365,2302
2025,1197683812742483968,NCAA HISTORICALLY BLACK,4,4.710807934064353e+17,memphismaniac,1,Mississippi River,8,10,2340,2391
2025,1197683812742483968,NCAA HISTORICALLY BLACK,5,1.0727004359218381e+18,DaMagic436,2,Hurricane,17,1,2609,1957
2025,1197683812742483968,NCAA HISTORICALLY BLACK,6,6.921688408214118e+17,DeanFalcon,2,Hurricane,8,10,2002,2049
2025,1197683812742483968,NCAA HISTORICALLY BLACK,7,5.1972806797818675e+17,StrikerS091,1,Mississippi River,6,12,1868,2146
2025,1197683812742483968,NCAA HISTORICALLY BLACK,8,4.678350451811246e+17,wblack2012,1,Mississippi River,9,9,2336,2300
2025,1197683812742483968,NCAA HISTORICALLY BLACK,9,1.26032225972625e+18,Pookieboom,2,Hurricane,4,14,1710,2109
2025,1197683812742483968,NCAA HISTORICALLY BLACK,10,6.942332558257193e+17,bb7661KING,2,Hurricane,9,9,2218,2229
2025,1197683812742483968,NCAA HISTORICALLY BLACK,11,3.276144830002176e+17,Jerryb83,1,Mississippi River,12,6,2300,2004
2025,1197683812742483968,NCAA HISTORICALLY BLACK,12,5.200883765573714e+17,scoobydaeaglemahomes,1,Mississippi River,9,9,2157,2006
2025,1197683737584746496,NCAA USA,1,3.896587007358689e+17,dh671,2,TWISTER,9,9,2318,2197
2025,1197683737584746496,NCAA USA,2,4.646258361929523e+17,brooksy33,1,GULF,10,8,2164,2381
2025,1197683737584746496,NCAA USA,3,5.992868824083948e+17,Botro,2,TWISTER,14,4,2816,2128
2025,1197683737584746496,NCAA USA,4,6.925425118345585e+17,GRIDIRONGANG81,1,GULF,6,12,1824,2293
2025,1197683737584746496,NCAA USA,5,8.665098401246413e+17,JustTouchdown1221,2,TWISTER,10,8,2358,2329
2025,1197683737584746496,NCAA USA,6,5.606117774796677e+17,PatrickT21,2,TWISTER,12,6,2431,2112
2025,1197683737584746496,NCAA USA,7,8.153540975435776e+16,arandrea,2,TWISTER,8,10,2245,2172
2025,1197683737584746496,NCAA USA,8,6.054392460309258e+17,krichknowsbest,2,TWISTER,12,6,2148,2121
2025,1197683737584746496,NCAA USA,9,7.87224085817045e+17,masshole4eva,1,GULF,11,7,2184,1971
2025,1197683737584746496,NCAA USA,10,5.90358219562455e+17,Woolley69,1,GULF,9,9,2004,2036
2025,1197683737584746496,NCAA USA,11,4.602572153290711e+17,bshouseman,1,GULF,7,11,2102,2247
2025,1197683737584746496,NCAA USA,12,6.506279777212457e+17,BroncoZzz,1,GULF,0,18,1642,2249
2025,1197683676763148288,NCAA IVY,1,4.709125102627676e+17,FlynnD,1,RICH,8,10,2298,2434
2025,1197683676763148288,NCAA IVY,2,4.6321270840203264e+17,Matthew12,2,SMART,2,16,1687,2332
2025,1197683676763148288,NCAA IVY,3,4.8012407345669325e+17,Jrodr71,1,RICH,6,12,2095,2196
2025,1197683676763148288,NCAA IVY,4,5.708039897834291e+17,alecgagnon2001,2,SMART,14,4,2444,2196
2025,1197683676763148288,NCAA IVY,5,3.953212761026273e+17,ccassidy,1,RICH,14,4,2621,2159
2025,1197683676763148288,NCAA IVY,6,1.0175882010803692e+18,TJWATTDPOY25,2,SMART,11,7,2377,2150
2025,1197683676763148288,NCAA IVY,7,1.1357845899576525e+18,Hambnr,1,RICH,8,10,2185,2309
2025,1197683676763148288,NCAA IVY,8,4.616881925552824e+17,PhilupMynuts,2,SMART,12,6,2254,2106
2025,1197683676763148288,NCAA IVY,9,8.26963155530711e+16,TheBear1973,1,RICH,9,9,2255,2254
2025,1197683676763148288,NCAA IVY,10,1.1421984660604027e+18,BLACK93BOIZS,2,SMART,3,15,1680,2228
2025,1197683676763148288,NCAA IVY,11,4.608950271790244e+17,jtheadrick98,1,RICH,10,8,2432,2254
2025,1197683676763148288,NCAA IVY,12,4.645951478085673e+17,cobrapanther99,2,SMART,11,7,2524,2234
2025,1197683625282244608,NCAA WILD,1,4.5757931009867366e+17,LanceBoneau,1,PLAINS,15,3,2904,2086
2025,1197683625282244608,NCAA WILD,2,5.453915149157622e+17,Hart123,2,VALLEY,13,5,2365,1995
2025,1197683625282244608,NCAA WILD,3,4.413923123800269e+17,4thdownTD,1,PLAINS,9,9,2054,2182
2025,1197683625282244608,NCAA WILD,4,6.359350036577239e+17,matthewitz,2,VALLEY,7,11,1722,2214
2025,1197683625282244608,NCAA WILD,5,6.425781713544847e+17,FareedB,1,PLAINS,8,10,2055,2042
2025,1197683625282244608,NCAA WILD,6,2.0349691716069786e+17,ThomasHarris,2,VALLEY,11,7,2311,2184
2025,1197683625282244608,NCAA WILD,7,1.2133243961485722e+18,mrflack,1,PLAINS,4,14,1798,2308
2025,1197683625282244608,NCAA WILD,8,4.627149811173253e+17,mku1tra,2,VALLEY,6,12,2061,2185
2025,1197683625282244608,NCAA WILD,9,6.030835353681347e+17,MrBarryMcCockiner,1,PLAINS,4,14,1609,2243
2025,1197683625282244608,NCAA WILD,10,5.05166677990699e+17,olddominion2020,2,VALLEY,15,3,2814,2044
2025,1197683625282244608,NCAA WILD,11,4.3474039397259264e+17,Squinto,1,PLAINS,8,10,2245,2262
2025,1197683625282244608,NCAA WILD,12,4.484464495380357e+17,DBGiants,2,VALLEY,8,10,2103,2297
2025,1197683509209083904,NCAA BIG SKY,1,4.56258200757334e+17,WillyP15,2,Colonies,8,10,2216,2220
2025,1197683509209083904,NCAA BIG SKY,2,4.3925513630960435e+17,PapaCrowther,2,Colonies,9,9,2068,2068
2025,1197683509209083904,NCAA BIG SKY,3,4.4932725310121165e+17,Beastchewy15,2,Colonies,13,5,2604,2076
2025,1197683509209083904,NCAA BIG SKY,4,5.194392763115315e+17,Elestial,1,Frontier,10,8,2140,2167
2025,1197683509209083904,NCAA BIG SKY,5,4.659345196528394e+17,agrakush,2,Colonies,5,13,1792,2123
2025,1197683509209083904,NCAA BIG SKY,6,4.247935114312622e+17,Elwayluva7,1,Frontier,14,4,2632,2067
2025,1197683509209083904,NCAA BIG SKY,7,7.88925319703593e+16,fballfreek80,2,Colonies,12,6,2208,1833
2025,1197683509209083904,NCAA BIG SKY,8,4.374138030013768e+17,Vitus,1,Frontier,14,4,2870,1984
2025,1197683509209083904,NCAA BIG SKY,9,4.486412923777802e+17,Pinky7373,1,Frontier,3,15,1348,2066
2025,1197683509209083904,NCAA BIG SKY,10,3.340149458867487e+17,thejockytype,2,Colonies,3,15,1019,2299
2025,1197683509209083904,NCAA BIG SKY,11,6.043889628988662e+17,mgrant55,1,Frontier,3,15,1711,2141
2025,1197683509209083904,NCAA BIG SKY,12,5.1976712659532595e+17,mssullivan2022,1,Frontier,14,4,2552,2118
2025,1192383184619986944,NCAA PIONEER,1,5.3336398648643584e+17,MattJB87,2,FREEDOM,3,15,1861,2307
2025,1192383184619986944,NCAA PIONEER,2,4.6863857340330394e+17,DownLoMoJo,1,PATRIOT,12,6,2344,2182
2025,1192383184619986944,NCAA PIONEER,3,4.5911034450201395e+17,MyFingerPoints,1,PATRIOT,14,4,2414,2047
2025,1192383184619986944,NCAA PIONEER,4,4.3935192512986726e+17,Daphud,2,FREEDOM,7,11,2235,2249
2025,1192383184619986944,NCAA PIONEER,5,4.321647557093704e+17,EBurkhart,1,PATRIOT,6,12,1659,2275
2025,1192383184619986944,NCAA PIONEER,6,4.557532617653576e+17,BDAVIS309,1,PATRIOT,6,12,2059,2359
2025,1192383184619986944,NCAA PIONEER,7,3.988844136870011e+17,Ortizz,2,FREEDOM,7,11,2209,2277
2025,1192383184619986944,NCAA PIONEER,8,3.399312217672499e+17,CrownMeKing,2,FREEDOM,12,6,2546,2278
2025,1192383184619986944,NCAA PIONEER,9,6.026870875562312e+17,DictatorBerry,1,PATRIOT,10,8,2126,2235
2025,1192383184619986944,NCAA PIONEER,10,3.157365691116503e+17,JMullen175,2,FREEDOM,15,3,2508,1933
2025,1192383184619986944,NCAA PIONEER,11,3.258737125344215e+17,FatPat1251,1,PATRIOT,13,5,2748,2154
2025,1192383184619986944,NCAA PIONEER,12,8.725944652846776e+17,UrMomsFavoriteCoach,2,FREEDOM,3,15,1873,2288
2025,1192383143762542592,NCAA SUN BELT,1,,Unknown,2,REBEL,10,8,2021,2126
2025,1192383143762542592,NCAA SUN BELT,2,8.734618865350369e+17,Tommybuckets000,2,REBEL,12,6,2158,2007
2025,1192383143762542592,NCAA SUN BELT,3,4.819570456673608e+17,Prestongee17,1,BIBLE,7,11,2064,2046
2025,1192383143762542592,NCAA SUN BELT,4,4.4728330573839974e+17,lucchityler,2,REBEL,4,14,1311,2081
2025,1192383143762542592,NCAA SUN BELT,5,5.4646673831696384e+17,PackMan1212,1,BIBLE,7,11,2071,2096
2025,1192383143762542592,NCAA SUN BELT,6,4.650196614953001e+17,Raidersforte,2,REBEL,10,8,2216,2111
2025,1192383143762542592,NCAA SUN BELT,7,5.47214728132608e+17,alphabeasttt,1,BIBLE,13,5,2326,1949
2025,1192383143762542592,NCAA SUN BELT,8,4.4136252146345165e+17,yoboihawks,2,REBEL,13,5,2442,1958
2025,1192383143762542592,NCAA SUN BELT,9,3.801284829000622e+17,denvermanning,1,BIBLE,8,10,1760,1904
2025,1192383143762542592,NCAA SUN BELT,10,4.413304482834637e+17,Fr3shBC11,1,BIBLE,2,16,1093,1894
2025,1192383143762542592,NCAA SUN BELT,11,1.2354531215771116e+18,Resolhjk,1,BIBLE,13,5,2207,1778
2025,1192383143762542592,NCAA SUN BELT,12,4.652979322041098e+17,utsa,2,REBEL,9,9,2227,1947
2025,1192383107391332352,NCAA BIG 12,1,4.4653048690323866e+17,BigSexy3422,1,HEAT,5,13,1935,2224
2025,1192383107391332352,NCAA BIG 12,2,6.677523731118244e+17,trev7293,2,WIND,6,12,1733,2219
2025,1192383107391332352,NCAA BIG 12,3,5.335410563524813e+17,DavidJimm,2,WIND,12,6,2196,2033
2025,1192383107391332352,NCAA BIG 12,4,4.253621142914376e+17,deadheadshane,1,HEAT,12,6,2562,2254
2025,1192383107391332352,NCAA BIG 12,5,4.641177430424248e+17,robertlouis7,1,HEAT,15,3,2897,2075
2025,1192383107391332352,NCAA BIG 12,6,3.359101604698808e+17,elianbruger,1,HEAT,8,10,2006,2082
2025,1192383107391332352,NCAA BIG 12,7,4.253860653736919e+17,Frankeen,2,WIND,10,8,2354,2234
2025,1192383107391332352,NCAA BIG 12,8,5.4392928496277094e+17,alicho,1,HEAT,11,7,2404,2150
2025,1192383107391332352,NCAA BIG 12,9,4.5371106384674406e+17,rchau56,2,WIND,9,9,2106,2100
2025,1192383107391332352,NCAA BIG 12,10,9.899264210845573e+17,FalconsRULE7,2,WIND,1,17,1406,2237
2025,1192383107391332352,NCAA BIG 12,11,6.191900049791386e+17,CousinMose15,1,HEAT,11,7,2314,2242
2025,1192383107391332352,NCAA BIG 12,12,8.207716788491715e+17,Gangly22,2,WIND,8,10,2121,2184
2025,1192383069776863232,NCAA ACC,1,5.717548798253957e+17,ChrisW21,2,COASTAL,11,7,2393,2142
2025,1192383069776863232,NCAA ACC,2,5.681152669012869e+17,MattyBent,2,COASTAL,4,14,2024,2214
2025,1192383069776863232,NCAA ACC,3,8.70105403659309e+17,spendawg,2,COASTAL,10,8,2082,2287
2025,1192383069776863232,NCAA ACC,4,4.5583685150100275e+17,landonh12,2,COASTAL,6,12,2057,2284
2025,1192383069776863232,NCAA ACC,5,4.686187204706263e+17,Yarby,1,ATLANTIC,7,11,2142,2309
2025,1192383069776863232,NCAA ACC,6,4.634538003136471e+17,WhiskyScientist,1,ATLANTIC,9,9,2301,2282
2025,1192383069776863232,NCAA ACC,7,4.536582850614354e+17,fatalbeast,2,COASTAL,12,6,2303,2290
2025,1192383069776863232,NCAA ACC,8,4.561686040066089e+17,eperedetto,1,ATLANTIC,6,12,2180,2441
2025,1192383069776863232,NCAA ACC,9,6.683189675673231e+17,markandrewsisthegoat,2,COASTAL,5,13,2074,2223
2025,1192383069776863232,NCAA ACC,10,7.131896766090035e+17,LetsGooooo365,1,ATLANTIC,13,5,2500,2280
2025,1192383069776863232,NCAA ACC,11,4.5807082990993e+17,Campbell8,1,ATLANTIC,9,9,2337,2365
2025,1192383069776863232,NCAA ACC,12,3.025755275568251e+17,dilbennett,1,ATLANTIC,16,2,2889,2169
2025,1192383038721757184,NCAA PAC 12,1,9.17575404431831e+17,nshox2,2,SOUTH,3,15,1624,2205
2025,1192383038721757184,NCAA PAC 12,2,7.098571722588815e+17,KamaraGOAT41,2,SOUTH,11,7,2295,1946
2025,1192383038721757184,NCAA PAC 12,3,4.70320542868566e+17,Dunebuggy619,1,NORTH,10,8,2213,2184
2025,1192383038721757184,NCAA PAC 12,4,4.7766672366370406e+17,chzhead412,1,NORTH,13,4,2765,2321
2025,1192383038721757184,NCAA PAC 12,5,4.5437240795672986e+17,laynemercer,1,NORTH,11,7,2169,1985
2025,1192383038721757184,NCAA PAC 12,6,3.3882313692338176e+17,samggannon,1,NORTH,6,12,1857,2065
2025,1192383038721757184,NCAA PAC 12,7,5.97246797479469e+17,wrightc214,2,SOUTH,12,5,2920,2343
2025,1192383038721757184,NCAA PAC 12,8,4.603482606539858e+17,keppin,2,SOUTH,3,15,1286,2251
2025,1192383038721757184,NCAA PAC 12,9,5.193900927882977e+17,ScottyW13,1,NORTH,2,16,1835,2534
2025,1192383038721757184,NCAA PAC 12,10,5.346196626506015e+17,ImagineWiigons,1,NORTH,12,6,2269,1906
2025,1192383038721757184,NCAA PAC 12,11,7.646024587845632e+16,seniormeow,2,SOUTH,12,6,2186,1960
2025,1192383038721757184,NCAA PAC 12,12,4.508061825551524e+17,lmerkouSaints,2,SOUTH,12,6,2525,2243
2025,1188461140190814208,NCAA SEC,1,4.414581523915694e+17,tedman546,1,EAST,5,13,2106,2189
2025,1188461140190814208,NCAA SEC,2,5.085168521436938e+17,errand,2,WEST,12,6,2396,2275
2025,1188461140190814208,NCAA SEC,3,4.5795704553497805e+17,ChadLowe,1,EAST,7,11,2114,2122
2025,1188461140190814208,NCAA SEC,4,4.4652453581081395e+17,ahhchainsaw,2,WEST,13,5,2474,2062
2025,1188461140190814208,NCAA SEC,5,5.620323718249513e+17,ryank45,2,WEST,7,11,1981,2196
2025,1188461140190814208,NCAA SEC,6,5.1055645556279296e+17,thatmansanti,2,WEST,14,4,2838,2235
2025,1188461140190814208,NCAA SEC,7,4.616801024097608e+17,kodakjack,1,EAST,2,16,1372,2079
2025,1188461140190814208,NCAA SEC,8,6.346143683775898e+17,MENDl,1,EAST,6,12,1883,2073
2025,1188461140190814208,NCAA SEC,9,1.113534815812309e+18,booogzz,1,EAST,8,10,1774,1941
2025,1188461140190814208,NCAA SEC,10,7.385096091736842e+17,PigMinnow,1,EAST,14,4,2507,2104
2025,1188461140190814208,NCAA SEC,11,5.6028488062069965e+17,devbovino,2,WEST,10,8,2024,2014
2025,1188461140190814208,NCAA SEC,12,4.45468333035221e+17,JosephMarin07,2,WEST,10,8,1978,2156
2025,1187162832969211904,NCAA BIG 10,1,4.657206276390871e+17,Mo00,1,EAST,6,12,1948,2353
2025,1187162832969211904,NCAA BIG 10,2,4.3817817054222336e+17,EthanH,2,WEST,11,7,2690,2147
2025,1187162832969211904,NCAA BIG 10,3,4.374653139115008e+17,kfitch3p,2,WEST,2,16,1600,2323
2025,1187162832969211904,NCAA BIG 10,4,5.721158076368077e+17,BigTexas8,1,EAST,8,10,1987,2142
2025,1187162832969211904,NCAA BIG 10,5,3.85118789936812e+17,AngeloCer,1,EAST,6,12,1999,2171
2025,1187162832969211904,NCAA BIG 10,6,4.605112675645481e+17,laxbro000,2,WEST,9,9,2164,2258
2025,1187162832969211904,NCAA BIG 10,7,4.6051871490781594e+17,linkoftime1,2,WEST,16,2,2912,2170
2025,1187162832969211904,NCAA BIG 10,8,1.2240295558790554e+18,sirlukedude,1,EAST,7,11,1894,2053
2025,1187162832969211904,NCAA BIG 10,9,5.5920865342767514e+17,Klashified,1,EAST,11,7,2562,2272
2025,1187162832969211904,NCAA BIG 10,10,4.5922578873502515e+17,richardson98,2,WEST,8,10,2060,2445
2025,1187162832969211904,NCAA BIG 10,11,4.710562905509028e+17,Schuflakka,2,WEST,12,6,2545,2286
2025,1187162832969211904,NCAA BIG 10,12,4.4387018385391206e+17,chrispychicken,1,EAST,12,6,2425,2166
2025,1183984327853932544,NCAA BIG EAST & CO.,1,1.0875192706632581e+18,sblau24,2,NORTHEAST,10,8,2378,2112
2025,1183984327853932544,NCAA BIG EAST & CO.,2,1.1712561027602514e+18,hurlken,2,NORTHEAST,5,13,1854,2274
2025,1183984327853932544,NCAA BIG EAST & CO.,3,7.184152477817324e+17,averagedude23,1,MIDEAST,10,8,1893,2055
2025,1183984327853932544,NCAA BIG EAST & CO.,4,4.561291909959475e+17,vinceA762,1,MIDEAST,14,4,2586,2328
2025,1183984327853932544,NCAA BIG EAST & CO.,5,8.360252257569341e+17,GuhhhhReggggg38,2,NORTHEAST,11,7,2318,2209
2025,1183984327853932544,NCAA BIG EAST & CO.,6,4.433234271435448e+17,joonbug,1,MIDEAST,12,6,2446,2182
2025,1183984327853932544,NCAA BIG EAST & CO.,7,4.561593459068068e+17,CodeKhaos,2,NORTHEAST,14,4,2763,2312
2025,1183984327853932544,NCAA BIG EAST & CO.,8,4.561672837613445e+17,Claser,2,NORTHEAST,9,9,2201,2089
2025,1183984327853932544,NCAA BIG EAST & CO.,9,8.024804224822067e+17,JEANTY,1,MIDEAST,3,15,1847,2353
2025,1183984327853932544,NCAA BIG EAST & CO.,10,,Unknown,1,MIDEAST,6,12,2234,2353
2025,1183984327853932544,NCAA BIG EAST & CO.,11,4.561822443362017e+17,Ianiners,2,NORTHEAST,2,16,1805,2326
2025,1183984327853932544,NCAA BIG EAST & CO.,12,6.417408993357005e+16,ryno,1,MIDEAST,12,6,2445,2177
