Team,State,Region
Air Force,CO,
Alabama,AL,
Alabama A&M,AL,
Alcorn State,MS,
Arizona,AZ,
Arizona State,AZ,
Arkansas,AR,
Arkansas State,AR,
Army,NY,Northeast
Auburn,AL,
Austin Peay,TN,
Baylor,TX,
Belmont,TN,
Bethune - Cookman,FL,
Boise State,ID,
Boston College,MA,Northeast
Brown,RI,Northeast
Bucknell,PA,Northeast
Butler,IN,
BYU,UT,
California,CA,
Campbell,NC,
Central Arkansas,AR,
Central Michigan,MI,
Charleston Southern,SC,
Chattanooga,TN,
Citadel,SC,
Clemson,SC,
Coastal Carolina,SC,
Colgate,NY,Northeast
Colorado,CO,
Colorado State,CO,
Columbia,NY,Northeast
Cornell,NY,Northeast
Dartmouth,NH,Northeast
Davidson,NC,
Dayton,OH,
Delaware,DE,Northeast
Delaware State,DE,Northeast
Duke,NC,
Eastern Kentucky,KY,
Eastern Michigan,MI,
Eastern Washington,WA,
ETSU,TN,
Florida,FL,
Florida A&M,FL,
Florida Atlantic,FL,
Florida International,FL,
FSU,FL,
Furman,SC,
Georgetown,DC,Northeast
Georgia,GA,
Georgia Southern,GA,
Georgia State,GA,
Georgia Tech,GA,
Grambling State,LA,
Harvard,MA,Northeast
Hawaii,HI,
Holy Cross,MA,Northeast
Howard,DC,Northeast
Fresno State,CA,
Illinois,IL,
Indiana,IN,
Iowa,IA,
Iowa State,IA,
Jackson State,MS,
Jacksonville State,AL,
James Madison,VA,
Kansas,KS,
Kansas State,KS,
Kennesaw State,GA,
Kentucky,KY,
Lehigh,PA,Northeast
Louisiana,LA,
Louisiana Monroe,LA,
Louisiana Tech,LA,
Louisville,KY,
LSU,LA,
Maine,ME,Northeast
Marshall,WV,
Maryland,MD,Northeast
Memphis,TN,
Miami,FL,
Michigan,MI,
Michigan State,MI,
Middle Tennessee State,TN,
Minnesota,MN,
Mississippi State,MS,
Mississippi Valley State,MS,
Missouri,MO,
Monmouth,NJ,Northeast
Montana,MT,
Montana State,MT,
Morehead State,KY,
Murray State,KY,
Navy,MD,Northeast
NC State,NC,
Nebraska,NE,
Nevada,NV,
New Mexico,NM,
North Alabama,AL,
North Carolina,NC,
North Carolina A&T,NC,
North Carolina Central,NC,
North Dakota State,ND,
North Texas,TX,
Northern Iowa,IA,
Northwestern,IL,
Notre Dame,IN,
Ohio State,OH,
Oklahoma,OK,
Oklahoma State,OK,
Old Dominion,VA,
Ole Miss,MS,
Oregon,OR,
Oregon State,OR,
Penn,PA,Northeast
Penn State,PA,Northeast
Pittsburgh,PA,Northeast
Portland State,OR,
Princeton,NJ,Northeast
Purdue,IN,
Rhode Island,RI,Northeast
Rice,TX,
Richmond,VA,
Rutgers,NJ,Northeast
San Diego State,CA,SoCal
San Jose State,CA,
SE Missouri State,MO,
South Alabama,AL,
South Carolina,SC,
South Dakota,SD,
South Dakota State,SD,
Southern,LA,
Southern Miss,MS,
Stanford,CA,
Stony Brook,NY,Northeast
Syracuse,NY,Northeast
TCU,TX,
Temple,PA,Northeast
Tennessee,TN,
Tennessee State,TN,
Texas,TX,
Texas A&M,TX,
Texas State,TX,
Texas Tech,TX,
Troy,AL,
Tulane,LA,
Tulsa,OK,
Tuskegee,AL,
UAB,AL,
UCF,FL,
UCLA,CA,SoCal
UCONN,CT,Northeast
UNC Charlotte,NC,
UNLV,NV,
USC,CA,SoCal
USF,FL,
UT Martin,TN,
Utah,UT,
Utah State,UT,
UTEP,TX,
UTSA,TX,
Vanderbilt,TN,
Villanova,PA,Northeast
Virginia,VA,
Virginia Tech,VA,
Wake Forest,NC,
Washington,WA,
Washington State,WA,
Weber State,UT,
West Virginia,WV,
Western Kentucky,KY,
Wichita State,KS,
William & Mary,VA,
Youngstown State,OH,
Wisconsin,WI,
Wyoming,WY,
Yale,CT,Northeast
Wofford,SC,
