Year,LeagueID,LeagueName,RosterID,OwnerID,OwnerName,Division,DivisionName,Wins,Losses,PointsFor,PointsAgainst
2021,652823294856224768,NCAA PAC 12,1,437465313911500800,kfitch630,2,SOUTH,7,11,2129,2249
2021,652823294856224768,NCAA PAC 12,2,709857172258881536,KamaraGOAT41,2,SOUTH,10,8,2125,2136
2021,652823294856224768,NCAA PAC 12,3,470320542868566016,Dunebuggy619,1,NORTH,6,12,1845,2205
2021,652823294856224768,NCAA PAC 12,4,477666723663704064,chzhead412,1,NORTH,8,10,2377,2325
2021,652823294856224768,NCAA PAC 12,5,619963570297352192,cooperthach,1,NORTH,11,7,2250,2100
2021,652823294856224768,NCAA PAC 12,6,338823136923381760,samggannon,1,NORTH,11,7,2337,2172
2021,652823294856224768,NCAA PAC 12,7,597246797479469056,wrightc214,2,SOUTH,12,6,2567,2243
2021,652823294856224768,NCAA PAC 12,8,449317906098941952,gerad,2,SOUTH,5,13,1751,2225
2021,652823294856224768,NCAA PAC 12,9,519390092788297728,ScottyW13,1,NORTH,7,11,2182,2377
2021,652823294856224768,NCAA PAC 12,10,534619662650601472,ImagineWiigons,1,NORTH,11,7,2344,2050
2021,652823294856224768,NCAA PAC 12,11,76460245878456320,seniormeow,2,SOUTH,11,7,2425,2219
2021,652823294856224768,NCAA PAC 12,12,450806182555152384,lmerkouSaints,2,SOUTH,9,9,2252,2284
2021,652823058658209792,NCAA ACC,1,571754879825395712,ChrisW21,2,COASTAL,6,12,1945,2503
2021,652823058658209792,NCAA ACC,2,568115266901286912,MattyBent,2,COASTAL,12,6,2558,2218
2021,652823058658209792,NCAA ACC,3,519664508596187136,NewGOAT15,2,COASTAL,5,13,2149,2381
2021,652823058658209792,NCAA ACC,4,455836851501002752,landonh12,2,COASTAL,16,2,2889,2037
2021,652823058658209792,NCAA ACC,5,468618720470626304,Yarby,1,ATLANTIC,7,11,2143,2284
2021,652823058658209792,NCAA ACC,6,463453800313647104,WhiskyScientist,1,ATLANTIC,7,11,2249,2342
2021,652823058658209792,NCAA ACC,7,453658285061435392,fatalbeast,2,COASTAL,11,7,2264,2295
2021,652823058658209792,NCAA ACC,8,456168604006608896,eperedetto,1,ATLANTIC,8,10,2071,2331
2021,652823058658209792,NCAA ACC,9,412321968218451968,B1GNate35,2,COASTAL,9,9,2040,2151
2021,652823058658209792,NCAA ACC,10,625717955707117568,superman14,1,ATLANTIC,9,9,2231,2271
2021,652823058658209792,NCAA ACC,11,458070829909929984,Campbell8,1,ATLANTIC,8,10,2297,2235
2021,652823058658209792,NCAA ACC,12,302575527556825088,dilbennett,1,ATLANTIC,10,8,2493,2279
2021,652822938654937088,NCAA BIG SKY,1,516266187571630080,PedroCal,2,Colonies,12,6,2414,2302
2021,652822938654937088,NCAA BIG SKY,2,439255136309604352,PapaCrowther,2,Colonies,15,3,2665,2050
2021,652822938654937088,NCAA BIG SKY,3,449327253101211648,Beastchewy15,2,Colonies,6,12,2052,2313
2021,652822938654937088,NCAA BIG SKY,4,519439276311531520,Elestial,1,Frontier,7,11,2154,2393
2021,652822938654937088,NCAA BIG SKY,5,461273516759576576,Julian1993,2,Colonies,11,7,2635,2482
2021,652822938654937088,NCAA BIG SKY,6,424793511431262208,Elwayluva7,1,Frontier,9,9,2406,2332
2021,652822938654937088,NCAA BIG SKY,7,78892531970359296,fballfreek80,2,Colonies,9,9,2508,2526
2021,652822938654937088,NCAA BIG SKY,8,437413803001376768,Vitus,1,Frontier,3,15,2019,2457
2021,652822938654937088,NCAA BIG SKY,9,448641292377780224,Pinky7373,1,Frontier,6,12,2098,2436
2021,652822938654937088,NCAA BIG SKY,10,450023004458446848,DaLegend,2,Colonies,11,7,2443,2398
2021,652822938654937088,NCAA BIG SKY,11,604388962898866176,mgrant55,1,Frontier,8,10,2292,2314
2021,652822938654937088,NCAA BIG SKY,12,519767126595325952,mssullivan2022,1,Frontier,11,7,2593,2277
2021,652822871495749632,NCAA BIG 12,1,446530486903238656,BigSexy3422,1,HEAT,4,14,1825,2443
2021,652822871495749632,NCAA BIG 12,2,667752373111824384,trev7293,2,WIND,10,7,2200,2247
2021,652822871495749632,NCAA BIG 12,3,468501524721430528,agupta03,2,WIND,10,7,2261,2185
2021,652822871495749632,NCAA BIG 12,4,425362114291437568,deadheadshane,1,HEAT,12,6,2751,2214
2021,652822871495749632,NCAA BIG 12,5,464117743042424832,robertlouis7,1,HEAT,13,5,2621,2314
2021,652822871495749632,NCAA BIG 12,6,335910160469880832,elianbruger,1,HEAT,10,8,2325,2267
2021,652822871495749632,NCAA BIG 12,7,425386065373691904,Frankeen,2,WIND,2,16,1431,2162
2021,652822871495749632,NCAA BIG 12,8,543929284962770944,alicho,1,HEAT,11,7,2672,2402
2021,652822871495749632,NCAA BIG 12,9,453711063846744064,rchau56,2,WIND,14,4,2973,2303
2021,652822871495749632,NCAA BIG 12,10,460518714907815936,linkoftime1,2,WIND,2,16,1704,2373
2021,652822871495749632,NCAA BIG 12,11,619190004979138560,CousinMose15,1,HEAT,8,10,2219,2327
2021,652822871495749632,NCAA BIG 12,12,446397791615315968,FancyLlama,2,WIND,11,7,2319,2065
2021,652822788075229184,NCAA USA,1,389658700735868928,dh671,2,TWISTER,7,11,2243,2317
2021,652822788075229184,NCAA USA,2,464625836192952320,brooksy33,1,GULF,7,11,2362,2447
2021,652822788075229184,NCAA USA,3,89528070197100544,DapperDave89,2,TWISTER,9,9,2357,2302
2021,652822788075229184,NCAA USA,4,332601596233928704,cschaller20,1,GULF,8,10,2129,2245
2021,652822788075229184,NCAA USA,5,651213088258883584,choov323,2,TWISTER,6,12,1918,2210
2021,652822788075229184,NCAA USA,6,560611777479667712,PatrickT21,2,TWISTER,6,12,2384,2461
2021,652822788075229184,NCAA USA,7,651857322645241856,ridinroundinarover,2,TWISTER,7,11,2030,2247
2021,652822788075229184,NCAA USA,8,605439246030925824,krichknowsbest,2,TWISTER,13,5,2466,2176
2021,652822788075229184,NCAA USA,9,645315608073805824,CantguardTW,1,GULF,13,5,2692,2343
2021,652822788075229184,NCAA USA,10,590358219562455040,woolba,1,GULF,13,5,2917,2500
2021,652822788075229184,NCAA USA,11,732763988848410624,ajisgoated,1,GULF,13,5,2464,2459
2021,652822788075229184,NCAA USA,12,650627977721245696,BroncoZzz,1,GULF,6,12,2150,2405
2021,652822724795764736,NCAA BIG EAST & CO.,1,606287974459600896,NoOneInSite,2,NORTHEAST,11,7,2340,2276
2021,652822724795764736,NCAA BIG EAST & CO.,2,389656085486649344,UrTrash,2,NORTHEAST,9,9,2337,2314
2021,652822724795764736,NCAA BIG EAST & CO.,3,333005257409847296,ikemendel,1,MIDEAST,11,7,2321,2269
2021,652822724795764736,NCAA BIG EAST & CO.,4,456129190995947520,vinceA762,1,MIDEAST,12,6,2575,2266
2021,652822724795764736,NCAA BIG EAST & CO.,5,526975488648601600,Potts15,2,NORTHEAST,3,15,1804,2387
2021,652822724795764736,NCAA BIG EAST & CO.,6,443323427143544832,joonbug,1,MIDEAST,8,10,2145,2289
2021,652822724795764736,NCAA BIG EAST & CO.,7,456159345906806784,CodeKhaos,2,NORTHEAST,11,7,2612,2075
2021,652822724795764736,NCAA BIG EAST & CO.,8,456167283761344512,Claser,2,NORTHEAST,15,3,2633,2007
2021,652822724795764736,NCAA BIG EAST & CO.,9,706954972784324608,TylerJudd1,1,MIDEAST,6,12,1889,2138
2021,652822724795764736,NCAA BIG EAST & CO.,10,338858684358623232,Psyclone,1,MIDEAST,7,11,2015,2173
2021,652822724795764736,NCAA BIG EAST & CO.,11,456182244336201728,Ianiners,2,NORTHEAST,9,9,2305,2317
2021,652822724795764736,NCAA BIG EAST & CO.,12,64174089933570048,ryno,1,MIDEAST,6,12,1961,2426
2021,652822666251710464,NCAA IVY,1,470912510262767616,FlynnD,1,RICH,13,5,2520,2167
2021,652822666251710464,NCAA IVY,2,,Unknown,2,SMART,11,7,2388,2274
2021,652822666251710464,NCAA IVY,3,480124073456693248,Jrodr71,1,RICH,11,7,2393,2254
2021,652822666251710464,NCAA IVY,4,570803989783429120,alecgagnon2001,2,SMART,2,16,1639,2386
2021,652822666251710464,NCAA IVY,5,395321276102627328,ccassidy,1,RICH,4,14,2053,2450
2021,652822666251710464,NCAA IVY,6,508415252621357056,ryanmchugh,2,SMART,11,7,2489,2244
2021,652822666251710464,NCAA IVY,7,463944449920069632,Spence24,1,RICH,6,12,2224,2235
2021,652822666251710464,NCAA IVY,8,461688192555282432,PhilupMynuts,2,SMART,9,9,2187,2221
2021,652822666251710464,NCAA IVY,9,460518714907815936,linkoftime1,1,RICH,16,2,2828,2074
2021,652822666251710464,NCAA IVY,10,,Unknown,2,SMART,2,16,1395,2465
2021,652822666251710464,NCAA IVY,11,460895027179024384,jtheadrick98,1,RICH,12,6,2631,2180
2021,652822666251710464,NCAA IVY,12,464595147808567296,cobrapanther99,2,SMART,11,7,2322,2117
2021,652822592985579520,NCAA PIONEER,1,533363986486435840,MattJB87,2,FREEDOM,15,3,2720,2165
2021,652822592985579520,NCAA PIONEER,2,604755917715607552,plazzmarc,1,PATRIOT,1,17,1692,2469
2021,652822592985579520,NCAA PIONEER,3,459110344502013952,MyFingerPoints,1,PATRIOT,7,11,2245,2304
2021,652822592985579520,NCAA PIONEER,4,519460302416203776,AccusedRanger97,2,FREEDOM,3,15,1788,2450
2021,652822592985579520,NCAA PIONEER,5,561684253895716864,fwen,1,PATRIOT,10,8,1896,2001
2021,652822592985579520,NCAA PIONEER,6,455753261765357568,BDAVIS309,1,PATRIOT,9,9,2364,2407
2021,652822592985579520,NCAA PIONEER,7,475391637342646272,rgroban,2,FREEDOM,9,9,2229,2262
2021,652822592985579520,NCAA PIONEER,8,339931221767249920,CrownMeKing,2,FREEDOM,11,7,2579,2195
2021,652822592985579520,NCAA PIONEER,9,698206840328134656,ishaansethi,1,PATRIOT,8,10,2193,2133
2021,652822592985579520,NCAA PIONEER,10,460518714907815936,linkoftime1,2,FREEDOM,10,8,2247,1995
2021,652822592985579520,NCAA PIONEER,11,520108377286893568,HPTexans,1,PATRIOT,8,10,1945,2211
2021,652822592985579520,NCAA PIONEER,12,519675297838780416,willsingle05,2,FREEDOM,17,1,2760,2065
2021,652822508415823872,NCAA WILD,1,457579310098673664,LanceBoneau,1,PLAINS,16,2,2740,2020
2021,652822508415823872,NCAA WILD,2,635686851117670400,WillAllen,2,VALLEY,8,10,2274,2314
2021,652822508415823872,NCAA WILD,3,441392312380026880,4thdownTD,1,PLAINS,13,5,2799,2337
2021,652822508415823872,NCAA WILD,4,635935003657723904,matthewitz,2,VALLEY,13,5,2441,2093
2021,652822508415823872,NCAA WILD,5,642578171354484736,FareedB,1,PLAINS,6,12,1989,2442
2021,652822508415823872,NCAA WILD,6,203496917160697856,ThomasHarris,2,VALLEY,1,17,1684,2369
2021,652822508415823872,NCAA WILD,7,561674255216046080,SlatonDa3rd,1,PLAINS,3,15,1431,2229
2021,652822508415823872,NCAA WILD,8,462714981117325312,Buckeyefan5184,2,VALLEY,11,7,2619,2245
2021,652822508415823872,NCAA WILD,9,603083535368134656,MrBarryMcCockiner,1,PLAINS,6,12,2082,2299
2021,652822508415823872,NCAA WILD,10,505166677990699008,olddominion2020,2,VALLEY,11,7,2336,2259
2021,652822508415823872,NCAA WILD,11,434740393972592640,Squinto,1,PLAINS,10,8,2281,2244
2021,652822508415823872,NCAA WILD,12,460518714907815936,linkoftime1,2,VALLEY,10,8,2359,2185
2021,652822437578215424,NCAA SUN BELT,1,429733810611949568,Piglet10,2,REBEL,10,8,2011,2163
2021,652822437578215424,NCAA SUN BELT,2,458650904741015552,CRicks3,2,REBEL,15,3,2533,2136
2021,652822437578215424,NCAA SUN BELT,3,481957045667360768,Prestongee17,1,BIBLE,11,7,2787,2231
2021,652822437578215424,NCAA SUN BELT,4,447283305738399744,Lucchityler,2,REBEL,10,8,2291,2086
2021,652822437578215424,NCAA SUN BELT,5,546466738316963840,PackMan1212,1,BIBLE,6,12,1663,2256
2021,652822437578215424,NCAA SUN BELT,6,465019661495300096,Raidersforte,2,REBEL,7,11,2130,2239
2021,652822437578215424,NCAA SUN BELT,7,547214728132608000,ericdas12,1,BIBLE,8,10,2058,2235
2021,652822437578215424,NCAA SUN BELT,8,441362521463451648,yoboihawks,2,REBEL,10,8,2449,2168
2021,652822437578215424,NCAA SUN BELT,9,460518714907815936,linkoftime1,1,BIBLE,4,14,1698,2340
2021,652822437578215424,NCAA SUN BELT,10,441330448283463680,Fr3shBC11,1,BIBLE,13,5,2502,2174
2021,652822437578215424,NCAA SUN BELT,11,461681329860243456,ryanfried2,1,BIBLE,10,8,2223,2020
2021,652822437578215424,NCAA SUN BELT,12,465297932204109824,utsa,2,REBEL,4,14,1884,2182
2021,652822356867264512,NCAA SEC,1,441458152391569408,andcousinsissacked,1,EAST,10,8,2166,2119
2021,652822356867264512,NCAA SEC,2,437752171740524544,menacesober,2,WEST,10,8,2211,2222
2021,652822356867264512,NCAA SEC,3,457957045534978048,ChadLowe,1,EAST,5,13,1955,2239
2021,652822356867264512,NCAA SEC,4,446524535810813952,ahhchainsaw,2,WEST,11,7,2389,2369
2021,652822356867264512,NCAA SEC,5,562032371824951296,ryank45,2,WEST,11,7,2470,2224
2021,652822356867264512,NCAA SEC,6,510556455562792960,thatmansanti,2,WEST,10,8,2573,2186
2021,652822356867264512,NCAA SEC,7,461680102409760768,kodakjack,1,EAST,7,11,1918,2055
2021,652822356867264512,NCAA SEC,8,749707909142802432,BeefTrapeze,1,EAST,9,9,2192,2330
2021,652822356867264512,NCAA SEC,9,503639845369802752,gregorybly,1,EAST,10,8,2140,2223
2021,652822356867264512,NCAA SEC,10,641695634772025344,TimothyMartinFF,1,EAST,13,5,2399,1977
2021,652822356867264512,NCAA SEC,11,560284880620699648,devbovino,2,WEST,4,14,1872,2288
2021,652822356867264512,NCAA SEC,12,445468333035220992,JosephMarin07,2,WEST,8,10,2231,2283
2021,652822293206081536,NCAA MOUNTAIN WEST,1,626596982345129984,dukiev99,1,SAINT,11,7,2271,2020
2021,652822293206081536,NCAA MOUNTAIN WEST,2,463106510101147648,bucketmikal14,2,SIN,7,11,2096,2315
2021,652822293206081536,NCAA MOUNTAIN WEST,3,463057520089362432,ryanl17,1,SAINT,6,12,1998,2281
2021,652822293206081536,NCAA MOUNTAIN WEST,4,571767410708901888,Kyvend01,2,SIN,9,9,2017,2026
2021,652822293206081536,NCAA MOUNTAIN WEST,5,609605414685859840,KingWapo,1,SAINT,11,7,2198,1947
2021,652822293206081536,NCAA MOUNTAIN WEST,6,482448684026425344,Avery33,2,SIN,7,11,1861,2158
2021,652822293206081536,NCAA MOUNTAIN WEST,7,519460302416203776,AccusedRanger97,1,SAINT,3,15,1663,2078
2021,652822293206081536,NCAA MOUNTAIN WEST,8,325726913966395392,bkoldham,2,SIN,14,4,2252,1909
2021,652822293206081536,NCAA MOUNTAIN WEST,9,460518714907815936,linkoftime1,1,SAINT,10,8,2294,2192
2021,652822293206081536,NCAA MOUNTAIN WEST,10,461772326111801344,Chang,2,SIN,10,8,2309,2192
2021,652822293206081536,NCAA MOUNTAIN WEST,11,468116813004140544,ZMATH11,1,SAINT,11,7,2193,2017
2021,652822293206081536,NCAA MOUNTAIN WEST,12,322205296309051392,TBLowery58,2,SIN,9,9,2373,2391
2021,652822152327815168,NCAA HISTORICALLY BLACK,1,471427194132885504,PhantomXX,2,Hurricane,6,12,1897,2316
2021,652822152327815168,NCAA HISTORICALLY BLACK,2,303281379553058816,ImRickJames,1,Mississippi River,4,14,1842,2179
2021,652822152327815168,NCAA HISTORICALLY BLACK,3,640052303377952768,lcummings,2,Hurricane,6,12,2196,2319
2021,652822152327815168,NCAA HISTORICALLY BLACK,4,640086413861294080,csmith1222,1,Mississippi River,10,8,2430,2437
2021,652822152327815168,NCAA HISTORICALLY BLACK,5,519656908428791808,tpearson2222,2,Hurricane,7,11,1877,2012
2021,652822152327815168,NCAA HISTORICALLY BLACK,6,692168840821411840,DeanFalcon,2,Hurricane,11,7,2256,2260
2021,652822152327815168,NCAA HISTORICALLY BLACK,7,519728067978186752,StrikerS091,1,Mississippi River,9,9,2152,2136
2021,652822152327815168,NCAA HISTORICALLY BLACK,8,467835045181124608,wblack2012,1,Mississippi River,8,10,2055,2275
2021,652822152327815168,NCAA HISTORICALLY BLACK,9,631893934183882752,aaronlaw,2,Hurricane,12,6,2659,2212
2021,652822152327815168,NCAA HISTORICALLY BLACK,10,694233255825719296,bb7661KING,2,Hurricane,15,3,2714,2107
2021,652822152327815168,NCAA HISTORICALLY BLACK,11,327614483000217600,Jerryb83,1,Mississippi River,7,11,2217,2279
2021,652822152327815168,NCAA HISTORICALLY BLACK,12,460518714907815936,linkoftime1,1,Mississippi River,13,5,2344,2107
2021,652821876346810368,NCAA BIG 10,1,340600026956906496,CanadaGoose0505,1,EAST,11,7,2804,2335
2021,652821876346810368,NCAA BIG 10,2,438178170542223360,EthanH,2,WEST,11,7,2437,2268
2021,652821876346810368,NCAA BIG 10,3,456550391375458304,Clamonte,2,WEST,5,13,2164,2246
2021,652821876346810368,NCAA BIG 10,4,519389380047458304,URTOASTS,1,EAST,5,13,1814,2266
2021,652821876346810368,NCAA BIG 10,5,459190461706268672,jreilly,1,EAST,13,5,2737,2397
2021,652821876346810368,NCAA BIG 10,6,460511267564548096,laxbro000,2,WEST,13,5,2561,2249
2021,652821876346810368,NCAA BIG 10,7,460518714907815936,linkoftime1,2,WEST,11,7,2549,2409
2021,652821876346810368,NCAA BIG 10,8,519694666546008064,eseromo760,1,EAST,10,8,2157,2151
2021,652821876346810368,NCAA BIG 10,9,559208653427675136,DavidAshley,1,EAST,11,7,2380,2182
2021,652821876346810368,NCAA BIG 10,10,459225788735025152,richardson98,2,WEST,6,12,1998,2446
2021,652821876346810368,NCAA BIG 10,11,388919621245210624,SpinachAssasin,2,WEST,11,7,2647,2190
2021,652821876346810368,NCAA BIG 10,12,443870183853912064,chrispychicken,1,EAST,1,17,1261,2371
2021,644097339790827520,NCAA OHIO VALLEY,1,571753677428977664,Mistafyer,2,Southern,8,10,2136,2192
2021,644097339790827520,NCAA OHIO VALLEY,2,601198801197260800,LMarkiewicz04,2,Southern,6,12,1968,2246
2021,644097339790827520,NCAA OHIO VALLEY,3,468944645166985216,srcav,2,Southern,13,5,2836,2225
2021,644097339790827520,NCAA OHIO VALLEY,4,472879969664495616,ethansherwood22,2,Southern,13,5,2627,2361
2021,644097339790827520,NCAA OHIO VALLEY,5,474662041341128704,Dreev,1,Yankee,8,10,2417,2228
2021,644097339790827520,NCAA OHIO VALLEY,6,331558449374593024,leathershoe4,2,Southern,8,10,2141,2358
2021,644097339790827520,NCAA OHIO VALLEY,7,635700695584043008,charlielol,1,Yankee,8,10,2350,2412
2021,644097339790827520,NCAA OHIO VALLEY,8,69768813763510272,ThongBonerstorm,1,Yankee,7,11,2197,2471
2021,644097339790827520,NCAA OHIO VALLEY,9,347683464398749696,ducttapeit,1,Yankee,12,6,2213,2088
2021,644097339790827520,NCAA OHIO VALLEY,10,594242128851296256,kevinedge,1,Yankee,5,13,2119,2610
2021,644097339790827520,NCAA OHIO VALLEY,11,638193564806897664,Romantryert,1,Yankee,13,5,2615,2416
2021,644097339790827520,NCAA OHIO VALLEY,12,327689364916146176,McNaga,2,Southern,7,11,2208,2218
2022,787469647648763904,NCAA MOUNTAIN WEST,1,596835723861082112,RicochetRay,1,SAINT,14,4,2770,2323
2022,787469647648763904,NCAA MOUNTAIN WEST,2,463106510101147648,jmdorsey00,2,SIN,10,8,2418,2098
2022,787469647648763904,NCAA MOUNTAIN WEST,3,560626155833876480,HonoredMexican,1,SAINT,14,4,2606,2089
2022,787469647648763904,NCAA MOUNTAIN WEST,4,571767410708901888,Kyvend01,2,SIN,10,8,2567,2329
2022,787469647648763904,NCAA MOUNTAIN WEST,5,757350771300880384,Thomash2442,1,SAINT,11,7,2275,2242
2022,787469647648763904,NCAA MOUNTAIN WEST,6,482448684026425344,Avery33,2,SIN,2,16,1633,2289
2022,787469647648763904,NCAA MOUNTAIN WEST,7,467489585379667968,loganhall17,1,SAINT,3,15,1632,2359
2022,787469647648763904,NCAA MOUNTAIN WEST,8,325726913966395392,bkoldham,2,SIN,11,7,2309,2200
2022,787469647648763904,NCAA MOUNTAIN WEST,9,589001974318403584,Mrhawke19,1,SAINT,10,8,2393,2320
2022,787469647648763904,NCAA MOUNTAIN WEST,10,814354227357908992,Twistedmentat,2,SIN,6,12,1969,2218
2022,787469647648763904,NCAA MOUNTAIN WEST,11,,Unknown,1,SAINT,8,10,2012,2140
2022,787469647648763904,NCAA MOUNTAIN WEST,12,444590065046253568,reedymang,2,SIN,9,9,2276,2252
2022,787469620847190016,NCAA BIG EAST & CO.,1,746553377818841088,DELETED-boW6VP286Lk3,2,NORTHEAST,10,8,2216,2191
2022,787469620847190016,NCAA BIG EAST & CO.,2,389656085486649344,UrTrash,2,NORTHEAST,9,9,2206,2178
2022,787469620847190016,NCAA BIG EAST & CO.,3,333005257409847296,ikemendel,1,MIDEAST,7,11,2029,2324
2022,787469620847190016,NCAA BIG EAST & CO.,4,456129190995947520,vinceA762,1,MIDEAST,6,12,1987,2228
2022,787469620847190016,NCAA BIG EAST & CO.,5,836025225756934144,ngregg38,2,NORTHEAST,0,18,1627,2245
2022,787469620847190016,NCAA BIG EAST & CO.,6,443323427143544832,joonbug,1,MIDEAST,10,8,2318,2168
2022,787469620847190016,NCAA BIG EAST & CO.,7,456159345906806784,CodeKhaos,2,NORTHEAST,12,6,2652,2340
2022,787469620847190016,NCAA BIG EAST & CO.,8,456167283761344512,Claser,2,NORTHEAST,14,4,2716,2198
2022,787469620847190016,NCAA BIG EAST & CO.,9,802480422482206720,POLOONTOP,1,MIDEAST,7,11,1962,2165
2022,787469620847190016,NCAA BIG EAST & CO.,10,338858684358623232,Psyclone,1,MIDEAST,9,9,2241,2286
2022,787469620847190016,NCAA BIG EAST & CO.,11,456182244336201728,Ianiners,2,NORTHEAST,13,5,2519,2270
2022,787469620847190016,NCAA BIG EAST & CO.,12,64174089933570048,ryno,1,MIDEAST,11,7,2326,2206
2022,787469585417945088,NCAA OHIO VALLEY,1,571753677428977664,Mistafyer,2,Southern,8,10,2068,2377
2022,787469585417945088,NCAA OHIO VALLEY,2,601198801197260800,LMarkiewicz04,2,Southern,14,4,2838,2122
2022,787469585417945088,NCAA OHIO VALLEY,3,468944645166985216,srcav,2,Southern,10,8,2536,2289
2022,787469585417945088,NCAA OHIO VALLEY,4,472879969664495616,ethansherwood22,2,Southern,7,11,1993,2163
2022,787469585417945088,NCAA OHIO VALLEY,5,474662041341128704,Dreev,1,Yankee,9,9,2053,1990
2022,787469585417945088,NCAA OHIO VALLEY,6,331558449374593024,leathershoe4,2,Southern,15,3,2800,2097
2022,787469585417945088,NCAA OHIO VALLEY,7,635700695584043008,charlielol,1,Yankee,9,9,2213,2150
2022,787469585417945088,NCAA OHIO VALLEY,8,69768813763510272,ThongBonerstorm,1,Yankee,10,8,2208,2330
2022,787469585417945088,NCAA OHIO VALLEY,9,347683464398749696,AlabamaBobbyCue,1,Yankee,5,13,1869,2349
2022,787469585417945088,NCAA OHIO VALLEY,10,594242128851296256,kevinedge,1,Yankee,9,9,2187,2181
2022,787469585417945088,NCAA OHIO VALLEY,11,638193564806897664,Romantryert,1,Yankee,10,8,2438,2354
2022,787469585417945088,NCAA OHIO VALLEY,12,327689364916146176,McNaga,2,Southern,2,16,1572,2375
2022,787469538403921920,NCAA HISTORICALLY BLACK,1,471427194132885504,PhantomXX,2,Hurricane,9,9,1943,2049
2022,787469538403921920,NCAA HISTORICALLY BLACK,2,,Unknown,1,Mississippi River,5,13,1739,2157
2022,787469538403921920,NCAA HISTORICALLY BLACK,3,640052303377952768,lcummings,2,Hurricane,11,7,2293,2010
2022,787469538403921920,NCAA HISTORICALLY BLACK,4,640086413861294080,csmith1222,1,Mississippi River,10,8,2365,2290
2022,787469538403921920,NCAA HISTORICALLY BLACK,5,519656908428791808,tpearson2222,2,Hurricane,10,8,2160,2410
2022,787469538403921920,NCAA HISTORICALLY BLACK,6,692168840821411840,DeanFalcon,2,Hurricane,10,8,2293,2111
2022,787469538403921920,NCAA HISTORICALLY BLACK,7,519728067978186752,StrikerS091,1,Mississippi River,4,14,1697,2253
2022,787469538403921920,NCAA HISTORICALLY BLACK,8,467835045181124608,wblack2012,1,Mississippi River,10,8,2179,2055
2022,787469538403921920,NCAA HISTORICALLY BLACK,9,631893934183882752,aaronlaw,2,Hurricane,5,13,1927,2215
2022,787469538403921920,NCAA HISTORICALLY BLACK,10,694233255825719296,bb7661KING,2,Hurricane,13,5,2665,2161
2022,787469538403921920,NCAA HISTORICALLY BLACK,11,327614483000217600,Jerryb83,1,Mississippi River,11,7,2318,2107
2022,787469538403921920,NCAA HISTORICALLY BLACK,12,520088376557371392,scoobydaeaglemahomes,1,Mississippi River,10,8,2320,2082
2022,787469508792152064,NCAA WILD,1,457579310098673664,LanceBoneau,1,PLAINS,11,7,2620,2256
2022,787469508792152064,NCAA WILD,2,635686851117670400,WillAllen,2,VALLEY,5,13,1932,2298
2022,787469508792152064,NCAA WILD,3,441392312380026880,4thdownTD,1,PLAINS,16,2,2776,2136
2022,787469508792152064,NCAA WILD,4,635935003657723904,matthewitz,2,VALLEY,13,5,2457,2261
2022,787469508792152064,NCAA WILD,5,642578171354484736,FareedB,1,PLAINS,7,11,2239,2266
2022,787469508792152064,NCAA WILD,6,203496917160697856,ThomasHarris,2,VALLEY,2,16,1763,2336
2022,787469508792152064,NCAA WILD,7,603460801289863168,lumosityfan,1,PLAINS,7,11,1981,2348
2022,787469508792152064,NCAA WILD,8,462714981117325312,Buckeyefan5184,2,VALLEY,12,6,2469,2180
2022,787469508792152064,NCAA WILD,9,603083535368134656,MrBarryMcCockiner,1,PLAINS,9,9,1977,2070
2022,787469508792152064,NCAA WILD,10,505166677990699008,olddominion2020,2,VALLEY,12,6,2539,2255
2022,787469508792152064,NCAA WILD,11,434740393972592640,Squinto,1,PLAINS,6,12,1806,2183
2022,787469508792152064,NCAA WILD,12,448446449538035712,DBGiants,2,VALLEY,8,10,2351,2322
2022,787469482338717696,NCAA PIONEER,1,533363986486435840,MattJB87,2,FREEDOM,12,6,2568,2351
2022,787469482338717696,NCAA PIONEER,2,468638573403303936,DownLoMoJo,1,PATRIOT,7,11,2097,2282
2022,787469482338717696,NCAA PIONEER,3,459110344502013952,MyFingerPoints,1,PATRIOT,5,13,1975,2280
2022,787469482338717696,NCAA PIONEER,4,439351925129867264,Daphud,2,FREEDOM,3,15,1482,2118
2022,787469482338717696,NCAA PIONEER,5,432164755709370368,EBurkhart,1,PATRIOT,13,5,2319,2273
2022,787469482338717696,NCAA PIONEER,6,455753261765357568,BDAVIS309,1,PATRIOT,9,9,2189,2305
2022,787469482338717696,NCAA PIONEER,7,398884413687001088,OrtizTheGod,2,FREEDOM,9,9,2304,2200
2022,787469482338717696,NCAA PIONEER,8,339931221767249920,CrownMeKing,2,FREEDOM,14,4,2590,2169
2022,787469482338717696,NCAA PIONEER,9,602687087556231168,DictatorBerry,1,PATRIOT,8,10,2117,2067
2022,787469482338717696,NCAA PIONEER,10,475385751685558272,Shemann20,2,FREEDOM,5,13,1875,2184
2022,787469482338717696,NCAA PIONEER,11,437042046633504768,TheDrapFather,1,PATRIOT,9,9,2410,2220
2022,787469482338717696,NCAA PIONEER,12,519675297838780416,willsingle05,2,FREEDOM,14,4,2654,2128
2022,787469399828365312,NCAA IVY,1,470912510262767616,FlynnD,1,RICH,12,6,2572,2254
2022,787469399828365312,NCAA IVY,2,463212708402032640,Matthew12,2,SMART,6,12,2097,2265
2022,787469399828365312,NCAA IVY,3,480124073456693248,Jrodr71,1,RICH,3,15,1945,2518
2022,787469399828365312,NCAA IVY,4,570803989783429120,alecgagnon2001,2,SMART,3,15,1813,2265
2022,787469399828365312,NCAA IVY,5,395321276102627328,ccassidy,1,RICH,12,6,2218,2131
2022,787469399828365312,NCAA IVY,6,508415252621357056,ryanmchugh,2,SMART,14,4,2219,2035
2022,787469399828365312,NCAA IVY,7,826571292240109568,KamaraMinute,1,RICH,9,9,2316,2371
2022,787469399828365312,NCAA IVY,8,461688192555282432,PhilupMynuts,2,SMART,7,11,2149,2146
2022,787469399828365312,NCAA IVY,9,446519431196045312,MarBra24,1,RICH,11,7,2404,2146
2022,787469399828365312,NCAA IVY,10,587867701595119616,BlackBOI93,2,SMART,9,9,2046,2023
2022,787469399828365312,NCAA IVY,11,460895027179024384,jtheadrick98,1,RICH,9,9,2419,2275
2022,787469399828365312,NCAA IVY,12,464595147808567296,cobrapanther99,2,SMART,13,5,2436,2205
2022,787469368543035392,NCAA USA,1,389658700735868928,dh671,2,TWISTER,9,9,2165,2296
2022,787469368543035392,NCAA USA,2,464625836192952320,brooksy33,1,GULF,12,6,2310,2199
2022,787469368543035392,NCAA USA,3,89528070197100544,DapperDave89,2,TWISTER,6,12,2178,2363
2022,787469368543035392,NCAA USA,4,692542511834558464,GRIDIRONGANG81,1,GULF,7,11,1924,2053
2022,787469368543035392,NCAA USA,5,720107653187047424,averageffplayer,2,TWISTER,2,16,1467,1989
2022,787469368543035392,NCAA USA,6,560611777479667712,PatrickT21,2,TWISTER,11,7,2328,2099
2022,787469368543035392,NCAA USA,7,651857322645241856,ridinroundinarover,2,TWISTER,7,11,1804,2150
2022,787469368543035392,NCAA USA,8,605439246030925824,krichknowsbest,2,TWISTER,11,7,2432,2233
2022,787469368543035392,NCAA USA,9,826900217294094336,JacksonGardner5,1,GULF,11,7,2357,2151
2022,787469368543035392,NCAA USA,10,590358219562455040,Woolley69,1,GULF,15,3,2746,2072
2022,787469368543035392,NCAA USA,11,725895632845357056,T0rey,1,GULF,8,10,2185,2253
2022,787469368543035392,NCAA USA,12,650627977721245696,BroncoZzz,1,GULF,9,9,2147,2186
2022,787428947523657728,NCAA BIG SKY,1,891425488877494272,AJ2319,2,Colonies,2,16,1460,2197
2022,787428947523657728,NCAA BIG SKY,2,439255136309604352,PapaCrowther,2,Colonies,11,7,2164,2209
2022,787428947523657728,NCAA BIG SKY,3,449327253101211648,Beastchewy15,2,Colonies,8,10,2211,2237
2022,787428947523657728,NCAA BIG SKY,4,519439276311531520,Elestial,1,Frontier,10,8,2630,2395
2022,787428947523657728,NCAA BIG SKY,5,465934519652839424,agrakush,2,Colonies,9,9,2182,2258
2022,787428947523657728,NCAA BIG SKY,6,424793511431262208,Elwayluva7,1,Frontier,10,8,2497,2225
2022,787428947523657728,NCAA BIG SKY,7,78892531970359296,fballfreek80,2,Colonies,13,5,2334,2131
2022,787428947523657728,NCAA BIG SKY,8,437413803001376768,Vitus,1,Frontier,13,5,2459,2098
2022,787428947523657728,NCAA BIG SKY,9,448641292377780224,Pinky7373,1,Frontier,5,13,1894,2306
2022,787428947523657728,NCAA BIG SKY,10,450023004458446848,DaLegend,2,Colonies,6,12,2248,2359
2022,787428947523657728,NCAA BIG SKY,11,604388962898866176,mgrant55,1,Frontier,9,9,2195,2308
2022,787428947523657728,NCAA BIG SKY,12,519767126595325952,mssullivan2022,1,Frontier,12,6,2626,2178
2022,787428905404465152,NCAA SUN BELT,1,429733810611949568,Piglet10,2,REBEL,2,16,1585,2149
2022,787428905404465152,NCAA SUN BELT,2,458650904741015552,CRicks3,2,REBEL,12,6,2474,2348
2022,787428905404465152,NCAA SUN BELT,3,481957045667360768,Prestongee17,1,BIBLE,14,4,2550,2236
2022,787428905404465152,NCAA SUN BELT,4,447283305738399744,Lucchityler,2,REBEL,7,11,2318,2211
2022,787428905404465152,NCAA SUN BELT,5,546466738316963840,PackMan1212,1,BIBLE,3,15,1686,2385
2022,787428905404465152,NCAA SUN BELT,6,465019661495300096,Raidersforte,2,REBEL,7,11,2190,2252
2022,787428905404465152,NCAA SUN BELT,7,547214728132608000,alphabeasttt,1,BIBLE,13,5,2463,2189
2022,787428905404465152,NCAA SUN BELT,8,441362521463451648,yoboihawks,2,REBEL,14,4,2773,2011
2022,787428905404465152,NCAA SUN BELT,9,380128482900062208,denvermanning,1,BIBLE,3,15,1607,2319
2022,787428905404465152,NCAA SUN BELT,10,441330448283463680,Fr3shBC11,1,BIBLE,13,5,2640,2162
2022,787428905404465152,NCAA SUN BELT,11,461681329860243456,ryanfried2,1,BIBLE,11,7,2212,2068
2022,787428905404465152,NCAA SUN BELT,12,465297932204109824,utsa,2,REBEL,9,9,2027,2194
2022,787428859766263808,NCAA SEC,1,441458152391569408,andcousinsissacked,1,EAST,8,10,2020,2150
2022,787428859766263808,NCAA SEC,2,692038679077650432,Dillydilly02,2,WEST,10,8,2269,2294
2022,787428859766263808,NCAA SEC,3,457957045534978048,ChadLowe,1,EAST,7,11,1996,2221
2022,787428859766263808,NCAA SEC,4,446524535810813952,ahhchainsaw,2,WEST,13,5,2839,2164
2022,787428859766263808,NCAA SEC,5,562032371824951296,ryank45,2,WEST,14,4,2628,2108
2022,787428859766263808,NCAA SEC,6,510556455562792960,thatmansanti,2,WEST,11,7,2437,2085
2022,787428859766263808,NCAA SEC,7,461680102409760768,kodakjack,1,EAST,8,10,1978,2128
2022,787428859766263808,NCAA SEC,8,749707909142802432,BeefTrapeze,1,EAST,5,13,1799,2080
2022,787428859766263808,NCAA SEC,9,503639845369802752,gregorybly,1,EAST,11,7,2359,2172
2022,787428859766263808,NCAA SEC,10,510483000784015360,Christian4,1,EAST,6,12,1900,2161
2022,787428859766263808,NCAA SEC,11,560284880620699648,devbovino,2,WEST,10,8,1922,2112
2022,787428859766263808,NCAA SEC,12,445468333035220992,JosephMarin07,2,WEST,5,13,1726,2199
2022,787428826962571264,NCAA BIG 12,1,446530486903238656,BigSexy3422,1,HEAT,14,4,2488,2289
2022,787428826962571264,NCAA BIG 12,2,667752373111824384,trev7293,2,WIND,13,5,2559,2131
2022,787428826962571264,NCAA BIG 12,3,533541056352481280,DavidJimm,2,WIND,6,12,2005,2270
2022,787428826962571264,NCAA BIG 12,4,425362114291437568,deadheadshane,1,HEAT,11,7,2496,2215
2022,787428826962571264,NCAA BIG 12,5,464117743042424832,robertlouis7,1,HEAT,7,11,2230,2353
2022,787428826962571264,NCAA BIG 12,6,335910160469880832,elianbruger,1,HEAT,12,6,2426,2047
2022,787428826962571264,NCAA BIG 12,7,425386065373691904,Frankeen,2,WIND,7,11,2103,2219
2022,787428826962571264,NCAA BIG 12,8,543929284962770944,alicho,1,HEAT,9,9,2554,2329
2022,787428826962571264,NCAA BIG 12,9,453711063846744064,rchau56,2,WIND,12,6,2254,2128
2022,787428826962571264,NCAA BIG 12,10,453230006181556224,Samara,2,WIND,4,14,1646,2231
2022,787428826962571264,NCAA BIG 12,11,619190004979138560,CousinMose15,1,HEAT,10,8,2366,2315
2022,787428826962571264,NCAA BIG 12,12,446397791615315968,FancyLlama,2,WIND,3,15,1601,2202
2022,787122703772614656,NCAA ACC,1,571754879825395712,ChrisW21,2,COASTAL,5,13,1850,2303
2022,787122703772614656,NCAA ACC,2,568115266901286912,MattyBent,2,COASTAL,13,5,2244,1993
2022,787122703772614656,NCAA ACC,3,468627640945733632,tylerjreese,2,COASTAL,8,10,2126,2313
2022,787122703772614656,NCAA ACC,4,455836851501002752,landonh12,2,COASTAL,8,10,2384,2335
2022,787122703772614656,NCAA ACC,5,468618720470626304,Yarby,1,ATLANTIC,10,8,2224,2195
2022,787122703772614656,NCAA ACC,6,463453800313647104,WhiskyScientist,1,ATLANTIC,12,6,2221,2049
2022,787122703772614656,NCAA ACC,7,453658285061435392,fatalbeast,2,COASTAL,9,9,2339,2230
2022,787122703772614656,NCAA ACC,8,456168604006608896,eperedetto,1,ATLANTIC,8,10,2266,2354
2022,787122703772614656,NCAA ACC,9,412321968218451968,B1GNate35,2,COASTAL,5,13,1991,2106
2022,787122703772614656,NCAA ACC,10,713189676609003520,LetsGooooo365,1,ATLANTIC,4,14,1633,2295
2022,787122703772614656,NCAA ACC,11,458070829909929984,Campbell8,1,ATLANTIC,11,7,2380,2223
2022,787122703772614656,NCAA ACC,12,302575527556825088,dilbennett,1,ATLANTIC,15,3,2992,2254
2022,787122632301649920,NCAA PAC 12,1,437465313911500800,kfitch630,2,SOUTH,4,14,1424,2382
2022,787122632301649920,NCAA PAC 12,2,709857172258881536,KamaraGOAT41,2,SOUTH,14,4,2560,2100
2022,787122632301649920,NCAA PAC 12,3,470320542868566016,Dunebuggy619,1,NORTH,8,10,1974,2175
2022,787122632301649920,NCAA PAC 12,4,477666723663704064,chzhead412,1,NORTH,7,11,2148,2110
2022,787122632301649920,NCAA PAC 12,5,619963570297352192,cooperthach,1,NORTH,9,9,1902,2181
2022,787122632301649920,NCAA PAC 12,6,338823136923381760,samggannon,1,NORTH,6,12,2040,2332
2022,787122632301649920,NCAA PAC 12,7,597246797479469056,wrightc214,2,SOUTH,15,3,3079,2133
2022,787122632301649920,NCAA PAC 12,8,611968410179424256,OlHorndog,2,SOUTH,3,15,1648,2197
2022,787122632301649920,NCAA PAC 12,9,519390092788297728,ScottyW13,1,NORTH,7,11,2030,2295
2022,787122632301649920,NCAA PAC 12,10,534619662650601472,ImagineWiigons,1,NORTH,12,6,2599,2189
2022,787122632301649920,NCAA PAC 12,11,76460245878456320,seniormeow,2,SOUTH,13,5,2601,1979
2022,787122632301649920,NCAA PAC 12,12,450806182555152384,lmerkouSaints,2,SOUTH,10,8,2318,2251
2022,787122556279885824,NCAA BIG 10,1,340600026956906496,Mation05,1,EAST,16,2,2847,2031
2022,787122556279885824,NCAA BIG 10,2,438178170542223360,EthanH,2,WEST,6,12,1529,2157
2022,787122556279885824,NCAA BIG 10,3,456550391375458304,Clamonte,2,WEST,7,11,2091,2230
2022,787122556279885824,NCAA BIG 10,4,734978696263380992,SausageKing27,1,EAST,4,14,1608,2158
2022,787122556279885824,NCAA BIG 10,5,459190461706268672,jreilly,1,EAST,9,9,2293,2192
2022,787122556279885824,NCAA BIG 10,6,460511267564548096,laxbro000,2,WEST,10,8,2381,2338
2022,787122556279885824,NCAA BIG 10,7,460518714907815936,linkoftime1,2,WEST,14,4,2503,2165
2022,787122556279885824,NCAA BIG 10,8,519694666546008064,eseromo760,1,EAST,9,9,2173,2200
2022,787122556279885824,NCAA BIG 10,9,559208653427675136,Klashified,1,EAST,7,11,2293,2265
2022,787122556279885824,NCAA BIG 10,10,459225788735025152,richardson98,2,WEST,2,16,1605,2374
2022,787122556279885824,NCAA BIG 10,11,388919621245210624,SpinachAssasin,2,WEST,12,6,2802,2201
2022,787122556279885824,NCAA BIG 10,12,443870183853912064,chrispychicken,1,EAST,12,6,2228,2041
2023,921152489498468352,NCAA MOUNTAIN WEST,1,596835723861082112,RicochetRay,1,SAINT,14,4,2900,2282
2023,921152489498468352,NCAA MOUNTAIN WEST,2,463106510101147648,jmdorsey00,2,SIN,12,6,2407,2120
2023,921152489498468352,NCAA MOUNTAIN WEST,3,560626155833876480,HonoredMexican,1,SAINT,7,11,2395,2502
2023,921152489498468352,NCAA MOUNTAIN WEST,4,571767410708901888,Kyvend01,2,SIN,12,6,2320,2166
2023,921152489498468352,NCAA MOUNTAIN WEST,5,838238893672349696,SleazeMcNair,1,SAINT,2,16,1497,2475
2023,921152489498468352,NCAA MOUNTAIN WEST,6,482448684026425344,Avery33,2,SIN,6,12,1958,2113
2023,921152489498468352,NCAA MOUNTAIN WEST,7,467489585379667968,loganhall17,1,SAINT,10,8,2412,2247
2023,921152489498468352,NCAA MOUNTAIN WEST,8,325726913966395392,bkoldham,2,SIN,8,10,2203,2432
2023,921152489498468352,NCAA MOUNTAIN WEST,9,589001974318403584,Mrhawke19,1,SAINT,12,6,2435,2164
2023,921152489498468352,NCAA MOUNTAIN WEST,10,814354227357908992,Twistedmentat,2,SIN,9,9,2039,2256
2023,921152489498468352,NCAA MOUNTAIN WEST,11,702897403514159104,bdub3,1,SAINT,11,7,2597,2138
2023,921152489498468352,NCAA MOUNTAIN WEST,12,444590065046253568,reedymang,2,SIN,5,13,2039,2306
2023,921152450353090560,NCAA OHIO VALLEY,1,571753677428977664,Mistafyer,2,Southern,8,10,2259,2260
2023,921152450353090560,NCAA OHIO VALLEY,2,601198801197260800,LMarkiewicz04,2,Southern,14,4,2734,2259
2023,921152450353090560,NCAA OHIO VALLEY,3,468944645166985216,srcav,2,Southern,15,3,2611,2191
2023,921152450353090560,NCAA OHIO VALLEY,4,472879969664495616,ethansherwood22,2,Southern,7,11,2079,2459
2023,921152450353090560,NCAA OHIO VALLEY,5,474662041341128704,Dreev,1,Yankee,7,11,2122,2357
2023,921152450353090560,NCAA OHIO VALLEY,6,331558449374593024,leathershoe4,2,Southern,12,6,2916,2423
2023,921152450353090560,NCAA OHIO VALLEY,7,635700695584043008,charlielol,1,Yankee,11,7,2395,2132
2023,921152450353090560,NCAA OHIO VALLEY,8,69768813763510272,ThongBonerstorm,1,Yankee,5,13,1489,2219
2023,921152450353090560,NCAA OHIO VALLEY,9,347683464398749696,BobbyH95,1,Yankee,1,17,1484,2328
2023,921152450353090560,NCAA OHIO VALLEY,10,594242128851296256,kevinedge,1,Yankee,6,12,2115,2232
2023,921152450353090560,NCAA OHIO VALLEY,11,638193564806897664,Romantryert,1,Yankee,12,6,2397,2002
2023,921152450353090560,NCAA OHIO VALLEY,12,300814106795974656,Firephool,2,Southern,10,8,2500,2238
2023,921152417742311424,NCAA HISTORICALLY BLACK,1,471427194132885504,PhantomXX,2,Hurricane,3,15,1415,2048
2023,921152417742311424,NCAA HISTORICALLY BLACK,2,726970553457537024,IndyFantasyGod,1,Mississippi River,8,10,1963,2219
2023,921152417742311424,NCAA HISTORICALLY BLACK,3,640052303377952768,lcummings,2,Hurricane,12,6,2298,2084
2023,921152417742311424,NCAA HISTORICALLY BLACK,4,471080793406435328,memphismaniac,1,Mississippi River,10,8,2506,2268
2023,921152417742311424,NCAA HISTORICALLY BLACK,5,519656908428791808,tpearson2222,2,Hurricane,6,12,2114,2260
2023,921152417742311424,NCAA HISTORICALLY BLACK,6,692168840821411840,DeanFalcon,2,Hurricane,5,13,1759,2236
2023,921152417742311424,NCAA HISTORICALLY BLACK,7,519728067978186752,StrikerS091,1,Mississippi River,8,10,2166,2194
2023,921152417742311424,NCAA HISTORICALLY BLACK,8,467835045181124608,wblack2012,1,Mississippi River,13,5,2211,2047
2023,921152417742311424,NCAA HISTORICALLY BLACK,9,445360519348482048,PHINIX,2,Hurricane,11,7,2316,2123
2023,921152417742311424,NCAA HISTORICALLY BLACK,10,694233255825719296,bb7661KING,2,Hurricane,13,5,2605,2105
2023,921152417742311424,NCAA HISTORICALLY BLACK,11,327614483000217600,Jerryb83,1,Mississippi River,10,8,2265,2117
2023,921152417742311424,NCAA HISTORICALLY BLACK,12,520088376557371392,scoobydaeaglemahomes,1,Mississippi River,9,9,2238,2155
2023,921152384695357440,NCAA USA,1,389658700735868928,dh671,2,TWISTER,6,12,2192,2381
2023,921152384695357440,NCAA USA,2,464625836192952320,brooksy33,1,GULF,8,10,2253,2276
2023,921152384695357440,NCAA USA,3,599286882408394752,Botro,2,TWISTER,11,7,2574,2315
2023,921152384695357440,NCAA USA,4,692542511834558464,GRIDIRONGANG81,1,GULF,4,14,2148,2281
2023,921152384695357440,NCAA USA,5,866509840124641280,JustTouchdown1221,2,TWISTER,8,10,2037,2318
2023,921152384695357440,NCAA USA,6,560611777479667712,PatrickT21,2,TWISTER,12,6,2427,2119
2023,921152384695357440,NCAA USA,7,651857322645241856,ridinroundinarover,2,TWISTER,12,6,2490,2226
2023,921152384695357440,NCAA USA,8,605439246030925824,krichknowsbest,2,TWISTER,10,8,2213,2441
2023,921152384695357440,NCAA USA,9,787224085817044992,masshole4eva,1,GULF,7,11,2251,2576
2023,921152384695357440,NCAA USA,10,590358219562455040,Woolley69,1,GULF,12,6,2482,2154
2023,921152384695357440,NCAA USA,11,460257215329071104,bshouseman,1,GULF,5,13,2078,2385
2023,921152384695357440,NCAA USA,12,650627977721245696,BroncoZzz,1,GULF,13,5,2541,2215
2023,921152355658248192,NCAA IVY,1,470912510262767616,FlynnD,1,RICH,3,15,1939,2383
2023,921152355658248192,NCAA IVY,2,463212708402032640,Matthew12,2,SMART,9,9,2299,2154
2023,921152355658248192,NCAA IVY,3,480124073456693248,Jrodr71,1,RICH,9,9,2369,2390
2023,921152355658248192,NCAA IVY,4,570803989783429120,alecgagnon2001,2,SMART,4,14,2000,2529
2023,921152355658248192,NCAA IVY,5,395321276102627328,ccassidy,1,RICH,11,7,2460,2414
2023,921152355658248192,NCAA IVY,6,1017588201080369152,TJWATTDPOY23,2,SMART,13,5,2412,2269
2023,921152355658248192,NCAA IVY,7,826571292240109568,KamaraMinute,1,RICH,13,5,2538,2359
2023,921152355658248192,NCAA IVY,8,461688192555282432,PhilupMynuts,2,SMART,6,12,2188,2320
2023,921152355658248192,NCAA IVY,9,82696315553071104,TheBear1973,1,RICH,12,6,2457,2132
2023,921152355658248192,NCAA IVY,10,587867701595119616,BlackBOI93,2,SMART,5,13,1818,2169
2023,921152355658248192,NCAA IVY,11,460895027179024384,jtheadrick98,1,RICH,14,4,2692,2094
2023,921152355658248192,NCAA IVY,12,464595147808567296,cobrapanther99,2,SMART,9,9,2197,2157
2023,921152324230262784,NCAA WILD,1,457579310098673664,LanceBoneau,1,PLAINS,12,6,2559,2211
2023,921152324230262784,NCAA WILD,2,545391514915762176,Hart123,2,VALLEY,4,14,1902,2499
2023,921152324230262784,NCAA WILD,3,441392312380026880,4thdownTD,1,PLAINS,15,3,2556,1900
2023,921152324230262784,NCAA WILD,4,635935003657723904,matthewitz,2,VALLEY,9,9,2177,2188
2023,921152324230262784,NCAA WILD,5,642578171354484736,FareedB,1,PLAINS,11,7,2366,2106
2023,921152324230262784,NCAA WILD,6,203496917160697856,ThomasHarris,2,VALLEY,7,11,1821,2150
2023,921152324230262784,NCAA WILD,7,603460801289863168,lumosityfan,1,PLAINS,1,17,1206,2259
2023,921152324230262784,NCAA WILD,8,462714981117325312,Buckeyefan5184,2,VALLEY,12,6,2542,2013
2023,921152324230262784,NCAA WILD,9,603083535368134656,MrBarryMcCockiner,1,PLAINS,9,9,1952,2208
2023,921152324230262784,NCAA WILD,10,505166677990699008,olddominion2020,2,VALLEY,15,3,2808,1896
2023,921152324230262784,NCAA WILD,11,434740393972592640,Squinto,1,PLAINS,7,11,1986,2113
2023,921152324230262784,NCAA WILD,12,448446449538035712,DBGiants,2,VALLEY,6,12,1929,2264
2023,921152273420525568,NCAA BIG SKY,1,456258200757334016,WillyP15,2,Colonies,6,12,1696,2221
2023,921152273420525568,NCAA BIG SKY,2,439255136309604352,PapaCrowther,2,Colonies,8,10,2436,2300
2023,921152273420525568,NCAA BIG SKY,3,449327253101211648,Beastchewy15,2,Colonies,11,7,2353,2085
2023,921152273420525568,NCAA BIG SKY,4,519439276311531520,Elestial,1,Frontier,9,9,2316,2204
2023,921152273420525568,NCAA BIG SKY,5,465934519652839424,agrakush,2,Colonies,4,14,1760,2220
2023,921152273420525568,NCAA BIG SKY,6,424793511431262208,Elwayluva7,1,Frontier,12,6,2518,2234
2023,921152273420525568,NCAA BIG SKY,7,78892531970359296,fballfreek80,2,Colonies,12,6,2701,2226
2023,921152273420525568,NCAA BIG SKY,8,437413803001376768,Vitus,1,Frontier,15,3,2795,2275
2023,921152273420525568,NCAA BIG SKY,9,448641292377780224,Pinky7373,1,Frontier,5,13,1935,2404
2023,921152273420525568,NCAA BIG SKY,10,450023004458446848,DaLegend,2,Colonies,5,13,1775,2195
2023,921152273420525568,NCAA BIG SKY,11,604388962898866176,mgrant55,1,Frontier,7,11,1951,2379
2023,921152273420525568,NCAA BIG SKY,12,519767126595325952,mssullivan2022,1,Frontier,14,4,2784,2279
2023,921152239639564288,NCAA PIONEER,1,533363986486435840,MattJB87,2,FREEDOM,13,5,2509,2164
2023,921152239639564288,NCAA PIONEER,2,468638573403303936,DownLoMoJo,1,PATRIOT,10,8,2504,2370
2023,921152239639564288,NCAA PIONEER,3,459110344502013952,MyFingerPoints,1,PATRIOT,4,14,2002,2340
2023,921152239639564288,NCAA PIONEER,4,439351925129867264,Daphud,2,FREEDOM,3,15,1822,2361
2023,921152239639564288,NCAA PIONEER,5,432164755709370368,EBurkhart,1,PATRIOT,13,5,2182,2113
2023,921152239639564288,NCAA PIONEER,6,455753261765357568,BDAVIS309,1,PATRIOT,8,10,2264,2419
2023,921152239639564288,NCAA PIONEER,7,398884413687001088,Ortizz,2,FREEDOM,9,9,2211,2277
2023,921152239639564288,NCAA PIONEER,8,339931221767249920,CrownMeKing,2,FREEDOM,12,6,2774,2207
2023,921152239639564288,NCAA PIONEER,9,602687087556231168,DictatorBerry,1,PATRIOT,4,14,2097,2371
2023,921152239639564288,NCAA PIONEER,10,804937403319046144,hunterffl,2,FREEDOM,4,14,1727,2194
2023,921152239639564288,NCAA PIONEER,11,437042046633504768,TheDrapFather,1,PATRIOT,12,6,2659,2430
2023,921152239639564288,NCAA PIONEER,12,519675297838780416,willsingle05,2,FREEDOM,16,2,2733,2240
2023,921152207104335872,NCAA SUN BELT,1,429733810611949568,Piglet10,2,REBEL,10,8,2412,2399
2023,921152207104335872,NCAA SUN BELT,2,458650904741015552,CRicks3,2,REBEL,13,5,2735,2296
2023,921152207104335872,NCAA SUN BELT,3,481957045667360768,Prestongee17,1,BIBLE,2,16,1500,2300
2023,921152207104335872,NCAA SUN BELT,4,447283305738399744,Lucchityler,2,REBEL,7,11,2126,2265
2023,921152207104335872,NCAA SUN BELT,5,546466738316963840,PackMan1212,1,BIBLE,6,12,2010,2385
2023,921152207104335872,NCAA SUN BELT,6,465019661495300096,Raidersforte,2,REBEL,10,8,2630,2220
2023,921152207104335872,NCAA SUN BELT,7,547214728132608000,alphabeasttt,1,BIBLE,12,6,2753,2302
2023,921152207104335872,NCAA SUN BELT,8,441362521463451648,yoboihawks,2,REBEL,14,4,2528,2216
2023,921152207104335872,NCAA SUN BELT,9,380128482900062208,denvermanning,1,BIBLE,4,14,1727,2292
2023,921152207104335872,NCAA SUN BELT,10,441330448283463680,Fr3shBC11,1,BIBLE,14,4,2573,2233
2023,921152207104335872,NCAA SUN BELT,11,461681329860243456,ryanfried2,1,BIBLE,7,11,2045,2263
2023,921152207104335872,NCAA SUN BELT,12,465297932204109824,utsa,2,REBEL,9,9,2318,2185
2023,921152169275957248,NCAA BIG EAST & CO.,1,596439270961508352,TitanUp406,2,NORTHEAST,8,10,2212,2219
2023,921152169275957248,NCAA BIG EAST & CO.,2,389656085486649344,UrTrash,2,NORTHEAST,5,13,1805,2218
2023,921152169275957248,NCAA BIG EAST & CO.,3,333005257409847296,ikemendel,1,MIDEAST,3,15,1619,2131
2023,921152169275957248,NCAA BIG EAST & CO.,4,456129190995947520,vinceA762,1,MIDEAST,12,6,2397,2077
2023,921152169275957248,NCAA BIG EAST & CO.,5,836025225756934144,ngregg38,2,NORTHEAST,10,8,2295,2142
2023,921152169275957248,NCAA BIG EAST & CO.,6,443323427143544832,joonbug,1,MIDEAST,8,10,2383,2298
2023,921152169275957248,NCAA BIG EAST & CO.,7,456159345906806784,CodeKhaos,2,NORTHEAST,17,1,2795,2157
2023,921152169275957248,NCAA BIG EAST & CO.,8,456167283761344512,Claser,2,NORTHEAST,15,3,2729,2042
2023,921152169275957248,NCAA BIG EAST & CO.,9,802480422482206720,POLOCAPALOT,1,MIDEAST,9,9,1903,2049
2023,921152169275957248,NCAA BIG EAST & CO.,10,338858684358623232,Psyclone,1,MIDEAST,5,13,1653,2200
2023,921152169275957248,NCAA BIG EAST & CO.,11,456182244336201728,Ianiners,2,NORTHEAST,3,15,1767,2342
2023,921152169275957248,NCAA BIG EAST & CO.,12,64174089933570048,ryno,1,MIDEAST,13,5,2487,2169
2023,921152118084460544,NCAA SEC,1,441458152391569408,tedman546,1,EAST,7,11,1905,1998
2023,921152118084460544,NCAA SEC,2,508516852143693824,TheLegoBatman,2,WEST,15,3,2946,2212
2023,921152118084460544,NCAA SEC,3,457957045534978048,ChadLowe,1,EAST,10,8,2250,2153
2023,921152118084460544,NCAA SEC,4,446524535810813952,ahhchainsaw,2,WEST,14,4,2554,2086
2023,921152118084460544,NCAA SEC,5,562032371824951296,ryank45,2,WEST,7,11,2296,2359
2023,921152118084460544,NCAA SEC,6,510556455562792960,thatmansanti,2,WEST,14,4,2696,2279
2023,921152118084460544,NCAA SEC,7,461680102409760768,kodakjack,1,EAST,7,11,2113,2298
2023,921152118084460544,NCAA SEC,8,634614368377589760,MENDl,1,EAST,13,5,2587,2154
2023,921152118084460544,NCAA SEC,9,508521974461227008,brickers,1,EAST,1,17,930,2118
2023,921152118084460544,NCAA SEC,10,510483000784015360,Christian4,1,EAST,9,9,2152,2213
2023,921152118084460544,NCAA SEC,11,560284880620699648,devbovino,2,WEST,6,12,2026,2253
2023,921152118084460544,NCAA SEC,12,445468333035220992,JosephMarin07,2,WEST,5,13,1810,2143
2023,921152073054457856,NCAA BIG 12,1,446530486903238656,BigSexy3422,1,HEAT,9,9,2374,2340
2023,921152073054457856,NCAA BIG 12,2,667752373111824384,trev7293,2,WIND,12,6,2641,2194
2023,921152073054457856,NCAA BIG 12,3,533541056352481280,DavidJimm,2,WIND,2,16,1494,2512
2023,921152073054457856,NCAA BIG 12,4,425362114291437568,deadheadshane,1,HEAT,11,7,2522,2310
2023,921152073054457856,NCAA BIG 12,5,464117743042424832,robertlouis7,1,HEAT,13,5,2795,2213
2023,921152073054457856,NCAA BIG 12,6,335910160469880832,elianbruger,1,HEAT,9,9,2183,2394
2023,921152073054457856,NCAA BIG 12,7,425386065373691904,Frankeen,2,WIND,12,6,2463,2058
2023,921152073054457856,NCAA BIG 12,8,543929284962770944,alicho,1,HEAT,11,7,2674,2239
2023,921152073054457856,NCAA BIG 12,9,453711063846744064,rchau56,2,WIND,1,17,1238,2202
2023,921152073054457856,NCAA BIG 12,10,989926421084557312,FalconsRULE7,2,WIND,5,13,1762,2209
2023,921152073054457856,NCAA BIG 12,11,619190004979138560,CousinMose15,1,HEAT,12,6,2481,2171
2023,921152073054457856,NCAA BIG 12,12,820771678849171456,Gangly22,2,WIND,11,7,2487,2271
2023,921152041332871168,NCAA ACC,1,571754879825395712,ChrisW21,2,COASTAL,3,15,2009,2435
2023,921152041332871168,NCAA ACC,2,568115266901286912,MattyBent,2,COASTAL,11,7,2339,2211
2023,921152041332871168,NCAA ACC,3,825796864786964480,C4DoubleTap,2,COASTAL,4,14,1863,2122
2023,921152041332871168,NCAA ACC,4,455836851501002752,landonh12,2,COASTAL,11,7,2617,2261
2023,921152041332871168,NCAA ACC,5,468618720470626304,Yarby,1,ATLANTIC,8,10,2137,2237
2023,921152041332871168,NCAA ACC,6,463453800313647104,WhiskyScientist,1,ATLANTIC,7,11,2126,2181
2023,921152041332871168,NCAA ACC,7,453658285061435392,fatalbeast,2,COASTAL,8,10,2169,2492
2023,921152041332871168,NCAA ACC,8,456168604006608896,eperedetto,1,ATLANTIC,12,6,2339,2280
2023,921152041332871168,NCAA ACC,9,668318967567323136,markandrewsisthegoat,2,COASTAL,7,11,2193,2380
2023,921152041332871168,NCAA ACC,10,713189676609003520,LetsGooooo365,1,ATLANTIC,13,5,2228,2065
2023,921152041332871168,NCAA ACC,11,458070829909929984,Campbell8,1,ATLANTIC,8,10,2231,2295
2023,921152041332871168,NCAA ACC,12,302575527556825088,dilbennett,1,ATLANTIC,16,2,2926,2219
2023,921151976868155392,NCAA PAC 12,1,437465313911500800,kfitch630,2,SOUTH,7,11,1761,2138
2023,921151976868155392,NCAA PAC 12,2,709857172258881536,KamaraGOAT41,2,SOUTH,3,15,1650,2303
2023,921151976868155392,NCAA PAC 12,3,470320542868566016,Dunebuggy619,1,NORTH,7,11,2311,2399
2023,921151976868155392,NCAA PAC 12,4,477666723663704064,chzhead412,1,NORTH,7,11,2328,2424
2023,921151976868155392,NCAA PAC 12,5,619963570297352192,cooperthach,1,NORTH,8,10,2023,2256
2023,921151976868155392,NCAA PAC 12,6,338823136923381760,samggannon,1,NORTH,11,7,2344,2132
2023,921151976868155392,NCAA PAC 12,7,597246797479469056,wrightc214,2,SOUTH,16,2,2978,2183
2023,921151976868155392,NCAA PAC 12,8,611968410179424256,OlHorndog,2,SOUTH,5,13,1861,2336
2023,921151976868155392,NCAA PAC 12,9,519390092788297728,ScottyW13,1,NORTH,4,14,1850,2303
2023,921151976868155392,NCAA PAC 12,10,534619662650601472,ImagineWiigons,1,NORTH,12,6,2698,2342
2023,921151976868155392,NCAA PAC 12,11,76460245878456320,seniormeow,2,SOUTH,16,2,2764,2016
2023,921151976868155392,NCAA PAC 12,12,450806182555152384,lmerkouSaints,2,SOUTH,12,6,2356,2092
2023,919305562058285056,NCAA BIG 10,1,340600026956906496,CanadaGoose05,1,EAST,12,6,2534,2192
2023,919305562058285056,NCAA BIG 10,2,438178170542223360,EthanH,2,WEST,9,9,2085,2240
2023,919305562058285056,NCAA BIG 10,3,456550391375458304,Clamonte,2,WEST,2,16,1528,2268
2023,919305562058285056,NCAA BIG 10,4,734978696263380992,SausageHoudini,1,EAST,7,11,1975,2406
2023,919305562058285056,NCAA BIG 10,5,870064363892060160,AdamNicoll17,1,EAST,9,9,2533,2285
2023,919305562058285056,NCAA BIG 10,6,460511267564548096,laxbro000,2,WEST,15,3,2575,2087
2023,919305562058285056,NCAA BIG 10,7,460518714907815936,linkoftime1,2,WEST,17,1,2887,2056
2023,919305562058285056,NCAA BIG 10,8,519694666546008064,eseromo760,1,EAST,11,7,2601,2104
2023,919305562058285056,NCAA BIG 10,9,559208653427675136,Klashified,1,EAST,8,10,2432,2483
2023,919305562058285056,NCAA BIG 10,10,459225788735025152,richardson98,2,WEST,5,13,1844,2126
2023,919305562058285056,NCAA BIG 10,11,388919621245210624,SpinachAssasin,2,WEST,4,14,1705,2409
2023,919305562058285056,NCAA BIG 10,12,443870183853912064,chrispychicken,1,EAST,9,9,2205,2248
2024,1051381777098473472,NCAA PAC 12,1,917575404431831040,nshox2,2,SOUTH,2,16,1767,2486
2024,1051381777098473472,NCAA PAC 12,2,709857172258881536,KamaraGOAT41,2,SOUTH,3,15,1734,2310
2024,1051381777098473472,NCAA PAC 12,3,470320542868566016,Dunebuggy619,1,NORTH,5,13,1842,2315
2024,1051381777098473472,NCAA PAC 12,4,477666723663704064,chzhead412,1,NORTH,13,5,2846,2268
2024,1051381777098473472,NCAA PAC 12,5,454372407956729856,laynemercer,1,NORTH,12,6,2460,2375
2024,1051381777098473472,NCAA PAC 12,6,338823136923381760,samggannon,1,NORTH,9,9,2296,2328
2024,1051381777098473472,NCAA PAC 12,7,597246797479469056,wrightc214,2,SOUTH,13,5,2654,2122
2024,1051381777098473472,NCAA PAC 12,8,460348260653985792,keppin,2,SOUTH,8,10,2370,2416
2024,1051381777098473472,NCAA PAC 12,9,519390092788297728,ScottyW13,1,NORTH,7,11,2276,2348
2024,1051381777098473472,NCAA PAC 12,10,534619662650601472,ImagineWiigons,1,NORTH,11,7,2430,2310
2024,1051381777098473472,NCAA PAC 12,11,76460245878456320,seniormeow,2,SOUTH,11,7,2420,2262
2024,1051381777098473472,NCAA PAC 12,12,450806182555152384,lmerkouSaints,2,SOUTH,14,4,2744,2300
2024,1051381725097500672,NCAA ACC,1,571754879825395712,ChrisW21,2,COASTAL,9,9,2199,2232
2024,1051381725097500672,NCAA ACC,2,568115266901286912,MattyBent,2,COASTAL,10,8,2383,2255
2024,1051381725097500672,NCAA ACC,3,1051650955357368320,BillyMicMac,2,COASTAL,5,13,1934,2398
2024,1051381725097500672,NCAA ACC,4,455836851501002752,landonh12,2,COASTAL,8,10,2403,2450
2024,1051381725097500672,NCAA ACC,5,468618720470626304,Yarby,1,ATLANTIC,5,13,1908,2459
2024,1051381725097500672,NCAA ACC,6,463453800313647104,WhiskyScientist,1,ATLANTIC,13,5,2475,2139
2024,1051381725097500672,NCAA ACC,7,453658285061435392,fatalbeast,2,COASTAL,7,11,2327,2290
2024,1051381725097500672,NCAA ACC,8,456168604006608896,eperedetto,1,ATLANTIC,9,9,2015,2163
2024,1051381725097500672,NCAA ACC,9,668318967567323136,markandrewsisthegoat,2,COASTAL,6,12,2015,2249
2024,1051381725097500672,NCAA ACC,10,713189676609003520,LetsGooooo365,1,ATLANTIC,9,9,2305,2321
2024,1051381725097500672,NCAA ACC,11,458070829909929984,Campbell8,1,ATLANTIC,10,8,2336,2156
2024,1051381725097500672,NCAA ACC,12,302575527556825088,dilbennett,1,ATLANTIC,17,1,3116,2301
2024,1051381689932468224,NCAA BIG 12,1,446530486903238656,BigSexy3422,1,HEAT,10,8,2325,2283
2024,1051381689932468224,NCAA BIG 12,2,667752373111824384,trev7293,2,WIND,5,13,1728,2122
2024,1051381689932468224,NCAA BIG 12,3,533541056352481280,DavidJimm,2,WIND,6,12,2044,2286
2024,1051381689932468224,NCAA BIG 12,4,425362114291437568,deadheadshane,1,HEAT,13,5,2796,2382
2024,1051381689932468224,NCAA BIG 12,5,464117743042424832,robertlouis7,1,HEAT,13,5,2977,2382
2024,1051381689932468224,NCAA BIG 12,6,335910160469880832,elianbruger,1,HEAT,10,8,2331,2322
2024,1051381689932468224,NCAA BIG 12,7,425386065373691904,Frankeen,2,WIND,10,8,2277,2320
2024,1051381689932468224,NCAA BIG 12,8,543929284962770944,alicho,1,HEAT,7,11,2433,2524
2024,1051381689932468224,NCAA BIG 12,9,453711063846744064,rchau56,2,WIND,3,15,1947,2221
2024,1051381689932468224,NCAA BIG 12,10,989926421084557312,FalconsRULE7,2,WIND,4,14,1707,2290
2024,1051381689932468224,NCAA BIG 12,11,619190004979138560,CousinMose15,1,HEAT,12,6,2350,2276
2024,1051381689932468224,NCAA BIG 12,12,820771678849171456,Gangly22,2,WIND,15,3,2554,2061
2024,1051381651198078976,NCAA SEC,1,441458152391569408,tedman546,1,EAST,14,4,2378,2094
2024,1051381651198078976,NCAA SEC,2,508516852143693824,errand,2,WEST,9,9,2295,2307
2024,1051381651198078976,NCAA SEC,3,457957045534978048,ChadLowe,1,EAST,9,9,2333,2168
2024,1051381651198078976,NCAA SEC,4,446524535810813952,ahhchainsaw,2,WEST,12,6,2712,2141
2024,1051381651198078976,NCAA SEC,5,562032371824951296,ryank45,2,WEST,10,8,2234,2133
2024,1051381651198078976,NCAA SEC,6,510556455562792960,thatmansanti,2,WEST,12,6,2826,2294
2024,1051381651198078976,NCAA SEC,7,461680102409760768,kodakjack,1,EAST,11,7,2142,2246
2024,1051381651198078976,NCAA SEC,8,634614368377589760,MENDl,1,EAST,10,8,2220,2182
2024,1051381651198078976,NCAA SEC,9,1113534815812308992,booogzz,1,EAST,8,10,1757,2029
2024,1051381651198078976,NCAA SEC,10,510483000784015360,Christian4,1,EAST,8,10,2226,2313
2024,1051381651198078976,NCAA SEC,11,560284880620699648,devbovino,2,WEST,0,18,1315,2315
2024,1051381651198078976,NCAA SEC,12,445468333035220992,JosephMarin07,2,WEST,5,13,2113,2329
2024,1051381610739847168,NCAA BIG EAST & CO.,1,1087519270663258112,sblau24,2,NORTHEAST,8,10,2108,2216
2024,1051381610739847168,NCAA BIG EAST & CO.,2,1171256102760251392,hurlken,2,NORTHEAST,3,15,1744,2357
2024,1051381610739847168,NCAA BIG EAST & CO.,3,694934737214582784,JiggyK,1,MIDEAST,6,12,1865,2325
2024,1051381610739847168,NCAA BIG EAST & CO.,4,456129190995947520,vinceA762,1,MIDEAST,11,7,2513,2110
2024,1051381610739847168,NCAA BIG EAST & CO.,5,836025225756934144,ngregg38,2,NORTHEAST,12,6,2387,2083
2024,1051381610739847168,NCAA BIG EAST & CO.,6,443323427143544832,joonbug,1,MIDEAST,14,4,2789,2150
2024,1051381610739847168,NCAA BIG EAST & CO.,7,456159345906806784,CodeKhaos,2,NORTHEAST,15,3,2942,2153
2024,1051381610739847168,NCAA BIG EAST & CO.,8,456167283761344512,Claser,2,NORTHEAST,10,8,2206,2279
2024,1051381610739847168,NCAA BIG EAST & CO.,9,802480422482206720,JEANTY,1,MIDEAST,8,10,2073,2179
2024,1051381610739847168,NCAA BIG EAST & CO.,10,525476420444688384,sleepnonmahomie,1,MIDEAST,6,12,1845,2293
2024,1051381610739847168,NCAA BIG EAST & CO.,11,456182244336201728,Ianiners,2,NORTHEAST,4,14,1758,2426
2024,1051381610739847168,NCAA BIG EAST & CO.,12,64174089933570048,ryno,1,MIDEAST,11,7,2538,2198
2024,1051381575037931520,NCAA SUN BELT,1,429733810611949568,Piglet10,2,REBEL,11,7,2611,2238
2024,1051381575037931520,NCAA SUN BELT,2,873461886535036928,Tommybuckets000,2,REBEL,15,3,2739,2126
2024,1051381575037931520,NCAA SUN BELT,3,481957045667360768,Prestongee17,1,BIBLE,8,10,2250,2246
2024,1051381575037931520,NCAA SUN BELT,4,447283305738399744,lucchityler,2,REBEL,5,13,1699,2235
2024,1051381575037931520,NCAA SUN BELT,5,546466738316963840,PackMan1212,1,BIBLE,2,16,1664,2339
2024,1051381575037931520,NCAA SUN BELT,6,465019661495300096,Raidersforte,2,REBEL,10,8,2345,2288
2024,1051381575037931520,NCAA SUN BELT,7,547214728132608000,alphabeasttt,1,BIBLE,12,6,2373,2264
2024,1051381575037931520,NCAA SUN BELT,8,441362521463451648,yoboihawks,2,REBEL,13,5,2763,2270
2024,1051381575037931520,NCAA SUN BELT,9,380128482900062208,denvermanning,1,BIBLE,4,14,1985,2389
2024,1051381575037931520,NCAA SUN BELT,10,441330448283463680,Fr3shBC11,1,BIBLE,13,5,2504,2173
2024,1051381575037931520,NCAA SUN BELT,11,,Unknown,1,BIBLE,8,10,2029,2149
2024,1051381575037931520,NCAA SUN BELT,12,465297932204109824,utsa,2,REBEL,7,11,2141,2388
2024,1051381539596021760,NCAA PIONEER,1,533363986486435840,MattJB87,2,FREEDOM,14,4,2593,2137
2024,1051381539596021760,NCAA PIONEER,2,468638573403303936,DownLoMoJo,1,PATRIOT,14,4,2497,2230
2024,1051381539596021760,NCAA PIONEER,3,459110344502013952,MyFingerPoints,1,PATRIOT,10,8,2393,2109
2024,1051381539596021760,NCAA PIONEER,4,439351925129867264,Daphud,2,FREEDOM,9,9,2169,2395
2024,1051381539596021760,NCAA PIONEER,5,432164755709370368,EBurkhart,1,PATRIOT,9,9,2209,2087
2024,1051381539596021760,NCAA PIONEER,6,455753261765357568,BDAVIS309,1,PATRIOT,9,9,2320,2084
2024,1051381539596021760,NCAA PIONEER,7,398884413687001088,Ortizz,2,FREEDOM,2,16,1287,2370
2024,1051381539596021760,NCAA PIONEER,8,339931221767249920,CrownMeKing,2,FREEDOM,13,5,2788,2239
2024,1051381539596021760,NCAA PIONEER,9,602687087556231168,DictatorBerry,1,PATRIOT,4,14,1758,2387
2024,1051381539596021760,NCAA PIONEER,10,315736569111650304,JMullen175,2,FREEDOM,8,10,2328,2299
2024,1051381539596021760,NCAA PIONEER,11,437042046633504768,TheDrapFather,1,PATRIOT,5,13,2051,2328
2024,1051381539596021760,NCAA PIONEER,12,872594465284677632,UrMomsFavoriteCoach,2,FREEDOM,11,7,2248,1975
2024,1051381505785810944,NCAA BIG SKY,1,456258200757334016,WillyP15,2,Colonies,7,11,2005,2461
2024,1051381505785810944,NCAA BIG SKY,2,439255136309604352,PapaCrowther,2,Colonies,11,7,2239,2062
2024,1051381505785810944,NCAA BIG SKY,3,449327253101211648,Beastchewy15,2,Colonies,9,9,2638,2470
2024,1051381505785810944,NCAA BIG SKY,4,519439276311531520,Elestial,1,Frontier,9,9,2037,2167
2024,1051381505785810944,NCAA BIG SKY,5,465934519652839424,agrakush,2,Colonies,5,13,1807,2077
2024,1051381505785810944,NCAA BIG SKY,6,424793511431262208,Elwayluva7,1,Frontier,16,2,2808,2089
2024,1051381505785810944,NCAA BIG SKY,7,78892531970359296,fballfreek80,2,Colonies,12,6,2525,2246
2024,1051381505785810944,NCAA BIG SKY,8,437413803001376768,Vitus,1,Frontier,11,7,2604,2234
2024,1051381505785810944,NCAA BIG SKY,9,448641292377780224,Pinky7373,1,Frontier,4,14,1705,2317
2024,1051381505785810944,NCAA BIG SKY,10,334014945886748672,thejockytype,2,Colonies,6,12,1667,2201
2024,1051381505785810944,NCAA BIG SKY,11,604388962898866176,mgrant55,1,Frontier,2,16,1590,2228
2024,1051381505785810944,NCAA BIG SKY,12,519767126595325952,mssullivan2022,1,Frontier,16,2,2994,2068
2024,1051381464723570688,NCAA WILD,1,457579310098673664,LanceBoneau,1,PLAINS,15,3,2774,2102
2024,1051381464723570688,NCAA WILD,2,545391514915762176,Hart123,2,VALLEY,10,8,2168,2188
2024,1051381464723570688,NCAA WILD,3,441392312380026880,4thdownTD,1,PLAINS,5,13,2196,2389
2024,1051381464723570688,NCAA WILD,4,635935003657723904,matthewitz,2,VALLEY,9,9,2323,2239
2024,1051381464723570688,NCAA WILD,5,642578171354484736,FareedB,1,PLAINS,9,9,2165,2030
2024,1051381464723570688,NCAA WILD,6,203496917160697856,ThomasHarris,2,VALLEY,10,8,2097,2250
2024,1051381464723570688,NCAA WILD,7,603460801289863168,lumosityfan,1,PLAINS,1,17,1138,2290
2024,1051381464723570688,NCAA WILD,8,462714981117325312,mku1tra,2,VALLEY,14,4,2719,2099
2024,1051381464723570688,NCAA WILD,9,603083535368134656,MrBarryMcCockiner,1,PLAINS,8,10,2097,2447
2024,1051381464723570688,NCAA WILD,10,505166677990699008,olddominion2020,2,VALLEY,14,4,2820,2282
2024,1051381464723570688,NCAA WILD,11,434740393972592640,Squinto,1,PLAINS,7,11,2239,2371
2024,1051381464723570688,NCAA WILD,12,448446449538035712,DBGiants,2,VALLEY,6,12,2177,2226
2024,1051381408469598208,NCAA IVY,1,470912510262767616,FlynnD,1,RICH,0,18,1602,2257
2024,1051381408469598208,NCAA IVY,2,463212708402032640,Matthew12,2,SMART,6,12,2108,2334
2024,1051381408469598208,NCAA IVY,3,480124073456693248,Jrodr71,1,RICH,6,12,1910,2313
2024,1051381408469598208,NCAA IVY,4,570803989783429120,alecgagnon2001,2,SMART,9,9,2121,2061
2024,1051381408469598208,NCAA IVY,5,395321276102627328,ccassidy,1,RICH,11,7,2320,2101
2024,1051381408469598208,NCAA IVY,6,1017588201080369152,TJWATTDPOY24,2,SMART,12,6,2465,2303
2024,1051381408469598208,NCAA IVY,7,826571292240109568,KamaraMinute,1,RICH,10,8,2426,2330
2024,1051381408469598208,NCAA IVY,8,461688192555282432,PhilupMynuts,2,SMART,13,5,2443,2197
2024,1051381408469598208,NCAA IVY,9,82696315553071104,TheBear1973,1,RICH,13,5,2565,2351
2024,1051381408469598208,NCAA IVY,10,1142198466060402688,BLACK93BOIZS,2,SMART,2,16,1623,2128
2024,1051381408469598208,NCAA IVY,11,460895027179024384,jtheadrick98,1,RICH,14,4,2673,2207
2024,1051381408469598208,NCAA IVY,12,464595147808567296,cobrapanther99,2,SMART,12,6,2518,2193
2024,1051381357190053888,NCAA USA,1,389658700735868928,dh671,2,TWISTER,15,3,2768,2179
2024,1051381357190053888,NCAA USA,2,464625836192952320,brooksy33,1,GULF,6,12,2173,2262
2024,1051381357190053888,NCAA USA,3,599286882408394752,Botro,2,TWISTER,9,9,2271,2232
2024,1051381357190053888,NCAA USA,4,692542511834558464,GRIDIRONGANG81,1,GULF,5,13,1900,2321
2024,1051381357190053888,NCAA USA,5,866509840124641280,JustTouchdown1221,2,TWISTER,7,11,2336,2518
2024,1051381357190053888,NCAA USA,6,560611777479667712,PatrickT21,2,TWISTER,13,5,2254,2061
2024,1051381357190053888,NCAA USA,7,651857322645241856,ridinroundinarover,2,TWISTER,8,10,2274,2227
2024,1051381357190053888,NCAA USA,8,605439246030925824,krichknowsbest,2,TWISTER,4,14,1934,2412
2024,1051381357190053888,NCAA USA,9,787224085817044992,masshole4eva,1,GULF,10,8,2210,2089
2024,1051381357190053888,NCAA USA,10,590358219562455040,Woolley69,1,GULF,14,4,2520,2176
2024,1051381357190053888,NCAA USA,11,460257215329071104,bshouseman,1,GULF,9,9,2097,2204
2024,1051381357190053888,NCAA USA,12,650627977721245696,BroncoZzz,1,GULF,8,10,2301,2357
2024,1051381320515002368,NCAA HISTORICALLY BLACK,1,471427194132885504,PhantomXX,2,Hurricane,9,9,2352,2345
2024,1051381320515002368,NCAA HISTORICALLY BLACK,2,726970553457537024,IndyFantasyGod,1,Mississippi River,10,8,2065,2018
2024,1051381320515002368,NCAA HISTORICALLY BLACK,3,640052303377952768,lcummings,2,Hurricane,7,11,2014,2065
2024,1051381320515002368,NCAA HISTORICALLY BLACK,4,471080793406435328,memphismaniac,1,Mississippi River,12,6,2435,2320
2024,1051381320515002368,NCAA HISTORICALLY BLACK,5,519656908428791808,tpearson2222,2,Hurricane,2,16,1623,2195
2024,1051381320515002368,NCAA HISTORICALLY BLACK,6,692168840821411840,DeanFalcon,2,Hurricane,9,9,2365,2182
2024,1051381320515002368,NCAA HISTORICALLY BLACK,7,519728067978186752,StrikerS091,1,Mississippi River,10,8,2172,2223
2024,1051381320515002368,NCAA HISTORICALLY BLACK,8,467835045181124608,wblack2012,1,Mississippi River,13,5,2464,2280
2024,1051381320515002368,NCAA HISTORICALLY BLACK,9,,Unknown,2,Hurricane,5,13,2061,2222
2024,1051381320515002368,NCAA HISTORICALLY BLACK,10,694233255825719296,bb7661KING,2,Hurricane,10,8,2281,2162
2024,1051381320515002368,NCAA HISTORICALLY BLACK,11,327614483000217600,Jerryb83,1,Mississippi River,8,10,2285,2322
2024,1051381320515002368,NCAA HISTORICALLY BLACK,12,520088376557371392,scoobydaeaglemahomes,1,Mississippi River,13,5,2564,2347
2024,1051381274868289536,NCAA OHIO VALLEY,1,571753677428977664,Mistafyer,2,Southern,7,11,2368,2380
2024,1051381274868289536,NCAA OHIO VALLEY,2,601198801197260800,LMarkiewicz04,2,Southern,11,7,2666,2336
2024,1051381274868289536,NCAA OHIO VALLEY,3,468944645166985216,srcav,2,Southern,9,9,2425,2493
2024,1051381274868289536,NCAA OHIO VALLEY,4,472879969664495616,ethansherwood22,2,Southern,12,6,2473,2332
2024,1051381274868289536,NCAA OHIO VALLEY,5,474662041341128704,Dreev,1,Yankee,12,6,2412,2258
2024,1051381274868289536,NCAA OHIO VALLEY,6,331558449374593024,leathershoe4,2,Southern,9,9,2361,2282
2024,1051381274868289536,NCAA OHIO VALLEY,7,635700695584043008,charlielol,1,Yankee,9,9,2245,2218
2024,1051381274868289536,NCAA OHIO VALLEY,8,69768813763510272,ThongBonerstorm,1,Yankee,5,13,1882,2369
2024,1051381274868289536,NCAA OHIO VALLEY,9,347683464398749696,BobbyH95,1,Yankee,3,15,1828,2231
2024,1051381274868289536,NCAA OHIO VALLEY,10,594242128851296256,edgeofdefeat,1,Yankee,8,10,2177,2225
2024,1051381274868289536,NCAA OHIO VALLEY,11,638193564806897664,Romantryert,1,Yankee,11,7,2459,2200
2024,1051381274868289536,NCAA OHIO VALLEY,12,300814106795974656,Firephool,2,Southern,12,6,2407,2378
2024,1051381233009295360,NCAA MOUNTAIN WEST,1,596835723861082112,RicochetRay,1,SAINT,13,5,3064,2313
2024,1051381233009295360,NCAA MOUNTAIN WEST,2,463106510101147648,jmdorsey00,2,SIN,8,10,2159,2189
2024,1051381233009295360,NCAA MOUNTAIN WEST,3,560626155833876480,HonoredMexican,1,SAINT,11,7,2229,2279
2024,1051381233009295360,NCAA MOUNTAIN WEST,4,571767410708901888,Kyvend01,2,SIN,8,10,2062,2258
2024,1051381233009295360,NCAA MOUNTAIN WEST,5,838238893672349696,SleazeMcNair,1,SAINT,6,12,1867,2287
2024,1051381233009295360,NCAA MOUNTAIN WEST,6,837430327189295104,KlondikeBar,2,SIN,6,12,2155,2515
2024,1051381233009295360,NCAA MOUNTAIN WEST,7,467489585379667968,loganhall17,1,SAINT,8,10,2213,2383
2024,1051381233009295360,NCAA MOUNTAIN WEST,8,325726913966395392,bkoldham,2,SIN,9,9,2289,2327
2024,1051381233009295360,NCAA MOUNTAIN WEST,9,589001974318403584,Mrhawke19,1,SAINT,11,7,2676,2302
2024,1051381233009295360,NCAA MOUNTAIN WEST,10,814354227357908992,Twistedmentat,2,SIN,12,6,2303,2164
2024,1051381233009295360,NCAA MOUNTAIN WEST,11,702897403514159104,bdub3,1,SAINT,13,5,2643,2214
2024,1051381233009295360,NCAA MOUNTAIN WEST,12,734939566091436032,noahdaboa,2,SIN,3,15,1895,2326
2024,1051228339672961024,NCAA BIG 10,1,340600026956906496,CanadaGoose0505,1,EAST,13,5,2627,2398
2024,1051228339672961024,NCAA BIG 10,2,438178170542223360,EthanH,2,WEST,13,5,2709,2208
2024,1051228339672961024,NCAA BIG 10,3,456550391375458304,Clamonte,2,WEST,6,12,1874,2297
2024,1051228339672961024,NCAA BIG 10,4,572115807636807680,BigTexas8,1,EAST,6,12,1999,2322
2024,1051228339672961024,NCAA BIG 10,5,385118789936812032,AngeloCer,1,EAST,5,13,2152,2437
2024,1051228339672961024,NCAA BIG 10,6,460511267564548096,laxbro000,2,WEST,9,9,2436,2350
2024,1051228339672961024,NCAA BIG 10,7,460518714907815936,linkoftime1,2,WEST,14,4,2880,2317
2024,1051228339672961024,NCAA BIG 10,8,519694666546008064,eseromo760,1,EAST,4,14,1909,2410
2024,1051228339672961024,NCAA BIG 10,9,559208653427675136,Klashified,1,EAST,12,6,2533,2332
2024,1051228339672961024,NCAA BIG 10,10,459225788735025152,richardson98,2,WEST,8,10,2078,2214
2024,1051228339672961024,NCAA BIG 10,11,471056290550902784,Schuflakka,2,WEST,8,10,2369,2339
2024,1051228339672961024,NCAA BIG 10,12,443870183853912064,chrispychicken,1,EAST,10,8,2260,2201
2025,1197684159036805120,NCAA OHIO VALLEY,1,571753677428977664,Mistafyer,2,Southern,2,6,974,1119
2025,1197684159036805120,NCAA OHIO VALLEY,2,601198801197260800,LMarkiewicz04,2,Southern,8,0,1145,910
2025,1197684159036805120,NCAA OHIO VALLEY,3,468944645166985216,srcav,2,Southern,3,5,959,987
2025,1197684159036805120,NCAA OHIO VALLEY,4,472879969664495616,ethansherwood22,2,Southern,7,1,1242,1010
2025,1197684159036805120,NCAA OHIO VALLEY,5,474662041341128704,Dreev,1,Yankee,4,4,1082,1077
2025,1197684159036805120,NCAA OHIO VALLEY,6,331558449374593024,leathershoe4,2,Southern,5,3,1192,1030
2025,1197684159036805120,NCAA OHIO VALLEY,7,635700695584043008,charlielol,1,Yankee,2,6,901,963
2025,1197684159036805120,NCAA OHIO VALLEY,8,426756284365160448,mooremc,1,Yankee,1,7,770,1061
2025,1197684159036805120,NCAA OHIO VALLEY,9,347683464398749696,BobbyH95,1,Yankee,3,5,937,1123
2025,1197684159036805120,NCAA OHIO VALLEY,10,594242128851296256,edgeofdefeat,1,Yankee,6,2,1061,1014
2025,1197684159036805120,NCAA OHIO VALLEY,11,638193564806897664,Romantryert,1,Yankee,4,4,1134,1104
2025,1197684159036805120,NCAA OHIO VALLEY,12,300814106795974656,Firephool,2,Southern,3,5,1080,1076
2025,1197683891784134656,NCAA MOUNTAIN WEST,1,596835723861082112,RicochetRay,1,SAINT,6,2,1306,1067
2025,1197683891784134656,NCAA MOUNTAIN WEST,2,463106510101147648,jmdorsey00,2,SIN,4,4,1149,1087
2025,1197683891784134656,NCAA MOUNTAIN WEST,3,560626155833876480,HonoredMexican,1,SAINT,4,4,1108,1016
2025,1197683891784134656,NCAA MOUNTAIN WEST,4,571767410708901888,Kyvend01,2,SIN,1,7,743,1054
2025,1197683891784134656,NCAA MOUNTAIN WEST,5,405986781335408640,RyGuy95,1,SAINT,4,4,842,1102
2025,1197683891784134656,NCAA MOUNTAIN WEST,6,837430327189295104,KlondikeBar,2,SIN,3,5,1010,1039
2025,1197683891784134656,NCAA MOUNTAIN WEST,7,604155835978944512,Vikes1819,1,SAINT,1,7,979,1081
2025,1197683891784134656,NCAA MOUNTAIN WEST,8,325726913966395392,bkoldham,2,SIN,5,3,970,959
2025,1197683891784134656,NCAA MOUNTAIN WEST,9,589001974318403584,Mrhawke19,1,SAINT,5,3,1144,1071
2025,1197683891784134656,NCAA MOUNTAIN WEST,10,814354227357908992,Twistedmentat,2,SIN,6,2,1120,993
2025,1197683891784134656,NCAA MOUNTAIN WEST,11,702897403514159104,bdub3,1,SAINT,5,3,1107,959
2025,1197683891784134656,NCAA MOUNTAIN WEST,12,734939566091436032,noahdaboa,2,SIN,4,4,1010,1060
2025,1197683812742483968,NCAA HISTORICALLY BLACK,1,471427194132885504,PhantomXX,2,Hurricane,6,2,1170,933
2025,1197683812742483968,NCAA HISTORICALLY BLACK,2,726970553457537024,IndyFantasyGod,1,Mississippi River,0,8,567,1067
2025,1197683812742483968,NCAA HISTORICALLY BLACK,3,640052303377952768,lcummings,2,Hurricane,3,5,980,1043
2025,1197683812742483968,NCAA HISTORICALLY BLACK,4,471080793406435328,memphismaniac,1,Mississippi River,3,5,1072,1087
2025,1197683812742483968,NCAA HISTORICALLY BLACK,5,1072700435921838080,DaMagic436,2,Hurricane,7,1,1165,984
2025,1197683812742483968,NCAA HISTORICALLY BLACK,6,692168840821411840,DeanFalcon,2,Hurricane,2,6,839,988
2025,1197683812742483968,NCAA HISTORICALLY BLACK,7,519728067978186752,StrikerS091,1,Mississippi River,3,5,849,960
2025,1197683812742483968,NCAA HISTORICALLY BLACK,8,467835045181124608,wblack2012,1,Mississippi River,7,1,1227,965
2025,1197683812742483968,NCAA HISTORICALLY BLACK,9,1260322259726249984,Pookieboom,2,Hurricane,1,7,852,1051
2025,1197683812742483968,NCAA HISTORICALLY BLACK,10,694233255825719296,bb7661KING,2,Hurricane,5,3,1099,1071
2025,1197683812742483968,NCAA HISTORICALLY BLACK,11,327614483000217600,Jerryb83,1,Mississippi River,5,3,1019,921
2025,1197683812742483968,NCAA HISTORICALLY BLACK,12,520088376557371392,scoobydaeaglemahomes,1,Mississippi River,6,2,1073,841
2025,1197683737584746496,NCAA USA,1,389658700735868928,dh671,2,TWISTER,6,2,1119,898
2025,1197683737584746496,NCAA USA,2,464625836192952320,brooksy33,1,GULF,7,1,1091,1037
2025,1197683737584746496,NCAA USA,3,599286882408394752,Botro,2,TWISTER,5,3,1199,1001
2025,1197683737584746496,NCAA USA,4,692542511834558464,GRIDIRONGANG81,1,GULF,1,7,722,1066
2025,1197683737584746496,NCAA USA,5,866509840124641280,JustTouchdown1221,2,TWISTER,2,6,932,1154
2025,1197683737584746496,NCAA USA,6,560611777479667712,PatrickT21,2,TWISTER,5,3,1125,1062
2025,1197683737584746496,NCAA USA,7,81535409754357760,arandrea,2,TWISTER,3,5,1039,1110
2025,1197683737584746496,NCAA USA,8,605439246030925824,krichknowsbest,2,TWISTER,5,3,1057,906
2025,1197683737584746496,NCAA USA,9,787224085817044992,masshole4eva,1,GULF,5,3,968,868
2025,1197683737584746496,NCAA USA,10,590358219562455040,Woolley69,1,GULF,5,3,993,844
2025,1197683737584746496,NCAA USA,11,460257215329071104,bshouseman,1,GULF,4,4,1026,1048
2025,1197683737584746496,NCAA USA,12,650627977721245696,BroncoZzz,1,GULF,0,8,777,1057
2025,1197683676763148288,NCAA IVY,1,470912510262767616,FlynnD,1,RICH,2,6,993,1141
2025,1197683676763148288,NCAA IVY,2,463212708402032640,Matthew12,2,SMART,1,7,771,1110
2025,1197683676763148288,NCAA IVY,3,480124073456693248,Jrodr71,1,RICH,4,4,984,939
2025,1197683676763148288,NCAA IVY,4,570803989783429120,alecgagnon2001,2,SMART,6,2,1116,983
2025,1197683676763148288,NCAA IVY,5,395321276102627328,ccassidy,1,RICH,6,2,1213,963
2025,1197683676763148288,NCAA IVY,6,1017588201080369152,TJWATTDPOY25,2,SMART,6,2,1107,1005
2025,1197683676763148288,NCAA IVY,7,1135784589957652480,Hambnr,1,RICH,2,6,1016,1158
2025,1197683676763148288,NCAA IVY,8,461688192555282432,PhilupMynuts,2,SMART,7,1,1076,921
2025,1197683676763148288,NCAA IVY,9,82696315553071104,TheBear1973,1,RICH,5,3,1028,946
2025,1197683676763148288,NCAA IVY,10,1142198466060402688,BLACK93BOIZS,2,SMART,0,8,720,1088
2025,1197683676763148288,NCAA IVY,11,460895027179024384,jtheadrick98,1,RICH,4,4,1137,1064
2025,1197683676763148288,NCAA IVY,12,464595147808567296,cobrapanther99,2,SMART,5,3,1185,1028
2025,1197683625282244608,NCAA WILD,1,457579310098673664,LanceBoneau,1,PLAINS,7,1,1302,930
2025,1197683625282244608,NCAA WILD,2,545391514915762176,Hart123,2,VALLEY,5,3,1108,964
2025,1197683625282244608,NCAA WILD,3,441392312380026880,4thdownTD,1,PLAINS,4,4,1024,1062
2025,1197683625282244608,NCAA WILD,4,635935003657723904,matthewitz,2,VALLEY,3,5,739,1004
2025,1197683625282244608,NCAA WILD,5,642578171354484736,FareedB,1,PLAINS,5,3,1104,945
2025,1197683625282244608,NCAA WILD,6,203496917160697856,ThomasHarris,2,VALLEY,5,3,1048,1018
2025,1197683625282244608,NCAA WILD,7,1213324396148572161,mrflack,1,PLAINS,1,7,741,1073
2025,1197683625282244608,NCAA WILD,8,462714981117325312,mku1tra,2,VALLEY,4,4,1075,1032
2025,1197683625282244608,NCAA WILD,9,603083535368134656,MrBarryMcCockiner,1,PLAINS,1,7,713,1034
2025,1197683625282244608,NCAA WILD,10,505166677990699008,olddominion2020,2,VALLEY,6,2,1252,933
2025,1197683625282244608,NCAA WILD,11,434740393972592640,Squinto,1,PLAINS,4,4,990,1004
2025,1197683625282244608,NCAA WILD,12,448446449538035712,DBGiants,2,VALLEY,3,5,984,1080
2025,1197683509209083904,NCAA BIG SKY,1,456258200757334016,WillyP15,2,Colonies,3,5,1012,1104
2025,1197683509209083904,NCAA BIG SKY,2,439255136309604352,PapaCrowther,2,Colonies,4,4,1024,1051
2025,1197683509209083904,NCAA BIG SKY,3,449327253101211648,Beastchewy15,2,Colonies,6,2,1148,942
2025,1197683509209083904,NCAA BIG SKY,4,519439276311531520,Elestial,1,Frontier,4,4,922,1051
2025,1197683509209083904,NCAA BIG SKY,5,465934519652839424,agrakush,2,Colonies,1,7,706,907
2025,1197683509209083904,NCAA BIG SKY,6,424793511431262208,Elwayluva7,1,Frontier,7,1,1278,1026
2025,1197683509209083904,NCAA BIG SKY,7,78892531970359296,fballfreek80,2,Colonies,5,3,1090,914
2025,1197683509209083904,NCAA BIG SKY,8,437413803001376768,Vitus,1,Frontier,7,1,1369,823
2025,1197683509209083904,NCAA BIG SKY,9,448641292377780224,Pinky7373,1,Frontier,2,6,740,981
2025,1197683509209083904,NCAA BIG SKY,10,334014945886748672,thejockytype,2,Colonies,2,6,604,1018
2025,1197683509209083904,NCAA BIG SKY,11,604388962898866176,mgrant55,1,Frontier,2,6,825,1021
2025,1197683509209083904,NCAA BIG SKY,12,519767126595325952,mssullivan2022,1,Frontier,5,3,1076,953
2025,1192383184619986944,NCAA PIONEER,1,533363986486435840,MattJB87,2,FREEDOM,3,5,1049,1113
2025,1192383184619986944,NCAA PIONEER,2,468638573403303936,DownLoMoJo,1,PATRIOT,7,1,1118,913
2025,1192383184619986944,NCAA PIONEER,3,459110344502013952,MyFingerPoints,1,PATRIOT,7,1,1161,895
2025,1192383184619986944,NCAA PIONEER,4,439351925129867264,Daphud,2,FREEDOM,4,4,998,1137
2025,1192383184619986944,NCAA PIONEER,5,432164755709370368,EBurkhart,1,PATRIOT,1,7,718,1049
2025,1192383184619986944,NCAA PIONEER,6,455753261765357568,BDAVIS309,1,PATRIOT,2,6,863,1150
2025,1192383184619986944,NCAA PIONEER,7,398884413687001088,Ortizz,2,FREEDOM,2,6,1020,1126
2025,1192383184619986944,NCAA PIONEER,8,339931221767249920,CrownMeKing,2,FREEDOM,5,3,1137,1062
2025,1192383184619986944,NCAA PIONEER,9,602687087556231168,DictatorBerry,1,PATRIOT,5,3,1122,996
2025,1192383184619986944,NCAA PIONEER,10,315736569111650304,JMullen175,2,FREEDOM,7,1,1146,829
2025,1192383184619986944,NCAA PIONEER,11,325873712534421504,FatPat1251,1,PATRIOT,4,4,1202,1020
2025,1192383184619986944,NCAA PIONEER,12,872594465284677632,UrMomsFavoriteCoach,2,FREEDOM,1,7,849,1094
2025,1192383143762542592,NCAA SUN BELT,1,,Unknown,2,REBEL,5,3,976,1003
2025,1192383143762542592,NCAA SUN BELT,2,873461886535036928,Tommybuckets000,2,REBEL,5,3,959,965
2025,1192383143762542592,NCAA SUN BELT,3,481957045667360768,Prestongee17,1,BIBLE,2,6,938,976
2025,1192383143762542592,NCAA SUN BELT,4,447283305738399744,lucchityler,2,REBEL,3,5,778,937
2025,1192383143762542592,NCAA SUN BELT,5,546466738316963840,PackMan1212,1,BIBLE,2,6,905,1078
2025,1192383143762542592,NCAA SUN BELT,6,465019661495300096,Raidersforte,2,REBEL,5,3,1109,917
2025,1192383143762542592,NCAA SUN BELT,7,547214728132608000,alphabeasttt,1,BIBLE,6,2,1148,1029
2025,1192383143762542592,NCAA SUN BELT,8,441362521463451648,yoboihawks,2,REBEL,4,4,1043,921
2025,1192383143762542592,NCAA SUN BELT,9,380128482900062208,denvermanning,1,BIBLE,5,3,1004,971
2025,1192383143762542592,NCAA SUN BELT,10,441330448283463680,Fr3shBC11,1,BIBLE,2,6,767,964
2025,1192383143762542592,NCAA SUN BELT,11,1235453121577111552,Resolhjk,1,BIBLE,5,3,998,932
2025,1192383143762542592,NCAA SUN BELT,12,465297932204109824,utsa,2,REBEL,4,4,1033,967
2025,1192383107391332352,NCAA BIG 12,1,446530486903238656,BigSexy3422,1,HEAT,2,6,907,1027
2025,1192383107391332352,NCAA BIG 12,2,667752373111824384,trev7293,2,WIND,4,4,929,1045
2025,1192383107391332352,NCAA BIG 12,3,533541056352481280,DavidJimm,2,WIND,5,3,1003,941
2025,1192383107391332352,NCAA BIG 12,4,425362114291437568,deadheadshane,1,HEAT,5,3,1183,1057
2025,1192383107391332352,NCAA BIG 12,5,464117743042424832,robertlouis7,1,HEAT,8,0,1443,982
2025,1192383107391332352,NCAA BIG 12,6,335910160469880832,elianbruger,1,HEAT,3,5,1044,1008
2025,1192383107391332352,NCAA BIG 12,7,425386065373691904,Frankeen,2,WIND,5,3,1124,1012
2025,1192383107391332352,NCAA BIG 12,8,543929284962770944,alicho,1,HEAT,4,4,1037,1092
2025,1192383107391332352,NCAA BIG 12,9,453711063846744064,rchau56,2,WIND,3,5,903,1061
2025,1192383107391332352,NCAA BIG 12,10,989926421084557312,FalconsRULE7,2,WIND,0,8,600,1036
2025,1192383107391332352,NCAA BIG 12,11,619190004979138560,CousinMose15,1,HEAT,5,3,1081,1057
2025,1192383107391332352,NCAA BIG 12,12,820771678849171456,Gangly22,2,WIND,4,4,1113,1047
2025,1192383069776863232,NCAA ACC,1,571754879825395712,ChrisW21,2,COASTAL,7,1,1119,937
2025,1192383069776863232,NCAA ACC,2,568115266901286912,MattyBent,2,COASTAL,3,5,1029,1014
2025,1192383069776863232,NCAA ACC,3,870105403659309056,spendawg,2,COASTAL,3,5,846,1035
2025,1192383069776863232,NCAA ACC,4,455836851501002752,landonh12,2,COASTAL,2,6,908,1060
2025,1192383069776863232,NCAA ACC,5,468618720470626304,Yarby,1,ATLANTIC,3,5,1026,1090
2025,1192383069776863232,NCAA ACC,6,463453800313647104,WhiskyScientist,1,ATLANTIC,3,5,1031,1001
2025,1192383069776863232,NCAA ACC,7,453658285061435392,fatalbeast,2,COASTAL,7,1,1037,997
2025,1192383069776863232,NCAA ACC,8,456168604006608896,eperedetto,1,ATLANTIC,2,6,1003,1123
2025,1192383069776863232,NCAA ACC,9,668318967567323136,markandrewsisthegoat,2,COASTAL,2,6,996,1062
2025,1192383069776863232,NCAA ACC,10,713189676609003520,LetsGooooo365,1,ATLANTIC,5,3,1128,1133
2025,1192383069776863232,NCAA ACC,11,458070829909929984,Campbell8,1,ATLANTIC,4,4,1163,1193
2025,1192383069776863232,NCAA ACC,12,302575527556825088,dilbennett,1,ATLANTIC,7,1,1343,987
2025,1192383038721757184,NCAA PAC 12,1,917575404431831040,nshox2,2,SOUTH,0,8,673,1108
2025,1192383038721757184,NCAA PAC 12,2,709857172258881536,KamaraGOAT41,2,SOUTH,4,4,1108,982
2025,1192383038721757184,NCAA PAC 12,3,470320542868566016,Dunebuggy619,1,NORTH,4,4,1011,1135
2025,1192383038721757184,NCAA PAC 12,4,477666723663704064,chzhead412,1,NORTH,6,2,1189,1039
2025,1192383038721757184,NCAA PAC 12,5,454372407956729856,laynemercer,1,NORTH,4,4,971,962
2025,1192383038721757184,NCAA PAC 12,6,338823136923381760,samggannon,1,NORTH,5,3,949,795
2025,1192383038721757184,NCAA PAC 12,7,597246797479469056,wrightc214,2,SOUTH,6,2,1398,1046
2025,1192383038721757184,NCAA PAC 12,8,460348260653985792,keppin,2,SOUTH,2,6,785,1017
2025,1192383038721757184,NCAA PAC 12,9,519390092788297728,ScottyW13,1,NORTH,1,7,777,1205
2025,1192383038721757184,NCAA PAC 12,10,534619662650601472,ImagineWiigons,1,NORTH,6,2,1098,861
2025,1192383038721757184,NCAA PAC 12,11,76460245878456320,seniormeow,2,SOUTH,3,5,935,970
2025,1192383038721757184,NCAA PAC 12,12,450806182555152384,lmerkouSaints,2,SOUTH,7,1,1220,995
2025,1188461140190814208,NCAA SEC,1,441458152391569408,tedman546,1,EAST,2,6,1015,1057
2025,1188461140190814208,NCAA SEC,2,508516852143693824,errand,2,WEST,6,2,1170,1039
2025,1188461140190814208,NCAA SEC,3,457957045534978048,ChadLowe,1,EAST,3,5,964,985
2025,1188461140190814208,NCAA SEC,4,446524535810813952,ahhchainsaw,2,WEST,4,4,1095,1017
2025,1188461140190814208,NCAA SEC,5,562032371824951296,ryank45,2,WEST,3,5,916,1092
2025,1188461140190814208,NCAA SEC,6,510556455562792960,thatmansanti,2,WEST,7,1,1315,985
2025,1188461140190814208,NCAA SEC,7,461680102409760768,kodakjack,1,EAST,1,7,721,972
2025,1188461140190814208,NCAA SEC,8,634614368377589760,MENDl,1,EAST,3,5,819,870
2025,1188461140190814208,NCAA SEC,9,1113534815812308992,booogzz,1,EAST,4,4,858,903
2025,1188461140190814208,NCAA SEC,10,738509609173684224,PigMinnow,1,EAST,7,1,1153,947
2025,1188461140190814208,NCAA SEC,11,560284880620699648,devbovino,2,WEST,6,2,1052,951
2025,1188461140190814208,NCAA SEC,12,445468333035220992,JosephMarin07,2,WEST,2,6,806,1066
2025,1187162832969211904,NCAA BIG 10,1,465720627639087104,Mo00,1,EAST,3,5,919,1021
2025,1187162832969211904,NCAA BIG 10,2,438178170542223360,EthanH,2,WEST,5,3,1222,916
2025,1187162832969211904,NCAA BIG 10,3,437465313911500800,kfitch3p,2,WEST,1,7,718,1027
2025,1187162832969211904,NCAA BIG 10,4,572115807636807680,BigTexas8,1,EAST,4,4,913,999
2025,1187162832969211904,NCAA BIG 10,5,385118789936812032,AngeloCer,1,EAST,2,6,942,1096
2025,1187162832969211904,NCAA BIG 10,6,460511267564548096,laxbro000,2,WEST,5,3,995,1018
2025,1187162832969211904,NCAA BIG 10,7,460518714907815936,linkoftime1,2,WEST,6,2,1378,1055
2025,1187162832969211904,NCAA BIG 10,8,1224029555879055360,sirlukedude,1,EAST,3,5,940,971
2025,1187162832969211904,NCAA BIG 10,9,559208653427675136,Klashified,1,EAST,5,3,1182,1022
2025,1187162832969211904,NCAA BIG 10,10,459225788735025152,richardson98,2,WEST,3,5,1002,1171
2025,1187162832969211904,NCAA BIG 10,11,471056290550902784,Schuflakka,2,WEST,6,2,1146,1091
2025,1187162832969211904,NCAA BIG 10,12,443870183853912064,chrispychicken,1,EAST,5,3,1054,1022
2025,1183984327853932544,NCAA BIG EAST & CO.,1,1087519270663258112,sblau24,2,NORTHEAST,3,5,975,1091
2025,1183984327853932544,NCAA BIG EAST & CO.,2,1171256102760251392,hurlken,2,NORTHEAST,3,5,852,1066
2025,1183984327853932544,NCAA BIG EAST & CO.,3,718415247781732352,averagedude23,1,MIDEAST,5,3,895,917
2025,1183984327853932544,NCAA BIG EAST & CO.,4,456129190995947520,vinceA762,1,MIDEAST,7,1,1146,932
2025,1183984327853932544,NCAA BIG EAST & CO.,5,836025225756934144,GuhhhhReggggg38,2,NORTHEAST,4,4,996,1015
2025,1183984327853932544,NCAA BIG EAST & CO.,6,443323427143544832,joonbug,1,MIDEAST,5,3,1192,1066
2025,1183984327853932544,NCAA BIG EAST & CO.,7,456159345906806784,CodeKhaos,2,NORTHEAST,7,1,1322,1056
2025,1183984327853932544,NCAA BIG EAST & CO.,8,456167283761344512,Claser,2,NORTHEAST,3,5,1072,993
2025,1183984327853932544,NCAA BIG EAST & CO.,9,802480422482206720,JEANTY,1,MIDEAST,3,5,863,1021
2025,1183984327853932544,NCAA BIG EAST & CO.,10,525476420444688384,ThadCastleGOATS,1,MIDEAST,3,5,1062,1011
2025,1183984327853932544,NCAA BIG EAST & CO.,11,456182244336201728,Ianiners,2,NORTHEAST,0,8,797,1125
2025,1183984327853932544,NCAA BIG EAST & CO.,12,64174089933570048,ryno,1,MIDEAST,5,3,1090,969
