Year,Week,Award,Team,League,Opponent,Value,ValueLabel
2026,2,BadBeat,Botro,NCAA USA,arandrea,172.82,points (lost anyway)
2026,2,BenchTragedy,mooremc,NCAA OHIO VALLEY,charlielol,36.7,bench points left on the bench
2026,2,BiggestBlowout,thatmansanti,NCAA SEC,devbovino,149.46,point margin
2026,2,ClosestGame,lmkl,NCAA WILD,DBGiants,0.16,point margin
2026,2,HighestScore,linkoftime1,NCAA BIG 10,Schuflakka,253.72,points
2026,2,LowestScore,Pinky7373,NCAA BIG SKY,mgrant55,38.28,points
2026,2,LuckyWin,mgrant55,NCAA BIG SKY,Pinky7373,56.62,points (won anyway)
2026,3,BadBeat,Vitus,NCAA BIG SKY,mssullivan2022,156.56,points (lost anyway)
2026,3,BenchTragedy,sblau24,NCAA BIG EAST & CO.,Claser,0.0,bench points left on the bench
2026,3,BiggestBlowout,GRIDIRONGANG81,NCAA USA,bshouseman,127.44,point margin
2026,3,ClosestGame,olddominion2020,NCAA WILD,DBGiants,0.18,point margin
2026,3,HighestScore,LanceBoneau,NCAA WILD,FareedB,210.24,points
2026,3,LowestScore,Pinky7373,NCAA BIG SKY,Elwayluva7,37.58,points
2026,3,LuckyWin,Neilsondug,NCAA SEC,tedman546,82.38,points (won anyway)
